date, pm25
2025/8/1, 7
2025/8/2, 11
2025/8/3, 13
2025/8/4, 10
2025/8/5, 11
2025/8/6, 10
2025/8/7, 4
2025/8/8, 8
2025/8/9, 17
2025/8/10, 20
2025/8/11, 12
2025/8/12, 15
2025/8/13, 5
2025/8/14, 8
2025/8/15, 13
2025/8/16, 21
2025/8/17, 17
2025/8/18, 5
2025/8/19, 8
2025/7/1, 3
2025/7/2, 4
2025/7/3, 8
2025/7/4, 14
2025/7/5, 24
2025/7/6, 23
2025/7/7, 19
2025/7/8, 10
2025/7/9, 6
2025/7/10, 6
2025/7/11, 8
2025/7/12, 12
2025/7/13, 7
2025/7/14, 9
2025/7/15, 9
2025/7/16, 11
2025/7/17, 11
2025/7/18, 16
2025/7/19, 9
2025/7/20, 16
2025/7/21, 12
2025/7/22, 5
2025/7/23, 9
2025/7/24, 9
2025/7/25, 8
2025/7/26, 3
2025/7/27, 4
2025/7/28, 5
2025/7/29, 7
2025/7/30, 4
2025/7/31, 5
2025/4/1, 5
2025/4/2, 33
2025/4/3, 27
2025/4/4, 12
2025/4/5, 8
2025/4/6, 6
2025/4/7, 5
2025/4/8, 11
2025/4/9, 12
2025/4/10, 14
2025/4/11, 13
2025/4/12, 18
2025/4/13, 20
2025/4/14, 14
2025/4/15, 24
2025/4/16, 21
2025/4/17, 24
2025/4/18, 27
2025/4/19, 20
2025/4/20, 8
2025/4/21, 5
2025/4/22, 10
2025/4/23, 7
2025/4/24, 13
2025/4/25, 35
2025/4/26, 8
2025/4/27, 4
2025/4/28, 4
2025/4/29, 3
2025/4/30, 5
2025/5/1, 5
2025/5/2, 11
2025/5/3, 23
2025/5/4, 26
2025/5/5, 12
2025/5/6, 4
2025/5/7, 5
2025/5/8, 8
2025/5/9, 6
2025/5/10, 26
2025/5/11, 20
2025/5/12, 11
2025/5/13, 17
2025/5/14, 20
2025/5/15, 9
2025/5/16, 8
2025/5/17, 4
2025/5/18, 4
2025/5/19, 3
2025/5/20, 12
2025/5/21, 27
2025/5/22, 19
2025/5/23, 14
2025/5/24, 20
2025/5/25, 6
2025/5/26, 14
2025/5/27, 4
2025/5/28, 5
2025/5/29, 5
2025/5/31, 24
2025/6/1, 37
2025/6/2, 47
2025/6/3, 27
2025/6/4, 4
2025/6/5, 24
2025/6/6, 15
2025/6/7, 5
2025/6/8, 3
2025/6/9, 6
2025/6/10, 6
2025/6/11, 19
2025/6/12, 39
2025/6/13, 18
2025/6/14, 36
2025/6/15, 15
2025/6/16, 6
2025/6/17, 8
2025/6/18, 10
2025/6/19, 15
2025/6/20, 23
2025/6/21, 46
2025/6/22, 31
2025/6/23, 8
2025/6/24, 11
2025/6/25, 4
2025/6/26, 8
2025/6/27, 9
2025/6/28, 23
2025/6/29, 17
2025/6/30, 5
2025/1/1, 5
2025/1/2, 7
2025/1/3, 7
2025/1/4, 6
2025/1/5, 7
2025/1/6, 4
2025/1/7, 5
2025/1/8, 10
2025/1/9, 7
2025/1/10, 8
2025/1/11, 8
2025/1/12, 7
2025/1/13, 10
2025/1/14, 9
2025/1/15, 11
2025/1/16, 6
2025/1/17, 5
2025/1/18, 6
2025/1/19, 5
2025/1/20, 9
2025/1/21, 12
2025/1/22, 7
2025/1/23, 8
2025/1/24, 5
2025/1/25, 5
2025/1/26, 5
2025/1/27, 17
2025/1/28, 8
2025/1/29, 8
2025/2/4, 41
2025/2/5, 65
2025/2/6, 86
2025/2/7, 74
2025/2/8, 55
2025/2/9, 27
2025/2/10, 15
2025/2/11, 16
2025/2/12, 15
2025/2/13, 22
2025/2/14, 15
2025/2/15, 11
2025/2/16, 9
2025/2/17, 10
2025/2/18, 14
2025/2/19, 7
2025/2/20, 14
2025/2/21, 25
2025/2/22, 29
2025/2/23, 21
2025/2/24, 22
2025/2/25, 22
2025/2/26, 27
2025/2/27, 17
2025/2/28, 12
2025/3/1, 13
2025/3/2, 15
2025/3/3, 18
2025/3/4, 25
2025/3/5, 25
2025/3/6, 44
2025/3/7, 40
2025/3/8, 19
2025/3/9, 12
2025/3/10, 24
2025/3/11, 28
2025/3/12, 22
2025/3/13, 19
2025/3/14, 17
2025/3/15, 13
2025/3/16, 10
2025/3/17, 5
2025/3/18, 6
2025/3/19, 10
2025/3/20, 9
2025/3/21, 4
2025/3/22, 7
2025/3/23, 5
2025/3/24, 9
2025/3/25, 16
2025/3/26, 17
2025/3/27, 15
2025/3/28, 25
2025/3/29, 15
2025/3/30, 10
2025/3/31, 7
2024/10/1, 7
2024/10/2, 11
2024/10/3, 15
2024/10/4, 9
2024/10/5, 6
2024/10/6, 7
2024/10/7, 8
2024/10/8, 5
2024/10/9, 4
2024/10/10, 8
2024/10/11, 8
2024/10/12, 10
2024/10/13, 10
2024/10/14, 10
2024/10/15, 14
2024/10/16, 9
2024/10/17, 9
2024/10/18, 7
2024/10/19, 4
2024/10/20, 5
2024/10/21, 15
2024/10/22, 17
2024/10/23, 8
2024/10/24, 5
2024/10/25, 3
2024/10/26, 4
2024/10/27, 6
2024/10/28, 8
2024/10/29, 8
2024/10/30, 5
2024/10/31, 3
2024/11/1, 4
2024/11/2, 7
2024/11/3, 6
2024/11/4, 8
2024/11/5, 7
2024/11/6, 9
2024/11/7, 4
2024/11/8, 4
2024/11/9, 8
2024/11/10, 8
2024/11/11, 7
2024/11/12, 8
2024/11/13, 7
2024/11/14, 7
2024/11/15, 5
2024/11/16, 10
2024/11/17, 6
2024/11/18, 5
2024/11/19, 5
2024/11/20, 6
2024/11/21, 9
2024/11/22, 12
2024/11/23, 8
2024/11/24, 9
2024/11/25, 19
2024/11/26, 13
2024/11/27, 5
2024/11/28, 5
2024/11/29, 16
2024/11/30, 7
2024/12/1, 3
2024/12/2, 4
2024/12/3, 6
2024/12/4, 7
2024/12/5, 7
2024/12/6, 9
2024/12/7, 7
2024/12/8, 7
2024/12/9, 5
2024/12/10, 6
2024/12/11, 5
2024/12/12, 4
2024/12/13, 3
2024/12/14, 5
2024/12/15, 6
2024/12/16, 10
2024/12/17, 19
2024/12/18, 8
2024/12/19, 7
2024/12/20, 15
2024/12/21, 23
2024/12/22, 17
2024/12/23, 5
2024/12/24, 4
2024/12/25, 5
2024/12/26, 7
2024/12/27, 15
2024/12/28, 6
2024/12/29, 5
2024/7/1, 4
2024/7/2, 5
2024/7/3, 6
2024/7/4, 10
2024/7/5, 10
2024/7/6, 34
2024/7/7, 26
2024/7/8, 7
2024/7/9, 5
2024/7/10, 8
2024/7/11, 7
2024/7/12, 5
2024/7/13, 13
2024/7/14, 9
2024/7/15, 7
2024/7/16, 4
2024/7/17, 6
2024/7/18, 9
2024/7/19, 4
2024/7/20, 9
2024/7/21, 17
2024/7/22, 10
2024/7/23, 7
2024/7/24, 6
2024/7/25, 7
2024/7/26, 7
2024/7/27, 5
2024/7/28, 4
2024/7/29, 6
2024/7/30, 8
2024/7/31, 12
2024/8/1, 24
2024/8/2, 14
2024/8/3, 15
2024/8/4, 18
2024/8/5, 21
2024/8/6, 22
2024/8/7, 15
2024/8/8, 12
2024/8/9, 16
2024/8/10, 14
2024/8/11, 19
2024/8/12, 25
2024/8/13, 33
2024/8/14, 26
2024/8/15, 20
2024/8/16, 16
2024/8/17, 4
2024/8/18, 9
2024/8/19, 20
2024/8/20, 12
2024/8/21, 10
2024/8/22, 12
2024/8/23, 9
2024/8/24, 13
2024/8/25, 12
2024/8/26, 7
2024/8/27, 6
2024/8/28, 9
2024/8/29, 15
2024/8/30, 12
2024/8/31, 10
2024/9/1, 8
2024/9/2, 9
2024/9/3, 16
2024/9/4, 12
2024/9/5, 16
2024/9/6, 13
2024/9/7, 9
2024/9/8, 7
2024/9/9, 5
2024/9/10, 7
2024/9/11, 12
2024/9/12, 6
2024/9/13, 6
2024/9/14, 4
2024/9/15, 5
2024/9/16, 4
2024/9/17, 6
2024/9/18, 10
2024/9/19, 6
2024/9/20, 4
2024/9/21, 4
2024/9/22, 5
2024/9/23, 5
2024/9/24, 8
2024/9/25, 5
2024/9/26, 7
2024/9/27, 10
2024/9/28, 9
2024/9/29, 6
2024/9/30, 8
2024/4/1, 37
2024/4/2, 5
2024/4/3, 4
2024/4/4, 10
2024/4/5, 22
2024/4/6, 16
2024/4/7, 20
2024/4/8, 8
2024/4/9, 5
2024/4/10, 3
2024/4/11, 2
2024/4/12, 10
2024/4/13, 5
2024/4/14, 22
2024/4/15, 33
2024/4/16, 30
2024/4/17, 6
2024/4/18, 10
2024/4/19, 8
2024/4/20, 7
2024/4/21, 19
2024/4/22, 33
2024/4/23, 41
2024/4/24, 4
2024/4/25, 6
2024/4/26, 5
2024/4/27, 10
2024/4/28, 33
2024/4/29, 28
2024/4/30, 11
2024/5/1, 13
2024/5/2, 23
2024/5/3, 28
2024/5/4, 48
2024/5/5, 30
2024/5/6, 12
2024/5/7, 23
2024/5/8, 38
2024/5/9, 42
2024/5/10, 15
2024/5/11, 10
2024/5/12, 5
2024/5/13, 16
2024/5/14, 9
2024/5/15, 14
2024/5/16, 12
2024/5/17, 12
2024/5/18, 7
2024/5/19, 11
2024/5/20, 4
2024/5/21, 4
2024/5/22, 7
2024/5/23, 14
2024/5/24, 11
2024/5/25, 38
2024/5/26, 38
2024/5/27, 35
2024/5/28, 30
2024/5/29, 43
2024/5/30, 17
2024/5/31, 10
2024/6/1, 6
2024/6/2, 6
2024/6/3, 7
2024/6/4, 19
2024/6/5, 12
2024/6/6, 10
2024/6/7, 9
2024/6/8, 24
2024/6/9, 12
2024/6/10, 12
2024/6/11, 7
2024/6/12, 7
2024/6/13, 7
2024/6/14, 21
2024/6/15, 12
2024/6/16, 6
2024/6/17, 7
2024/6/18, 6
2024/6/19, 24
2024/6/20, 31
2024/6/21, 14
2024/6/22, 7
2024/6/23, 18
2024/6/24, 26
2024/6/25, 6
2024/6/26, 5
2024/6/27, 11
2024/6/28, 11
2024/6/29, 6
2024/6/30, 6
2024/1/1, 11
2024/1/2, 11
2024/1/3, 11
2024/1/4, 14
2024/1/5, 15
2024/1/6, 10
2024/1/7, 7
2024/1/8, 5
2024/1/9, 7
2024/1/10, 13
2024/1/11, 11
2024/1/12, 17
2024/1/13, 17
2024/1/14, 11
2024/1/15, 6
2024/1/16, 5
2024/1/17, 5
2024/1/18, 5
2024/1/19, 4
2024/1/20, 6
2024/1/21, 7
2024/1/22, 4
2024/1/23, 9
2024/1/24, 7
2024/1/25, 10
2024/1/26, 6
2024/1/27, 6
2024/1/28, 4
2024/1/29, 7
2024/1/30, 8
2024/1/31, 7
2024/2/1, 5
2024/2/2, 7
2024/2/3, 10
2024/2/4, 7
2024/2/5, 8
2024/2/6, 3
2024/2/7, 4
2024/2/8, 11
2024/2/9, 12
2024/2/10, 14
2024/2/11, 12
2024/2/12, 11
2024/2/13, 17
2024/2/14, 6
2024/2/15, 7
2024/2/16, 14
2024/2/17, 20
2024/2/18, 7
2024/2/19, 5
2024/2/20, 10
2024/2/21, 9
2024/2/22, 10
2024/2/23, 14
2024/2/24, 14
2024/2/25, 22
2024/2/26, 14
2024/2/27, 9
2024/2/28, 16
2024/2/29, 9
2024/3/1, 9
2024/3/2, 6
2024/3/3, 9
2024/3/4, 12
2024/3/5, 13
2024/3/6, 13
2024/3/7, 8
2024/3/8, 18
2024/3/9, 23
2024/3/10, 15
2024/3/11, 16
2024/3/12, 15
2024/3/13, 12
2024/3/14, 15
2024/3/15, 13
2024/3/16, 12
2024/3/17, 10
2024/3/18, 18
2024/3/19, 16
2024/3/20, 6
2024/3/21, 7
2024/3/22, 11
2024/3/23, 12
2024/3/24, 11
2024/3/25, 18
2024/3/26, 12
2024/3/27, 26
2024/3/30, 35
2024/3/31, 27
2023/10/1, 19
2023/10/2, 30
2023/10/3, 21
2023/10/4, 9
2023/10/5, 14
2023/10/6, 16
2023/10/10, 5
2023/10/11, 8
2023/10/12, 5
2023/10/13, 3
2023/10/14, 5
2023/10/15, 5
2023/10/16, 5
2023/10/17, 8
2023/10/18, 8
2023/10/19, 5
2023/10/20, 13
2023/10/21, 13
2023/10/22, 3
2023/10/23, 7
2023/10/24, 6
2023/10/25, 5
2023/10/26, 3
2023/10/27, 11
2023/10/28, 8
2023/10/29, 7
2023/10/30, 6
2023/10/31, 6
2023/11/1, 6
2023/11/2, 8
2023/11/3, 6
2023/11/4, 9
2023/11/6, 13
2023/11/7, 11
2023/11/8, 10
2023/11/9, 18
2023/11/10, 21
2023/11/11, 15
2023/11/12, 7
2023/11/13, 5
2023/11/14, 11
2023/11/15, 6
2023/11/16, 5
2023/11/17, 6
2023/11/18, 5
2023/11/19, 16
2023/11/20, 15
2023/11/21, 26
2023/11/22, 11
2023/11/23, 27
2023/11/24, 7
2023/11/25, 9
2023/11/26, 6
2023/11/27, 7
2023/11/28, 8
2023/11/29, 4
2023/11/30, 5
2023/12/1, 7
2023/12/2, 10
2023/12/3, 8
2023/12/4, 7
2023/12/5, 9
2023/12/6, 7
2023/12/7, 10
2023/12/8, 15
2023/12/9, 19
2023/12/10, 12
2023/12/11, 21
2023/12/12, 30
2023/12/13, 31
2023/12/14, 3
2023/12/15, 5
2023/12/16, 5
2023/12/17, 6
2023/12/18, 11
2023/12/19, 5
2023/12/20, 5
2023/12/21, 7
2023/12/22, 5
2023/12/23, 8
2023/12/24, 9
2023/12/25, 5
2023/12/26, 5
2023/12/27, 12
2023/12/28, 4
2023/12/29, 6
2023/12/30, 5
2023/12/31, 11
2023/7/1, 13
2023/7/2, 12
2023/7/3, 18
2023/7/4, 21
2023/7/5, 16
2023/7/6, 13
2023/7/7, 12
2023/7/8, 20
2023/7/9, 18
2023/7/10, 15
2023/7/11, 21
2023/7/12, 20
2023/7/13, 17
2023/7/14, 18
2023/7/15, 17
2023/7/16, 28
2023/7/17, 21
2023/7/18, 19
2023/7/19, 21
2023/7/20, 22
2023/7/21, 18
2023/7/22, 24
2023/7/23, 19
2023/7/24, 11
2023/7/25, 12
2023/7/26, 21
2023/7/27, 26
2023/7/28, 22
2023/7/29, 24
2023/7/30, 20
2023/7/31, 16
2023/8/1, 17
2023/8/2, 18
2023/8/3, 23
2023/8/4, 19
2023/8/5, 12
2023/8/6, 12
2023/8/7, 13
2023/8/8, 17
2023/8/9, 24
2023/8/10, 16
2023/8/11, 19
2023/8/12, 24
2023/8/13, 16
2023/8/14, 15
2023/8/15, 11
2023/8/16, 20
2023/8/17, 21
2023/8/18, 17
2023/8/19, 17
2023/8/20, 14
2023/8/21, 14
2023/8/22, 10
2023/8/23, 16
2023/8/24, 15
2023/8/25, 17
2023/8/26, 23
2023/8/27, 25
2023/8/28, 29
2023/8/29, 27
2023/8/30, 15
2023/8/31, 12
2023/9/1, 25
2023/9/2, 29
2023/9/3, 27
2023/9/4, 18
2023/9/5, 20
2023/9/6, 29
2023/9/7, 17
2023/9/8, 11
2023/9/9, 21
2023/9/10, 18
2023/9/11, 19
2023/9/12, 21
2023/9/13, 20
2023/9/14, 22
2023/9/15, 24
2023/9/16, 25
2023/9/17, 21
2023/9/18, 22
2023/9/19, 25
2023/9/20, 23
2023/9/21, 14
2023/9/22, 18
2023/9/23, 20
2023/9/24, 29
2023/9/25, 24
2023/9/26, 24
2023/9/27, 28
2023/9/28, 19
2023/9/29, 22
2023/9/30, 26
2023/4/1, 14
2023/4/2, 27
2023/4/3, 22
2023/4/4, 45
2023/4/5, 59
2023/4/6, 66
2023/4/7, 33
2023/4/8, 26
2023/4/9, 15
2023/4/10, 9
2023/4/11, 19
2023/4/12, 18
2023/4/13, 25
2023/4/14, 26
2023/4/18, 21
2023/4/19, 15
2023/4/20, 21
2023/4/21, 11
2023/4/22, 19
2023/4/23, 13
2023/4/24, 33
2023/4/25, 32
2023/4/26, 35
2023/4/27, 37
2023/4/28, 18
2023/4/29, 18
2023/4/30, 13
2023/5/1, 21
2023/5/2, 17
2023/5/3, 19
2023/5/4, 13
2023/5/5, 24
2023/5/6, 15
2023/5/7, 14
2023/5/8, 12
2023/5/9, 11
2023/5/10, 10
2023/5/11, 22
2023/5/12, 29
2023/5/13, 22
2023/5/14, 30
2023/5/15, 37
2023/5/16, 21
2023/5/17, 15
2023/5/18, 13
2023/5/19, 15
2023/5/20, 16
2023/5/21, 15
2023/5/22, 30
2023/5/23, 25
2023/5/24, 24
2023/5/25, 23
2023/5/26, 12
2023/5/27, 16
2023/5/28, 16
2023/5/29, 22
2023/5/30, 11
2023/5/31, 17
2023/6/1, 19
2023/6/2, 30
2023/6/3, 18
2023/6/4, 20
2023/6/5, 11
2023/6/6, 12
2023/6/7, 14
2023/6/8, 13
2023/6/9, 17
2023/6/10, 21
2023/6/11, 24
2023/6/12, 17
2023/6/13, 11
2023/6/14, 13
2023/6/15, 17
2023/6/16, 12
2023/6/17, 11
2023/6/18, 11
2023/6/19, 12
2023/6/20, 19
2023/6/21, 15
2023/6/22, 17
2023/6/23, 12
2023/6/24, 11
2023/6/25, 16
2023/6/26, 18
2023/6/27, 17
2023/6/28, 19
2023/6/29, 16
2023/6/30, 15
2023/1/2, 25
2023/1/3, 12
2023/1/4, 15
2023/1/5, 16
2023/1/6, 17
2023/1/7, 18
2023/1/8, 27
2023/1/9, 25
2023/1/10, 29
2023/1/11, 32
2023/1/12, 34
2023/1/13, 39
2023/1/14, 39
2023/1/15, 21
2023/1/16, 29
2023/1/17, 34
2023/1/18, 19
2023/1/19, 15
2023/1/20, 20
2023/1/21, 23
2023/1/22, 28
2023/1/23, 29
2023/1/24, 22
2023/1/25, 22
2023/1/26, 19
2023/1/27, 25
2023/1/28, 22
2023/1/29, 14
2023/1/30, 19
2023/1/31, 15
2023/2/1, 14
2023/2/2, 21
2023/2/3, 15
2023/2/4, 20
2023/2/5, 14
2023/2/6, 17
2023/2/7, 9
2023/2/8, 26
2023/2/9, 30
2023/2/10, 31
2023/2/11, 32
2023/2/12, 17
2023/2/13, 22
2023/2/14, 26
2023/2/15, 31
2023/2/16, 31
2023/2/17, 27
2023/2/18, 28
2023/2/19, 21
2023/2/20, 26
2023/2/21, 16
2023/2/22, 22
2023/2/23, 17
2023/2/24, 24
2023/2/25, 19
2023/2/26, 14
2023/2/27, 15
2023/2/28, 20
2023/3/1, 14
2023/3/2, 19
2023/3/3, 23
2023/3/4, 23
2023/3/5, 21
2023/3/6, 17
2023/3/7, 19
2023/3/8, 16
2023/3/9, 10
2023/3/10, 16
2023/3/11, 24
2023/3/12, 19
2023/3/13, 15
2023/3/14, 27
2023/3/15, 28
2023/3/16, 37
2023/3/17, 22
2023/3/18, 24
2023/3/19, 20
2023/3/20, 16
2023/3/21, 15
2023/3/22, 26
2023/3/23, 29
2023/3/24, 24
2023/3/25, 17
2023/3/26, 24
2023/3/27, 29
2023/3/28, 24
2023/3/29, 17
2023/3/30, 15
2023/3/31, 18
2022/10/1, 18
2022/10/2, 19
2022/10/3, 25
2022/10/4, 21
2022/10/5, 14
2022/10/6, 11
2022/10/7, 14
2022/10/8, 14
2022/10/9, 15
2022/10/10, 18
2022/10/11, 20
2022/10/12, 22
2022/10/13, 9
2022/10/14, 19
2022/10/15, 16
2022/10/16, 21
2022/10/17, 19
2022/10/18, 20
2022/10/19, 23
2022/10/20, 24
2022/10/21, 24
2022/10/25, 18
2022/10/26, 10
2022/10/27, 6
2022/10/28, 13
2022/10/29, 12
2022/10/30, 10
2022/10/31, 10
2022/11/1, 11
2022/11/2, 15
2022/11/3, 12
2022/11/4, 13
2022/11/5, 15
2022/11/6, 20
2022/11/7, 22
2022/11/8, 25
2022/11/9, 19
2022/11/10, 20
2022/11/11, 19
2022/11/12, 15
2022/11/13, 14
2022/11/14, 18
2022/11/15, 15
2022/11/16, 15
2022/11/17, 16
2022/11/18, 23
2022/11/19, 13
2022/11/20, 16
2022/11/21, 15
2022/11/22, 16
2022/11/23, 10
2022/11/24, 16
2022/11/25, 20
2022/11/26, 25
2022/11/27, 15
2022/11/30, 23
2022/12/1, 9
2022/12/5, 16
2022/12/6, 16
2022/12/7, 18
2022/12/8, 12
2022/12/9, 13
2022/12/10, 20
2022/12/11, 22
2022/12/12, 11
2022/12/13, 13
2022/12/14, 14
2022/12/15, 13
2022/12/16, 19
2022/12/17, 16
2022/12/18, 20
2022/12/19, 23
2022/12/20, 27
2022/12/21, 23
2022/12/22, 26
2022/12/23, 18
2022/12/26, 23
2022/12/27, 28
2022/12/28, 14
2022/12/29, 24
2022/12/30, 33
2022/12/31, 26
2023/1/1, 31
2022/7/1, 13
2022/7/2, 13
2022/7/3, 10
2022/7/4, 14
2022/7/5, 11
2022/7/6, 15
2022/7/7, 17
2022/7/8, 13
2022/7/9, 14
2022/7/10, 19
2022/7/11, 16
2022/7/12, 13
2022/7/13, 12
2022/7/14, 9
2022/7/15, 11
2022/7/16, 10
2022/7/17, 11
2022/7/18, 8
2022/7/19, 10
2022/7/20, 9
2022/7/21, 12
2022/7/22, 11
2022/7/23, 12
2022/7/24, 18
2022/7/25, 14
2022/7/26, 11
2022/7/27, 12
2022/7/28, 12
2022/7/29, 15
2022/7/30, 15
2022/7/31, 13
2022/8/1, 11
2022/8/2, 11
2022/8/3, 13
2022/8/4, 13
2022/8/5, 12
2022/8/6, 11
2022/8/7, 17
2022/8/8, 12
2022/8/9, 9
2022/8/10, 26
2022/8/11, 8
2022/8/12, 9
2022/8/13, 12
2022/8/14, 14
2022/8/15, 13
2022/8/16, 12
2022/8/17, 11
2022/8/18, 11
2022/8/19, 16
2022/8/20, 11
2022/8/21, 20
2022/8/22, 13
2022/8/23, 13
2022/8/24, 15
2022/8/25, 11
2022/8/26, 23
2022/8/27, 20
2022/8/28, 22
2022/8/29, 20
2022/8/30, 10
2022/8/31, 16
2022/9/1, 16
2022/9/2, 15
2022/9/3, 14
2022/9/4, 15
2022/9/5, 19
2022/9/6, 18
2022/9/7, 18
2022/9/8, 21
2022/9/9, 16
2022/9/10, 16
2022/9/11, 17
2022/9/12, 9
2022/9/13, 15
2022/9/14, 19
2022/9/15, 17
2022/9/16, 15
2022/9/17, 17
2022/9/18, 16
2022/9/19, 17
2022/9/20, 16
2022/9/21, 18
2022/9/22, 25
2022/9/23, 40
2022/9/24, 19
2022/9/25, 20
2022/9/26, 15
2022/9/27, 13
2022/9/28, 10
2022/9/29, 16
2022/9/30, 16
2022/4/1, 14
2022/4/2, 8
2022/4/3, 9
2022/4/4, 17
2022/4/5, 25
2022/4/6, 23
2022/4/7, 23
2022/4/8, 10
2022/4/9, 12
2022/4/10, 17
2022/4/11, 16
2022/4/12, 16
2022/4/13, 15
2022/4/14, 29
2022/4/15, 45
2022/4/16, 38
2022/4/17, 41
2022/4/18, 14
2022/4/19, 8
2022/4/20, 14
2022/4/21, 13
2022/4/22, 18
2022/4/23, 19
2022/4/24, 37
2022/4/25, 27
2022/4/26, 20
2022/4/27, 17
2022/4/28, 11
2022/4/29, 11
2022/4/30, 24
2022/5/1, 17
2022/5/2, 16
2022/5/3, 15
2022/5/4, 15
2022/5/5, 10
2022/5/6, 8
2022/5/7, 10
2022/5/8, 14
2022/5/9, 11
2022/5/10, 19
2022/5/11, 13
2022/5/12, 15
2022/5/13, 14
2022/5/14, 9
2022/5/15, 12
2022/5/16, 14
2022/5/17, 10
2022/5/18, 12
2022/5/19, 14
2022/5/20, 10
2022/5/21, 20
2022/5/22, 24
2022/5/23, 25
2022/5/24, 15
2022/5/25, 19
2022/5/26, 15
2022/5/27, 13
2022/5/28, 14
2022/5/29, 17
2022/5/30, 8
2022/5/31, 12
2022/6/1, 12
2022/6/2, 15
2022/6/3, 15
2022/6/4, 9
2022/6/5, 8
2022/6/6, 12
2022/6/7, 8
2022/6/8, 9
2022/6/9, 7
2022/6/10, 8
2022/6/11, 11
2022/6/12, 9
2022/6/13, 9
2022/6/14, 7
2022/6/15, 6
2022/6/16, 12
2022/6/17, 7
2022/6/18, 22
2022/6/19, 26
2022/6/20, 12
2022/6/21, 13
2022/6/22, 14
2022/6/23, 7
2022/6/24, 16
2022/6/25, 21
2022/6/26, 8
2022/6/27, 12
2022/6/28, 12
2022/6/29, 14
2022/6/30, 17
2022/1/3, 21
2022/1/4, 26
2022/1/5, 25
2022/1/6, 12
2022/1/7, 18
2022/1/8, 15
2022/1/9, 29
2022/1/10, 30
2022/1/11, 30
2022/1/12, 28
2022/1/13, 14
2022/1/14, 19
2022/1/15, 20
2022/1/16, 24
2022/1/17, 16
2022/1/18, 21
2022/1/19, 25
2022/1/20, 24
2022/1/21, 22
2022/1/22, 17
2022/1/23, 25
2022/1/24, 22
2022/1/25, 25
2022/1/26, 35
2022/1/27, 29
2022/1/28, 29
2022/1/29, 16
2022/1/30, 19
2022/1/31, 34
2022/2/1, 20
2022/2/2, 15
2022/2/3, 14
2022/2/4, 19
2022/2/5, 17
2022/2/6, 7
2022/2/7, 23
2022/2/8, 19
2022/2/9, 21
2022/2/10, 21
2022/2/11, 14
2022/2/12, 21
2022/2/13, 18
2022/2/14, 23
2022/2/15, 27
2022/2/16, 26
2022/2/17, 14
2022/2/18, 15
2022/2/19, 21
2022/2/20, 23
2022/2/21, 14
2022/2/22, 15
2022/2/23, 24
2022/2/24, 26
2022/2/25, 27
2022/2/26, 15
2022/2/27, 19
2022/2/28, 31
2022/3/1, 20
2022/3/2, 14
2022/3/3, 17
2022/3/4, 17
2022/3/5, 9
2022/3/6, 10
2022/3/7, 19
2022/3/8, 17
2022/3/9, 18
2022/3/10, 19
2022/3/11, 11
2022/3/12, 24
2022/3/13, 28
2022/3/14, 17
2022/3/15, 21
2022/3/16, 15
2022/3/17, 21
2022/3/18, 17
2022/3/19, 27
2022/3/20, 25
2022/3/21, 43
2022/3/22, 52
2022/3/23, 18
2022/3/24, 19
2022/3/25, 14
2022/3/26, 23
2022/3/27, 35
2022/3/28, 20
2022/3/29, 29
2022/3/30, 12
2022/3/31, 14
2021/10/1, 10
2021/10/2, 14
2021/10/3, 13
2021/10/4, 17
2021/10/5, 21
2021/10/6, 22
2021/10/7, 9
2021/10/8, 14
2021/10/9, 20
2021/10/10, 13
2021/10/11, 9
2021/10/12, 12
2021/10/13, 12
2021/10/14, 12
2021/10/15, 16
2021/10/16, 8
2021/10/17, 13
2021/10/18, 13
2021/10/19, 10
2021/10/20, 14
2021/10/21, 16
2021/10/22, 17
2021/10/23, 11
2021/10/24, 10
2021/10/25, 10
2021/10/26, 14
2021/10/27, 18
2021/10/28, 22
2021/10/29, 14
2021/10/30, 9
2021/10/31, 12
2021/11/1, 24
2021/11/2, 24
2021/11/3, 16
2021/11/4, 17
2021/11/5, 19
2021/11/6, 19
2021/11/7, 15
2021/11/8, 17
2021/11/9, 14
2021/11/10, 10
2021/11/11, 12
2021/11/12, 14
2021/11/13, 10
2021/11/14, 14
2021/11/15, 15
2021/11/16, 12
2021/11/17, 19
2021/11/18, 17
2021/11/19, 11
2021/11/20, 15
2021/11/21, 15
2021/11/22, 23
2021/11/23, 23
2021/11/24, 15
2021/11/25, 13
2021/11/26, 16
2021/11/27, 17
2021/11/28, 20
2021/11/29, 29
2021/11/30, 28
2021/12/1, 25
2021/12/2, 25
2021/12/3, 18
2021/12/4, 13
2021/12/5, 16
2021/12/6, 21
2021/12/7, 14
2021/12/8, 13
2021/12/9, 9
2021/12/10, 12
2021/12/11, 12
2021/12/12, 16
2021/12/13, 19
2021/12/14, 26
2021/12/15, 27
2021/12/16, 12
2021/12/17, 17
2021/12/18, 21
2021/12/19, 23
2021/12/20, 20
2021/12/21, 30
2021/12/22, 15
2021/12/23, 21
2021/12/24, 16
2021/12/25, 24
2021/12/26, 13
2021/12/27, 19
2021/12/28, 15
2021/12/29, 22
2021/12/30, 27
2021/12/31, 32
2022/1/1, 30
2022/1/2, 24
2021/7/1, 9
2021/7/2, 8
2021/7/3, 17
2021/7/4, 9
2021/7/5, 7
2021/7/6, 9
2021/7/7, 20
2021/7/8, 15
2021/7/9, 20
2021/7/10, 31
2021/7/11, 25
2021/7/12, 15
2021/7/13, 13
2021/7/14, 9
2021/7/15, 7
2021/7/16, 9
2021/7/17, 9
2021/7/18, 17
2021/7/19, 15
2021/7/20, 7
2021/7/21, 11
2021/7/22, 14
2021/7/23, 18
2021/7/24, 13
2021/7/25, 10
2021/7/26, 10
2021/7/27, 13
2021/7/28, 18
2021/7/29, 22
2021/7/30, 13
2021/7/31, 10
2021/8/1, 19
2021/8/2, 18
2021/8/3, 9
2021/8/4, 6
2021/8/5, 6
2021/8/6, 10
2021/8/7, 17
2021/8/8, 12
2021/8/9, 18
2021/8/10, 14
2021/8/11, 9
2021/8/12, 19
2021/8/13, 17
2021/8/14, 18
2021/8/15, 18
2021/8/16, 13
2021/8/17, 9
2021/8/18, 14
2021/8/19, 14
2021/8/20, 14
2021/8/21, 19
2021/8/22, 24
2021/8/23, 12
2021/8/24, 8
2021/8/25, 9
2021/8/26, 18
2021/8/27, 21
2021/8/28, 21
2021/8/29, 15
2021/8/30, 13
2021/8/31, 11
2021/9/1, 14
2021/9/2, 18
2021/9/3, 18
2021/9/4, 11
2021/9/5, 8
2021/9/6, 18
2021/9/7, 10
2021/9/8, 13
2021/9/9, 16
2021/9/10, 17
2021/9/11, 16
2021/9/12, 12
2021/9/13, 11
2021/9/14, 14
2021/9/15, 15
2021/9/16, 15
2021/9/17, 18
2021/9/18, 17
2021/9/19, 13
2021/9/20, 15
2021/9/21, 12
2021/9/22, 13
2021/9/23, 15
2021/9/24, 20
2021/9/25, 13
2021/9/26, 15
2021/9/27, 18
2021/9/28, 18
2021/9/29, 16
2021/9/30, 9
2021/4/1, 38
2021/4/2, 47
2021/4/3, 47
2021/4/4, 25
2021/4/5, 14
2021/4/6, 32
2021/4/7, 49
2021/4/8, 56
2021/4/9, 21
2021/4/10, 18
2021/4/11, 11
2021/4/12, 16
2021/4/13, 14
2021/4/14, 9
2021/4/15, 15
2021/4/16, 13
2021/4/17, 24
2021/4/18, 16
2021/4/19, 12
2021/4/20, 13
2021/4/21, 11
2021/4/22, 16
2021/4/23, 15
2021/4/24, 15
2021/4/25, 11
2021/4/26, 10
2021/4/27, 9
2021/4/28, 24
2021/4/29, 35
2021/4/30, 42
2021/5/1, 66
2021/5/2, 51
2021/5/3, 12
2021/5/4, 10
2021/5/5, 12
2021/5/6, 12
2021/5/7, 16
2021/5/8, 19
2021/5/9, 20
2021/5/10, 13
2021/5/11, 10
2021/5/12, 10
2021/5/13, 11
2021/5/14, 14
2021/5/15, 14
2021/5/16, 16
2021/5/17, 11
2021/5/18, 15
2021/5/19, 12
2021/5/20, 19
2021/5/21, 24
2021/5/22, 24
2021/5/23, 30
2021/5/24, 24
2021/5/25, 23
2021/5/26, 11
2021/5/27, 17
2021/5/28, 14
2021/5/29, 21
2021/5/30, 23
2021/5/31, 31
2021/6/1, 26
2021/6/2, 29
2021/6/3, 21
2021/6/4, 12
2021/6/5, 15
2021/6/6, 14
2021/6/7, 13
2021/6/8, 9
2021/6/9, 6
2021/6/10, 11
2021/6/11, 18
2021/6/12, 21
2021/6/13, 32
2021/6/14, 31
2021/6/15, 17
2021/6/16, 17
2021/6/24, 12
2021/6/25, 11
2021/6/26, 13
2021/6/27, 13
2021/6/28, 10
2021/6/29, 15
2021/6/30, 9
2021/1/4, 9
2021/1/5, 9
2021/1/6, 8
2021/1/7, 22
2021/1/8, 21
2021/1/9, 27
2021/1/10, 33
2021/1/11, 27
2021/1/12, 21
2021/1/13, 26
2021/1/14, 14
2021/1/15, 14
2021/1/16, 11
2021/1/17, 21
2021/1/18, 15
2021/1/19, 27
2021/1/20, 30
2021/1/21, 34
2021/1/22, 25
2021/1/23, 27
2021/1/24, 30
2021/1/25, 22
2021/1/26, 14
2021/1/27, 21
2021/1/28, 19
2021/1/29, 9
2021/1/30, 14
2021/1/31, 12
2021/2/1, 15
2021/2/2, 11
2021/2/3, 15
2021/2/4, 21
2021/2/5, 14
2021/2/6, 13
2021/2/7, 8
2021/2/8, 13
2021/2/9, 22
2021/2/10, 29
2021/2/11, 31
2021/2/12, 20
2021/2/13, 14
2021/2/14, 13
2021/2/15, 28
2021/2/16, 26
2021/2/17, 20
2021/2/18, 21
2021/2/19, 21
2021/2/20, 20
2021/2/21, 25
2021/2/22, 12
2021/2/23, 13
2021/2/24, 11
2021/2/26, 17
2021/2/27, 19
2021/2/28, 39
2021/3/1, 30
2021/3/2, 14
2021/3/3, 10
2021/3/4, 16
2021/3/5, 21
2021/3/6, 25
2021/3/7, 21
2021/3/8, 22
2021/3/9, 15
2021/3/10, 14
2021/3/11, 22
2021/3/12, 25
2021/3/13, 14
2021/3/14, 13
2021/3/15, 11
2021/3/16, 18
2021/3/17, 20
2021/3/18, 24
2021/3/19, 54
2021/3/20, 96
2021/3/21, 62
2021/3/22, 9
2021/3/23, 7
2021/3/24, 10
2021/3/25, 6
2021/3/26, 14
2021/3/27, 13
2021/3/28, 10
2021/3/29, 13
2021/3/30, 14
2021/3/31, 23
2020/10/1, 26
2020/10/2, 28
2020/10/3, 20
2020/10/4, 24
2020/10/5, 13
2020/10/6, 14
2020/10/7, 12
2020/10/8, 7
2020/10/9, 9
2020/10/10, 13
2020/10/11, 16
2020/10/12, 17
2020/10/13, 18
2020/10/14, 23
2020/10/15, 15
2020/10/16, 13
2020/10/17, 16
2020/10/18, 14
2020/10/19, 12
2020/10/20, 18
2020/10/21, 18
2020/10/22, 15
2020/10/23, 21
2020/10/24, 8
2020/10/25, 14
2020/10/26, 12
2020/10/27, 9
2020/10/28, 7
2020/10/29, 12
2020/10/30, 21
2020/10/31, 14
2020/11/1, 16
2020/11/2, 18
2020/11/3, 20
2020/11/4, 21
2020/11/5, 11
2020/11/6, 11
2020/11/7, 17
2020/11/8, 20
2020/11/9, 28
2020/11/10, 25
2020/11/11, 23
2020/11/12, 17
2020/11/13, 10
2020/11/14, 15
2020/11/15, 20
2020/11/16, 33
2020/11/17, 17
2020/11/18, 23
2020/11/19, 26
2020/11/20, 25
2020/11/21, 21
2020/11/22, 21
2020/11/23, 15
2020/11/24, 12
2020/11/25, 17
2020/11/26, 20
2020/11/27, 30
2020/11/28, 29
2020/11/29, 16
2020/11/30, 19
2020/12/1, 22
2020/12/2, 15
2020/12/3, 21
2020/12/4, 16
2020/12/5, 18
2020/12/6, 16
2020/12/7, 15
2020/12/8, 10
2020/12/9, 20
2020/12/10, 18
2020/12/11, 23
2020/12/12, 14
2020/12/13, 17
2020/12/14, 27
2020/12/15, 22
2020/12/16, 26
2020/12/17, 32
2020/12/18, 8
2020/12/19, 11
2020/12/20, 11
2020/12/21, 13
2020/12/22, 14
2020/12/23, 11
2020/12/24, 10
2020/12/25, 13
2020/12/26, 21
2020/12/27, 19
2020/12/28, 11
2020/12/29, 11
2020/12/30, 21
2020/12/31, 19
2021/1/1, 18
2021/1/2, 17
2021/1/3, 23
2020/7/1, 8
2020/7/2, 13
2020/7/3, 11
2020/7/4, 15
2020/7/5, 11
2020/7/6, 13
2020/7/7, 8
2020/7/8, 24
2020/7/9, 33
2020/7/10, 45
2020/7/11, 27
2020/7/12, 20
2020/7/13, 14
2020/7/14, 13
2020/7/15, 14
2020/7/16, 13
2020/7/17, 18
2020/7/18, 17
2020/7/19, 15
2020/7/20, 15
2020/7/21, 8
2020/7/22, 7
2020/7/23, 14
2020/7/24, 28
2020/7/25, 19
2020/7/26, 26
2020/7/27, 22
2020/7/28, 16
2020/7/29, 16
2020/7/30, 24
2020/7/31, 26
2020/8/1, 29
2020/8/2, 31
2020/8/3, 22
2020/8/4, 12
2020/8/5, 16
2020/8/6, 11
2020/8/7, 11
2020/8/8, 14
2020/8/9, 17
2020/8/10, 27
2020/8/11, 20
2020/8/12, 13
2020/8/13, 13
2020/8/14, 17
2020/8/15, 20
2020/8/16, 11
2020/8/17, 13
2020/8/18, 18
2020/8/19, 12
2020/8/20, 13
2020/8/21, 13
2020/8/22, 11
2020/8/23, 11
2020/8/24, 14
2020/8/25, 11
2020/8/26, 19
2020/8/27, 21
2020/8/28, 44
2020/8/29, 32
2020/8/30, 27
2020/8/31, 18
2020/9/1, 20
2020/9/2, 23
2020/9/3, 22
2020/9/4, 29
2020/9/5, 29
2020/9/6, 30
2020/9/7, 19
2020/9/8, 19
2020/9/9, 19
2020/9/10, 21
2020/9/11, 15
2020/9/12, 20
2020/9/13, 13
2020/9/14, 22
2020/9/15, 22
2020/9/16, 20
2020/9/17, 14
2020/9/18, 26
2020/9/19, 23
2020/9/20, 10
2020/9/21, 10
2020/9/22, 17
2020/9/23, 9
2020/9/24, 10
2020/9/25, 12
2020/9/26, 10
2020/9/27, 12
2020/9/28, 15
2020/9/29, 17
2020/9/30, 13