# Sensor Fernhill Road, Sandringham, Australia (Citizen Science project sensor.community/54869)
# https://aqicn.org/station/@189871/
# Daily pm25
date,min,max,median,q1,q3,stdev,count
2020-12-29T00:00:00.000Z,2,4,3,2,4,0.816,3
2020-12-30T00:00:00.000Z,0,55,2,1,4,4.531,278
2020-12-31T00:00:00.000Z,1,131,5,3,6,10.984,232
2021-01-01T00:00:00.000Z,0,32,4,3,5,4.167,306
2021-01-02T00:00:00.000Z,0,92,6,2,9,9.664,183
2021-01-03T00:00:00.000Z,0,89,3,1,8,9.446,284
2021-01-04T00:00:00.000Z,0,23,1,0,4,3.037,192
2021-01-05T00:00:00.000Z,0,6,3,2,3,1.198,272
2021-01-06T00:00:00.000Z,0,13,3,1,6,2.819,281
2021-01-07T00:00:00.000Z,0,37,3,2,5,4.667,280
2021-01-08T00:00:00.000Z,0,101,3,2,5,8.73,285
2021-01-09T00:00:00.000Z,1,50,9,5,13,6.327,286
2021-01-10T00:00:00.000Z,1,46,5,4,8,5.546,283
2021-01-11T00:00:00.000Z,0,80,3,1,4,6.053,263
2021-01-12T00:00:00.000Z,0,23,3.5,2,5,3.332,274
2021-01-13T00:00:00.000Z,0,188,8,6,10,18.044,272
2021-01-14T00:00:00.000Z,0,40,1,1,2,3.734,262
2021-01-15T00:00:00.000Z,0,6,1,0,2,1.32,284
2021-01-16T00:00:00.000Z,0,67,3,1,4,4.958,268
2021-01-17T00:00:00.000Z,0,41,3,2,4,4.535,249
2021-01-18T00:00:00.000Z,0,115,3,1,6,13.038,237
2021-01-19T00:00:00.000Z,0,44,4,2,6,6.277,215
2021-01-20T00:00:00.000Z,0,38,4,3,7,7.483,264
2021-01-21T00:00:00.000Z,1,63,5,4,7,7.349,246
2021-01-22T00:00:00.000Z,1,87,7,5,8,10.164,258
2021-01-23T00:00:00.000Z,3,68,7,5,9,6.527,260
2021-01-24T00:00:00.000Z,1,46,4,3,5,3.787,278
2021-01-25T00:00:00.000Z,0,66,4,2,5,6.294,238
2021-01-26T00:00:00.000Z,0,9,2,1,3,1.629,281
2021-01-27T00:00:00.000Z,0,214,1,0,2,17.667,238
2021-01-28T00:00:00.000Z,0,12,3,2,3.5,2.156,293
2021-01-29T00:00:00.000Z,0,20,3,1,9.5,5.259,281
2021-01-30T00:00:00.000Z,0,129,1,1,2,12.192,270
2021-01-31T00:00:00.000Z,0,69,2,1,6,9.039,280
2021-02-01T00:00:00.000Z,0,40,2,1,12,7.326,236
2021-02-02T00:00:00.000Z,0,11,1,0,2,1.864,184
2021-02-03T00:00:00.000Z,0,171,5,2,6,18.07,306
2021-02-04T00:00:00.000Z,0,66,5,3,8,6.871,267
2021-02-05T00:00:00.000Z,0,63,3,1,5,6.916,239
2021-02-06T00:00:00.000Z,0,129,1,0,2,13.71,247
2021-02-07T00:00:00.000Z,0,126,1,0,2,8.361,237
2021-02-08T00:00:00.000Z,0,6,1,0,1,1.189,261
2021-02-09T00:00:00.000Z,0,43,2,1,3,4.133,248
2021-02-10T00:00:00.000Z,1,90,6,4,8,7.001,239
2021-02-11T00:00:00.000Z,1,31,5,4,7,2.969,237
2021-02-12T00:00:00.000Z,0,94,2,1,4,9.037,279
2021-02-13T00:00:00.000Z,0,5,1,0,1,1.104,262
2021-02-14T00:00:00.000Z,0,74,2,1,4,5.98,243
2021-02-15T00:00:00.000Z,0,55,5,2,12,9.472,250
2021-02-16T00:00:00.000Z,0,71,3,2,6,6.798,233
2021-02-17T00:00:00.000Z,0,31,8,4,12,5.49,235
2021-02-18T00:00:00.000Z,0,157,3,1,5,17.974,267
2021-02-19T00:00:00.000Z,0,52,2,1,5,5.452,245
2021-02-20T00:00:00.000Z,1,37,7,6,9,4.157,253
2021-02-21T00:00:00.000Z,0,272,2,1,3,18.946,263
2021-02-22T00:00:00.000Z,0,40,1,1,2,3.219,221
2021-02-23T00:00:00.000Z,0,57,0,0,1,7.321,166
2021-02-24T00:00:00.000Z,0,41,0,0,2,3.544,234
2021-02-25T00:00:00.000Z,0,43,1,0,2,8.637,234
2021-02-26T00:00:00.000Z,0,70,2,1,3,5.002,228
2021-02-27T00:00:00.000Z,2,48,19,10,29,10.142,261
2021-02-28T00:00:00.000Z,3,106,14,10,24.5,14.063,261
2021-03-01T00:00:00.000Z,0,104,1,1,3,9.415,238
2021-03-02T00:00:00.000Z,0,4,0,0,0,0.588,214
2021-03-03T00:00:00.000Z,0,8,0,0,0,0.865,235
2021-03-04T00:00:00.000Z,0,16,2,1,3,2.085,231
2021-03-05T00:00:00.000Z,0,85,2,1,3,5.329,254
2021-03-06T00:00:00.000Z,1,29,5,3,7,3.177,246
2021-03-07T00:00:00.000Z,1,62,9,6,15.5,9.014,269
2021-03-08T00:00:00.000Z,0,10,4,1,6,2.854,249
2021-03-09T00:00:00.000Z,0,34,1,0,2,2.442,258
2021-03-10T00:00:00.000Z,0,63,3,1,5,5.729,220
2021-03-11T00:00:00.000Z,5,112,15,11,20,11.678,243
2021-03-12T00:00:00.000Z,3,149,12,7,23.5,18.726,249
2021-03-13T00:00:00.000Z,0,41,2,1,3,4.767,249
2021-03-14T00:00:00.000Z,0,75,1,0,2,6.815,246
2021-03-15T00:00:00.000Z,0,18,1,0,2,1.892,224
2021-03-16T00:00:00.000Z,0,24,5,3,12,5.436,226
2021-03-17T00:00:00.000Z,1,117,9,4,15,12.032,261
2021-03-18T00:00:00.000Z,1,211,14,8,24,16.602,240
2021-03-19T00:00:00.000Z,0,115,6,4,10.5,13.38,241
2021-03-20T00:00:00.000Z,0,98,4,2,8,11.089,254
2021-03-21T00:00:00.000Z,3,54,6,5,7,7.034,247
2021-03-22T00:00:00.000Z,0,179,6,3,11,22.334,243
2021-03-23T00:00:00.000Z,0,26,2,1,4,3.217,189
2021-03-24T00:00:00.000Z,0,9,2,1,3,1.764,239
2021-03-25T00:00:00.000Z,0,18,2,1,3,2.037,134
2021-03-26T00:00:00.000Z,0,45,1,0,3,5.397,227
2021-03-27T00:00:00.000Z,0,10,1,0,1,1.32,91
2021-03-28T00:00:00.000Z,0,49,1,0,3,4.943,203
2021-03-29T00:00:00.000Z,0,16,3,1,6,2.81,195
2021-03-30T00:00:00.000Z,0,140,3,1,5,10.055,222
2021-03-31T00:00:00.000Z,6,48,13,11,17,5.202,195
2021-04-01T00:00:00.000Z,2,32,15,11,20,5.306,178
2021-04-02T00:00:00.000Z,13,124,32.5,20,49,17.667,200
2021-04-03T00:00:00.000Z,3,102,10,7,13,8.471,211
2021-04-04T00:00:00.000Z,0,20,4,2,5,2.633,208
2021-04-05T00:00:00.000Z,0,58,2,1,5,6.754,180
2021-04-06T00:00:00.000Z,6,91,21,15.5,27,11.454,240
2021-04-07T00:00:00.000Z,9,69,39,26,50,15.598,166
2021-04-08T00:00:00.000Z,0,56,10,2,18,9.227,193
2021-04-09T00:00:00.000Z,0,8,1,0,2,1.373,191
2021-04-10T00:00:00.000Z,0,55,2,1,4.5,9.834,172
2021-04-11T00:00:00.000Z,0,53,3,1,4,6.135,146
2021-04-12T00:00:00.000Z,0,118,3,0,11,17.964,145
2021-04-13T00:00:00.000Z,0,33,8,3,14,7.692,141
2021-04-14T00:00:00.000Z,0,7,2,1,3,1.591,133
2021-04-15T00:00:00.000Z,0,8,2,1,3,1.417,123
2021-04-16T00:00:00.000Z,0,80,1,0,2,7.148,135
2021-04-17T00:00:00.000Z,0,94,2,1,3,14.595,150
2021-04-18T00:00:00.000Z,0,68,3,1,9,8.188,134
2021-04-19T00:00:00.000Z,0,6,2,1,3,1.346,130
2021-04-20T00:00:00.000Z,0,58,3,0,9,9.643,129
2021-04-21T00:00:00.000Z,0,17,2,1,4,2.601,128
2021-04-22T00:00:00.000Z,0,16,1,1,3,3.308,117
2021-04-23T00:00:00.000Z,0,10,3,2,5,1.994,111
2021-04-24T00:00:00.000Z,0,36,2,1,7,6.026,131
2021-04-25T00:00:00.000Z,0,11,1,0,2,1.985,158
2021-04-26T00:00:00.000Z,0,20,1,0,2,2.205,133
2021-04-27T00:00:00.000Z,0,76,3,0,13.5,10.397,101
2021-04-28T00:00:00.000Z,2,49,11,6.5,25,11.542,129
2021-04-29T00:00:00.000Z,19,75,42.5,32.5,63,15.957,116
2021-04-30T00:00:00.000Z,16,189,55,21.5,72,28.594,105
2021-05-01T00:00:00.000Z,23,76,46,29,59,14.848,139
2021-05-02T00:00:00.000Z,1,30,10,7,16,7.264,133
2021-05-03T00:00:00.000Z,1,23,6,3,7,3.627,125
2021-05-04T00:00:00.000Z,0,25,3,2,10,5.882,122
2021-05-05T00:00:00.000Z,0,25,3,1,5,5.012,126
2021-05-06T00:00:00.000Z,7,63,24,18,42,13.711,118
2021-05-07T00:00:00.000Z,1,73,20,6,34,18.571,120
2021-05-08T00:00:00.000Z,0,38,19,5,26,10.96,127
2021-05-09T00:00:00.000Z,0,35,5,3,10,5.422,144
2021-05-10T00:00:00.000Z,0,27,3,2,6,4.772,134
2021-05-11T00:00:00.000Z,0,27,2,1,4,4.624,122
2021-05-12T00:00:00.000Z,2,70,9,6,31,16.318,116
2021-05-13T00:00:00.000Z,0,39,3,2,5,5.501,145
2021-05-14T00:00:00.000Z,0,37,2,1,3,4.609,130
2021-05-15T00:00:00.000Z,0,7,2,1,3,1.631,145
2021-05-16T00:00:00.000Z,0,10,1,0,2,1.411,151
2021-05-17T00:00:00.000Z,0,47,7,2,15,10.334,131
2021-05-18T00:00:00.000Z,0,46,9,7,12.5,7.716,113
2021-05-19T00:00:00.000Z,0,16,7,3,10,4.218,150
2021-05-20T00:00:00.000Z,3,43,7,5,20.5,8.525,153
2021-05-21T00:00:00.000Z,0,85,12,7.5,31,16.658,149
2021-05-22T00:00:00.000Z,3,46,24,6,33,13.017,120
2021-05-23T00:00:00.000Z,8,61,15,12,28,10.405,160
2021-05-24T00:00:00.000Z,1,37,5,3,7,3.768,148
2021-05-25T00:00:00.000Z,0,12,3,1,4,2.693,163
2021-05-26T00:00:00.000Z,0,43,3,2,4,5.036,166
2021-05-27T00:00:00.000Z,0,15,2,1,2,1.718,152
2021-05-28T00:00:00.000Z,0,12,1,0,2,2.465,157
2021-05-29T00:00:00.000Z,0,81,26,3,50.5,25.711,137
2021-05-30T00:00:00.000Z,9,124,22,17,49,29.225,170
2021-05-31T00:00:00.000Z,4,42,10,8,12,3.997,132
2021-06-01T00:00:00.000Z,2,25,9,8,13,4.221,176
2021-06-02T00:00:00.000Z,2,46,15,6,25,10.472,161
2021-06-03T00:00:00.000Z,0,90,9,3,23,22.481,149
2021-06-04T00:00:00.000Z,0,26,5,2,11,6.033,158
2021-06-05T00:00:00.000Z,1,17,5,4,8,3.425,158
2021-06-06T00:00:00.000Z,0,18,5,4,10,3.777,198
2021-06-07T00:00:00.000Z,0,24,2,1,4,4.436,320
2021-06-08T00:00:00.000Z,0,8,1,1,2,1.337,239
2021-06-09T00:00:00.000Z,2,78,6,5,7,6.007,262
2021-06-10T00:00:00.000Z,0,41,6,3,10,6.467,176
2021-06-11T00:00:00.000Z,1,43,7,4,19,12.775,182
2021-06-12T00:00:00.000Z,0,27,5,3,9,3.983,163
2021-06-13T00:00:00.000Z,0,164,42,4,99,48.811,162
2021-06-14T00:00:00.000Z,9,105,25.5,16,46,19.503,196
2021-06-15T00:00:00.000Z,4,26,12,8,17,5.164,202
2021-06-16T00:00:00.000Z,1,64,14,6,23,12.029,170
2021-06-17T00:00:00.000Z,0,47,19,2,25,11.619,237
2021-06-18T00:00:00.000Z,0,30,6,3,11,6.996,245
2021-06-19T00:00:00.000Z,0,55,11,2,24,12.555,278
2021-06-20T00:00:00.000Z,1,179,24,6,60,30.912,298
2021-06-21T00:00:00.000Z,0,50,14,7,22.5,10.911,272
2021-06-22T00:00:00.000Z,0,21,2,1,6,4.067,227
2021-06-23T00:00:00.000Z,0,15,3,2,5,2.216,289
2021-06-24T00:00:00.000Z,0,26,2,1,3,3.728,261
2021-06-25T00:00:00.000Z,0,67,1.5,0,6,9.393,296
2021-06-26T00:00:00.000Z,0,26,2,1,5,5.276,304
2021-06-27T00:00:00.000Z,0,124,27.5,3,42,24.504,310
2021-06-28T00:00:00.000Z,1,78,21,7,34,15.497,288
2021-06-29T00:00:00.000Z,1,58,13,7,19,9.522,318
2021-06-30T00:00:00.000Z,2,26,7,4,11,4.561,295
2021-07-01T00:00:00.000Z,1,28,10,4,12,4.688,261
2021-07-02T00:00:00.000Z,0,36,2,0,5,5.145,257
2021-07-03T00:00:00.000Z,0,42,1,0,5,5.119,327
2021-07-04T00:00:00.000Z,0,29,3,2,6,4.365,319
2021-07-05T00:00:00.000Z,0,32,2,1,6,6.832,258
2021-07-06T00:00:00.000Z,0,83,6,3,12,7.609,303
2021-07-07T00:00:00.000Z,1,79,20,8,26,11.288,270
2021-07-08T00:00:00.000Z,16,99,38.5,27,62.5,20.17,288
2021-07-09T00:00:00.000Z,16,183,107,50.5,122,39.145,325
2021-07-10T00:00:00.000Z,18,94,56,48,64,15.597,324
2021-07-11T00:00:00.000Z,1,72,7,3,11,9.541,353
2021-07-12T00:00:00.000Z,0,55,7,3,11,6.512,268
2021-07-13T00:00:00.000Z,0,26,4,2,8,4.879,237
2021-07-14T00:00:00.000Z,0,26,3,1,5,4.29,258
2021-07-15T00:00:00.000Z,0,23,1.5,1,5,3.17,314
2021-07-16T00:00:00.000Z,0,15,1,0,4,2.791,271
2021-07-17T00:00:00.000Z,0,77,2,1,6,12.675,320
2021-07-18T00:00:00.000Z,0,100,5,2,27,26.542,279
2021-07-19T00:00:00.000Z,0,9,1,0,1,1.533,117
2021-07-20T00:00:00.000Z,0,12,3,2,4,1.85,268
2021-07-21T00:00:00.000Z,0,28,5,2,13,7.335,295
2021-07-22T00:00:00.000Z,0,96,3,1,5,11.562,249
2021-07-23T00:00:00.000Z,0,51,2,0,8,10.25,213
2021-07-24T00:00:00.000Z,0,83,1,0,4,6.89,294
2021-07-25T00:00:00.000Z,0,35,1,0,4,5.078,321
2021-07-26T00:00:00.000Z,0,60,2,1,6,9.359,326
2021-07-27T00:00:00.000Z,0,21,1,0,3,3.275,339
2021-07-28T00:00:00.000Z,0,26,1,1,2,2.297,349
2021-07-29T00:00:00.000Z,0,34,3,2,5,3.331,301
2021-07-30T00:00:00.000Z,0,24,1,1,2,2.098,244
2021-07-31T00:00:00.000Z,0,28,3,1,5,3.889,264
2021-08-01T00:00:00.000Z,0,55,6,2,32.5,16.42,253
2021-08-02T00:00:00.000Z,0,21,4,2,7,4.337,242
2021-08-03T00:00:00.000Z,0,6,1,0,1,1.053,263
2021-08-04T00:00:00.000Z,0,29,1,1,2,2.704,220
2021-08-05T00:00:00.000Z,0,17,1,0,2,1.999,260
2021-08-06T00:00:00.000Z,0,24,1,0,3,3.322,319
2021-08-07T00:00:00.000Z,0,104,13.5,1,78,37.91,322
2021-08-08T00:00:00.000Z,0,127,9,7,16,19.075,285
2021-08-09T00:00:00.000Z,2,49,14,7,23,9.947,230
2021-08-10T00:00:00.000Z,0,17,2,2,3,1.807,299
2021-08-11T00:00:00.000Z,0,15,2,1,3,1.946,235
2021-08-12T00:00:00.000Z,1,52,4,3,14,8.899,291
2021-08-13T00:00:00.000Z,0,142,8,2,12,8.495,529
2021-08-14T00:00:00.000Z,0,101,3,1,6,6.569,441
2021-08-15T00:00:00.000Z,0,35,2,1,3,3.496,456
2021-08-16T00:00:00.000Z,0,15,2,2,4,1.985,510
2021-08-17T00:00:00.000Z,0,20,2,0,4,3.045,539
2021-08-18T00:00:00.000Z,1,42,10,3,16,9.071,458
2021-08-19T00:00:00.000Z,0,82,4,2,8,9.173,544
2021-08-20T00:00:00.000Z,1,103,7,5,10,8.423,511
2021-08-21T00:00:00.000Z,0,477,8,3,12,29.106,548
2021-08-22T00:00:00.000Z,0,275,2,1,5,24.298,519
2021-08-23T00:00:00.000Z,0,31,1,1,2,3.761,548
2021-08-24T00:00:00.000Z,0,15,1,0,2,1.701,533
2021-08-25T00:00:00.000Z,0,12,2,1,4,1.95,524
2021-08-26T00:00:00.000Z,0,55,10,6,30,13.652,386
2021-08-27T00:00:00.000Z,6,83,26,15.5,54,23.796,277
2021-08-28T00:00:00.000Z,0,36,3,1,7,5.293,371
2021-08-29T00:00:00.000Z,0,88,5,2,16.5,22.723,369
2021-08-30T00:00:00.000Z,0,24,1,0,2,2.449,520
2021-08-31T00:00:00.000Z,0,78,2,1,5,6.333,532
2021-09-01T00:00:00.000Z,0,47,2,1,3,4.497,521
2021-09-02T00:00:00.000Z,0,43,7,2,8,4.252,521
2021-09-03T00:00:00.000Z,0,54,5,2,8,6.971,547
2021-09-04T00:00:00.000Z,0,78,1,0,3,6.894,545
2021-09-05T00:00:00.000Z,0,54,2,1,4,7.983,471
2021-09-06T00:00:00.000Z,0,20,2,1,4,3.636,469
2021-09-07T00:00:00.000Z,0,15,1,0,3,2.667,450
2021-09-08T00:00:00.000Z,0,36,2,1,3,1.828,570
2021-09-09T00:00:00.000Z,0,31,4,2,5,3.094,501
2021-09-10T00:00:00.000Z,0,76,2,1,4,4.749,570
2021-09-11T00:00:00.000Z,0,44,2,1,5,5.04,572
2021-09-12T00:00:00.000Z,0,46,3,1,10,7.806,566
2021-09-13T00:00:00.000Z,0,37,1,0,6,9.358,565
2021-09-14T00:00:00.000Z,0,75,3,2,5,5.117,574
2021-09-15T00:00:00.000Z,0,33,5,2,9,8.242,572
2021-09-16T00:00:00.000Z,1,43,16,8,22,9.482,567
2021-09-17T00:00:00.000Z,0,9,2,1,3,1.504,564
2021-09-18T00:00:00.000Z,0,33,2,1,4,6.153,571
2021-09-19T00:00:00.000Z,0,6,1,1,2,1.285,571
2021-09-20T00:00:00.000Z,0,22,1,1,2,2.085,568
2021-09-21T00:00:00.000Z,0,51,1,1,2,2.756,564
2021-09-22T00:00:00.000Z,0,50,7,2,21,11.578,572
2021-09-23T00:00:00.000Z,0,157,3,1,5,11.339,572
2021-09-24T00:00:00.000Z,0,16,2,1,3,1.872,564
2021-09-25T00:00:00.000Z,0,54,3,1,15,10.527,570
2021-09-26T00:00:00.000Z,0,23,6,1,12,6.112,569
2021-09-27T00:00:00.000Z,0,129,5,2,12,14.407,555
2021-09-28T00:00:00.000Z,1,78,8,4,14,7.782,365
2021-09-29T00:00:00.000Z,0,48,7,4,12,9.096,573
2021-09-30T00:00:00.000Z,1,41,9,5,15,7.232,572
2021-10-01T00:00:00.000Z,0,51,7,4,12,7.326,569
2021-10-02T00:00:00.000Z,0,26,5,3,7,3.867,568
2021-10-03T00:00:00.000Z,0,19,3,1,6,3.082,570
2021-10-04T00:00:00.000Z,0,30,1,0,4,4.103,570
2021-10-05T00:00:00.000Z,0,12,4,3,5,1.879,572
2021-10-06T00:00:00.000Z,0,87,1,1,2,9.925,572
2021-10-07T00:00:00.000Z,0,32,5,1,8,5.131,573
2021-10-08T00:00:00.000Z,0,75,1,1,3,5.521,570
2021-10-09T00:00:00.000Z,0,109,2,1,3,8.278,572
2021-10-10T00:00:00.000Z,0,60,0,0,1,6.197,571
2021-10-11T00:00:00.000Z,0,57,1,0,3,7.96,571
2021-10-12T00:00:00.000Z,0,18,2,1,5,3.486,572
2021-10-13T00:00:00.000Z,0,58,1,0,2,4.705,568
2021-10-14T00:00:00.000Z,0,28,2,0,3,2.638,571
2021-10-15T00:00:00.000Z,0,51,3,1,5,4.049,571
2021-10-16T00:00:00.000Z,0,7,1,0,1,1.155,570
2021-10-17T00:00:00.000Z,0,19,3,1,6,3.354,572
2021-10-18T00:00:00.000Z,0,11,0,0,1,1.901,561
2021-10-19T00:00:00.000Z,0,16,2,1,4,2.063,574
2021-10-20T00:00:00.000Z,0,230,3,2,5,13.105,552
2021-10-21T00:00:00.000Z,0,29,2,1,3,3.685,570
2021-10-22T00:00:00.000Z,0,89,3,2,6,7.095,573
2021-10-23T00:00:00.000Z,0,75,2,1,3,7.316,571
2021-10-24T00:00:00.000Z,0,66,1,1,2,9.387,572
2021-10-25T00:00:00.000Z,0,11,1,0,3,2.658,573
2021-10-26T00:00:00.000Z,0,19,5,3,10,4.449,549
2021-10-27T00:00:00.000Z,0,146,1,1,3,9.149,569
2021-10-28T00:00:00.000Z,0,54,3,2,8,5.304,453
2021-10-29T00:00:00.000Z,0,18,1,0,2,2.033,572
2021-10-30T00:00:00.000Z,0,35,1,0,3,3.001,573
2021-10-31T00:00:00.000Z,0,29,3,1,7,4.47,567
2021-11-01T00:00:00.000Z,1,75,9,6,12,6.715,573
2021-11-02T00:00:00.000Z,0,112,3,2,3,8.055,553
2021-11-03T00:00:00.000Z,0,16,3,2,6,3.538,512
2021-11-04T00:00:00.000Z,0,10,3,2,4,2.086,570
2021-11-05T00:00:00.000Z,0,343,12,5,17,18.209,571
2021-11-06T00:00:00.000Z,0,187,4,2,6,11.173,566
2021-11-07T00:00:00.000Z,0,33,2,1,3,3.643,569
2021-11-08T00:00:00.000Z,0,72,1,0,5,5.689,473
2021-11-09T00:00:00.000Z,0,12,1,0,2,1.362,561
2021-11-10T00:00:00.000Z,0,17,1,0,1,1.884,555
2021-11-11T00:00:00.000Z,0,4,1,0,2,1.037,555
2021-11-12T00:00:00.000Z,0,5,1,0,2,1.059,531
2021-11-13T00:00:00.000Z,0,6,1,0,1,0.967,562
2021-11-14T00:00:00.000Z,0,8,1,1,2,1.35,543
2021-11-15T00:00:00.000Z,0,7,1,0,2,1.124,549
2021-11-16T00:00:00.000Z,0,6,1,0,2,1.363,556
2021-11-17T00:00:00.000Z,0,15,3,2,5,3.159,424
2021-11-18T00:00:00.000Z,0,48,1,0,2,3.768,535
2021-11-19T00:00:00.000Z,0,34,1,0,1,1.838,528
2021-11-20T00:00:00.000Z,0,19,0,0,0,1.096,542
2021-11-21T00:00:00.000Z,0,39,3,1,5,3.205,567
2021-11-22T00:00:00.000Z,1,19,7,5,11,3.805,561
2021-11-23T00:00:00.000Z,0,41,3,2,4,4.614,556
2021-11-24T00:00:00.000Z,0,49,6,4,8,4.172,563
2021-11-25T00:00:00.000Z,0,14,4,2,6,2.836,561
2021-11-26T00:00:00.000Z,0,26,2,1,3,1.952,568
2021-11-27T00:00:00.000Z,0,54,2,1,3,4.562,558
2021-11-28T00:00:00.000Z,0,183,3,1,8,27.009,558
2021-11-29T00:00:00.000Z,1,51,6,4,11,5.06,566
2021-11-30T00:00:00.000Z,0,51,4,2,6,4.515,556
2021-12-01T00:00:00.000Z,0,56,4,2,5,4.333,545
2021-12-02T00:00:00.000Z,0,76,3,1,10,8.345,545
2021-12-03T00:00:00.000Z,0,24,2,1,2,1.832,240
2021-12-04T00:00:00.000Z,0,96,1,1,2,6.353,544
2021-12-05T00:00:00.000Z,0,26,3,2,4,2.432,561
2021-12-06T00:00:00.000Z,0,12,2,2,3,1.698,561
2021-12-07T00:00:00.000Z,0,9,0,0,1,1.031,557
2021-12-08T00:00:00.000Z,0,17,1,0,1,1.193,550
2021-12-09T00:00:00.000Z,0,5,1,1,2,0.895,559
2021-12-10T00:00:00.000Z,0,28,1,1,2,2.107,549
2021-12-11T00:00:00.000Z,0,97,2,1,4,8.715,558
2021-12-12T00:00:00.000Z,0,76,3,2,5,7.497,537
2021-12-13T00:00:00.000Z,0,34,2,1,4,3.789,439
2021-12-14T00:00:00.000Z,0,39,3.5,2,5,3.64,544
2021-12-15T00:00:00.000Z,0,8,1,1,2,1.109,557
2021-12-16T00:00:00.000Z,0,23,2,1,4,3.029,564
2021-12-17T00:00:00.000Z,0,133,3,2,5,13.877,561
2021-12-18T00:00:00.000Z,0,150,8,6,10,17.213,543
2021-12-19T00:00:00.000Z,0,10,2,1,3,1.503,554
2021-12-20T00:00:00.000Z,0,89,4,2,7,5.89,529
2021-12-21T00:00:00.000Z,0,40,1,0,2,2.581,552
2021-12-22T00:00:00.000Z,0,7,2,1,3,1.485,552
2021-12-23T00:00:00.000Z,0,11,2,2,4,1.737,526
2021-12-24T00:00:00.000Z,0,25,4,3,5,2.475,475
2021-12-25T00:00:00.000Z,0,25,1,0,2,1.689,539
2021-12-26T00:00:00.000Z,0,14,2,1,2,1.348,562
2021-12-27T00:00:00.000Z,0,27,2,1,3,2.688,561
2021-12-28T00:00:00.000Z,0,24,2,1,3,1.991,565
2021-12-29T00:00:00.000Z,0,41,2,1,7,4.702,561
2021-12-30T00:00:00.000Z,0,64,6,4,10,5.687,559
2021-12-31T00:00:00.000Z,0,61,3,2,7,5.538,563
2022-01-01T00:00:00.000Z,0,54,4,3,6,7.219,567
2022-01-02T00:00:00.000Z,0,103,3,2,5,11.108,563
2022-01-03T00:00:00.000Z,0,17,4,1,7,3.625,563
2022-01-04T00:00:00.000Z,0,35,6,4,11,5.945,531
2022-01-05T00:00:00.000Z,0,223,2,1,3,20.559,568
2022-01-06T00:00:00.000Z,0,127,3,2,6,11.378,570
2022-01-07T00:00:00.000Z,0,140,4,2,6,9.004,571
2022-01-08T00:00:00.000Z,0,11,3,2,4,1.395,537
2022-01-09T00:00:00.000Z,1,31,6,4,15,7.102,540
2022-01-10T00:00:00.000Z,5,66,16,13,24,10.965,531
2022-01-11T00:00:00.000Z,1,119,7,5,10,15.607,556
2022-01-12T00:00:00.000Z,0,120,1,1,2,7.251,568
2022-01-13T00:00:00.000Z,1,85,5,4,6,7.237,566
2022-01-14T00:00:00.000Z,1,110,4,3,5.5,10.386,545
2022-01-15T00:00:00.000Z,0,57,2,1,3,4.513,565
2022-01-16T00:00:00.000Z,0,51,4,3,5,3.804,566
2022-01-17T00:00:00.000Z,0,59,2,2,4,5.016,568
2022-01-18T00:00:00.000Z,0,12,1.5,0,3,2.171,570
2022-01-19T00:00:00.000Z,0,44,1,1,2,2.83,561
2022-01-20T00:00:00.000Z,0,68,2,1,4,4.143,569
2022-01-21T00:00:00.000Z,0,59,3,2,4,3.3,541
2022-01-22T00:00:00.000Z,0,36,3,2,4,2.476,569
2022-01-23T00:00:00.000Z,0,127,4,3,6,12.728,565
2022-01-24T00:00:00.000Z,0,69,5,4,9,7.772,569
2022-01-25T00:00:00.000Z,4,194,10,9,13,14.577,560
2022-01-26T00:00:00.000Z,0,167,9,6,13,17.194,529
2022-01-27T00:00:00.000Z,2,134,9,5,13,11.182,569
2022-01-28T00:00:00.000Z,0,135,3,2,4,8.013,570
2022-01-29T00:00:00.000Z,0,71,2,1,4,6.516,568
2022-01-30T00:00:00.000Z,1,96,6,3,11,12.025,570
2022-01-31T00:00:00.000Z,1,123,13,9,17,9.809,569
2022-02-01T00:00:00.000Z,0,12,1,1,2,1.633,537
2022-02-02T00:00:00.000Z,0,6,0,0,1,0.837,567
2022-02-03T00:00:00.000Z,0,8,1,1,2,1.174,567
2022-02-04T00:00:00.000Z,0,55,1,0,2,3.687,572
2022-02-05T00:00:00.000Z,0,117,1,1,2,7.769,572
2022-02-06T00:00:00.000Z,0,72,2,1,3,5.402,571
2022-02-07T00:00:00.000Z,0,125,2,1,3,5.949,571
2022-02-08T00:00:00.000Z,0,53,1,1,2,3.964,574
2022-02-09T00:00:00.000Z,0,52,2,2,3,3.077,572
2022-02-10T00:00:00.000Z,0,46,1,1,2,3.003,573
2022-02-11T00:00:00.000Z,0,60,3,1,5,5.439,549
2022-02-12T00:00:00.000Z,0,53,3,2,4,5.288,559
2022-02-13T00:00:00.000Z,0,173,4,1,6,10.061,554
2022-02-14T00:00:00.000Z,1,23,5,4,6,2.111,572
2022-02-15T00:00:00.000Z,0,64,4,3,6,3.88,574
2022-02-16T00:00:00.000Z,0,71,5,3,7,5.846,571
2022-02-17T00:00:00.000Z,0,45,2,1,3,2.886,572
2022-02-18T00:00:00.000Z,0,51,1,1,2,4.34,570
2022-02-19T00:00:00.000Z,0,35,2,1,4,2.946,571
2022-02-20T00:00:00.000Z,0,13,2,1,4,2.085,571
2022-02-21T00:00:00.000Z,0,20,1,0,1,1.306,573
2022-02-22T00:00:00.000Z,0,65,4,2,6,6.677,573
2022-02-23T00:00:00.000Z,1,136,8,5,11,11.001,571
2022-02-24T00:00:00.000Z,0,69,3,1,9,6.774,573
2022-02-25T00:00:00.000Z,0,66,4,2,6,3.643,572
2022-02-26T00:00:00.000Z,0,164,2,1,3,11.411,572
2022-02-27T00:00:00.000Z,0,38,4,2,7,6.309,572
2022-02-28T00:00:00.000Z,0,39,9,4,13,5.885,571
2022-03-01T00:00:00.000Z,0,58,5,4,8,5.534,571
2022-03-02T00:00:00.000Z,0,175,4,3,6,13.676,564
2022-03-03T00:00:00.000Z,1,48,5,4,6,4.091,568
2022-03-04T00:00:00.000Z,0,55,4,3,11,7.027,571
2022-03-05T00:00:00.000Z,0,28,2,1,4,2.939,572
2022-03-06T00:00:00.000Z,0,13,2,0,4,2.31,556
2022-03-07T00:00:00.000Z,0,35,2,1,3,2.175,568
2022-03-08T00:00:00.000Z,0,11,2,1,3,1.314,564
2022-03-09T00:00:00.000Z,0,41,1,1,2,3.551,572
2022-03-10T00:00:00.000Z,0,74,1,0,3,6.568,560
2022-03-11T00:00:00.000Z,0,54,1,0,2,4.274,572
2022-03-12T00:00:00.000Z,1,38,6,4,7,3.423,571
2022-03-13T00:00:00.000Z,1,125,14,5,39,25.883,559
2022-03-14T00:00:00.000Z,5,145,19,12,29,13.664,567
2022-03-15T00:00:00.000Z,5,130,13,11,16,11.42,573
2022-03-16T00:00:00.000Z,0,98,7,5,9,9.529,568
2022-03-17T00:00:00.000Z,1,196,6,4,8,14.261,568
2022-03-18T00:00:00.000Z,0,10,3,2,4,1.786,553
2022-03-19T00:00:00.000Z,1,106,10,5,33,24.266,559
2022-03-20T00:00:00.000Z,5,114,16,11,34,12.736,569
2022-03-21T00:00:00.000Z,10,96,21,17,31,11.649,541
2022-03-22T00:00:00.000Z,0,26,1,0,5,5.862,571
2022-03-23T00:00:00.000Z,0,9,1,1,2,1.301,568
2022-03-24T00:00:00.000Z,0,14,0,0,1,1.569,555
2022-03-25T00:00:00.000Z,0,26,1,0,3,3.978,566
2022-03-26T00:00:00.000Z,4,42,17,13,25,8.164,569
2022-03-27T00:00:00.000Z,1,134,31,7,94,43.725,567
2022-03-28T00:00:00.000Z,0,41,4,2,9,5.48,570
2022-03-29T00:00:00.000Z,0,15,2,0,4,3.741,572
2022-03-30T00:00:00.000Z,0,8,2,0,2,1.415,250
2022-03-31T00:00:00.000Z,0,5,1,0,1,0.841,572
2022-04-01T00:00:00.000Z,0,10,0,0,1,0.799,567
2022-04-02T00:00:00.000Z,0,9,1,0,1,1.139,556
2022-04-03T00:00:00.000Z,0,7,1,1,2,1.143,571
2022-04-04T00:00:00.000Z,0,19,1,0,4,4.918,572
2022-04-05T00:00:00.000Z,0,30,1,0,3,3.582,569
2022-04-06T00:00:00.000Z,0,46,3,1,5,3.757,571
2022-04-07T00:00:00.000Z,0,57,2,1,4,3.677,569
2022-04-08T00:00:00.000Z,0,36,3,2,5,5.204,567
2022-04-09T00:00:00.000Z,0,284,2,1,5,14.637,549
2022-04-10T00:00:00.000Z,0,102,3,1,6,10.572,571
2022-04-11T00:00:00.000Z,0,9,0,0,1,1.06,572
2022-04-12T00:00:00.000Z,0,9,1,0,2,1.682,571
2022-04-13T00:00:00.000Z,0,96,4,1,9.5,10.147,568
2022-04-14T00:00:00.000Z,2,82,15,8,23,9.313,570
2022-04-15T00:00:00.000Z,4,45,13,7,19,9.192,336
2022-04-16T00:00:00.000Z,3,79,13,9,20,7.131,573
2022-04-17T00:00:00.000Z,0,42,6,3,11,4.892,571
2022-04-18T00:00:00.000Z,2,38,12,9,16,6.388,572
2022-04-19T00:00:00.000Z,0,17,2,1,3,2.088,569
2022-04-20T00:00:00.000Z,0,55,1,0,2,3.27,569
2022-04-21T00:00:00.000Z,0,33,2,1,5,3.505,568
2022-04-22T00:00:00.000Z,0,34,7,2,15,6.603,573
2022-04-23T00:00:00.000Z,6,96,17,12,25,9.561,571
2022-04-24T00:00:00.000Z,6,72,28,15,49,18.289,569
2022-04-25T00:00:00.000Z,3,93,45,18,64,24.839,560
2022-04-26T00:00:00.000Z,10,63,25,17,32,10.488,561
2022-04-27T00:00:00.000Z,0,40,5,3,8,7.246,559
2022-04-28T00:00:00.000Z,0,17,2,1,3,1.865,565
2022-04-29T00:00:00.000Z,0,25,3,1,4,4.138,569
2022-04-30T00:00:00.000Z,0,16,2,1,3,1.628,574
2022-05-01T00:00:00.000Z,0,17,2,2,3,1.544,560
2022-05-02T00:00:00.000Z,0,35,3,1,5,3.587,553
2022-05-03T00:00:00.000Z,0,19,4,2,6,3.73,563
2022-05-04T00:00:00.000Z,0,64,1,0,3,7.751,573
2022-05-05T00:00:00.000Z,0,80,13,1,25,14.988,566
2022-05-06T00:00:00.000Z,0,15,2,1,3,2.113,570
2022-05-07T00:00:00.000Z,0,18,1,0,2,1.696,573
2022-05-08T00:00:00.000Z,0,66,9,1,14,9.33,573
2022-05-09T00:00:00.000Z,1,67,14,7,26,11.518,566
2022-05-10T00:00:00.000Z,13,55,32,24.5,44,10.751,377
2022-05-11T00:00:00.000Z,18,77,41.5,35,50,10.41,542
2022-05-12T00:00:00.000Z,8,66,20,16,26,7.595,555
2022-05-13T00:00:00.000Z,0,87,22,3,43,24.772,566
2022-05-14T00:00:00.000Z,0,33,5,3,6,3.143,568
2022-05-15T00:00:00.000Z,0,44,1,1,3,2.963,567
2022-05-16T00:00:00.000Z,0,36,1,0,2,4.109,567
2022-05-17T00:00:00.000Z,0,10,1,0,1,1.051,567
2022-05-18T00:00:00.000Z,0,54,2,1,3,5.505,564
2022-05-19T00:00:00.000Z,0,6,1,0,1.5,1.095,565
2022-05-20T00:00:00.000Z,0,50,9,1,31,16.096,562
2022-05-21T00:00:00.000Z,11,169,48,22,93,37.539,563
2022-05-22T00:00:00.000Z,19,141,59,40,87,28.423,565
2022-05-23T00:00:00.000Z,23,96,57,43,64,15.33,427
2022-05-24T00:00:00.000Z,0,76,28,8,34,16.285,562
2022-05-25T00:00:00.000Z,0,56,6,3,16,9.458,562
2022-05-26T00:00:00.000Z,0,33,5,3,8,4.215,562
2022-05-27T00:00:00.000Z,0,52,26,4,39,16.751,560
2022-05-28T00:00:00.000Z,0,66,11,2,34,21.054,566
2022-05-29T00:00:00.000Z,0,37,9,4,13,6.583,543
2022-05-30T00:00:00.000Z,0,104,8,2,16,16.391,530
2022-05-31T00:00:00.000Z,0,17,0,0,1,1.657,527
2022-06-01T00:00:00.000Z,0,41,3,2,5,4.689,540
2022-06-02T00:00:00.000Z,0,37,5,3,8,4.531,490
2022-06-03T00:00:00.000Z,0,180,3,2,6,29.804,501
2022-06-04T00:00:00.000Z,0,143,1,0,3,7.729,514
2022-06-05T00:00:00.000Z,0,35,1,0,3,4.677,548
2022-06-06T00:00:00.000Z,0,21,1,0,1,1.789,527
2022-06-07T00:00:00.000Z,0,18,1,1,2,1.596,563
2022-06-08T00:00:00.000Z,0,5,1,0,1,0.942,547
2022-06-09T00:00:00.000Z,0,77,1,0,2,8.893,534
2022-06-10T00:00:00.000Z,0,64,3,2,5,6.066,556
2022-06-11T00:00:00.000Z,0,73,2,1,4,6.166,549
2022-06-12T00:00:00.000Z,0,81,4,1,7,7.458,559
2022-06-13T00:00:00.000Z,0,121,10,5,50,28.484,557
2022-06-14T00:00:00.000Z,0,14,1,1,2,1.708,534
2022-06-15T00:00:00.000Z,0,13,1,0,3,2.265,557
2022-06-16T00:00:00.000Z,0,44,2,1,4,5.987,558
2022-06-17T00:00:00.000Z,0,79,23,6,35,18.708,496
2022-06-18T00:00:00.000Z,4,231,40,14,74,37.256,557
2022-06-19T00:00:00.000Z,0,43,9,4,21,9.923,530
2022-06-20T00:00:00.000Z,0,50,4,2,7.5,7.677,537
2022-06-21T00:00:00.000Z,0,65,4,1,10,10.595,538
2022-06-22T00:00:00.000Z,0,27,4,1,7,3.942,536
2022-06-23T00:00:00.000Z,0,7,1,1,2,1.417,520
2022-06-24T00:00:00.000Z,0,31,2,1,8,7.327,567
2022-06-25T00:00:00.000Z,0,42,2,0,6,4.856,570
2022-06-26T00:00:00.000Z,0,44,2,1,4,3.566,570
2022-06-27T00:00:00.000Z,0,74,17,2,31,16.239,555
2022-06-28T00:00:00.000Z,0,61,6,3,9,5.985,554
2022-06-29T00:00:00.000Z,1,38,8,4,16,7.228,549
2022-06-30T00:00:00.000Z,2,104,38,16,59,22.96,554
2022-07-01T00:00:00.000Z,0,35,6,4,13,7.776,563
2022-07-02T00:00:00.000Z,0,83,10.5,4,31.5,19.372,560
2022-07-03T00:00:00.000Z,1,57,7,3,15,9.322,565
2022-07-04T00:00:00.000Z,0,55,10,3,16,11.242,561
2022-07-05T00:00:00.000Z,0,61,12,7,23.5,10.783,533
2022-07-06T00:00:00.000Z,2,112,12,7,34,16.444,537
2022-07-07T00:00:00.000Z,0,14,2,2,4,1.732,377
2022-07-08T00:00:00.000Z,0,17,3,2,5,2.266,532
2022-07-09T00:00:00.000Z,0,37,7,2,21,10.48,353
2022-07-10T00:00:00.000Z,3,101,15,7,29,18.957,551
2022-07-11T00:00:00.000Z,0,40,9,4,14,7.422,554
2022-07-12T00:00:00.000Z,0,21,4,2,8,4.943,560
2022-07-13T00:00:00.000Z,0,13,1,0,2,2.087,520
2022-07-14T00:00:00.000Z,0,67,14,1,21,11.352,551
2022-07-15T00:00:00.000Z,0,52,6,4,9,5.503,499
2022-07-16T00:00:00.000Z,0,20,1,0,3,2.302,573
2022-07-17T00:00:00.000Z,0,101,1,1,3,9.966,572
2022-07-18T00:00:00.000Z,0,27,5,2,9,5.45,571
2022-07-19T00:00:00.000Z,0,81,8,3,26,13.9,570
2022-07-20T00:00:00.000Z,4,149,39,24,62,23.02,573
2022-07-21T00:00:00.000Z,3,140,25,15,40,22.157,571
2022-07-22T00:00:00.000Z,0,330,10,4,26,19.539,570
2022-07-23T00:00:00.000Z,1,101,10,6,32,25.279,572
2022-07-24T00:00:00.000Z,0,522,4,2,11,22.714,573
2022-07-25T00:00:00.000Z,0,27,3,1,9,5.309,573
2022-07-26T00:00:00.000Z,0,75,3,1,4,5.289,572
2022-07-27T00:00:00.000Z,0,9,2,1,3,1.744,416
2022-07-28T00:00:00.000Z,0,57,2,1,5,4.393,562
2022-07-29T00:00:00.000Z,0,126,9,2,36,24.323,546
2022-07-30T00:00:00.000Z,0,25,2,1,5,4.077,567
2022-07-31T00:00:00.000Z,0,26,2,1,5,3.598,572
2022-08-01T00:00:00.000Z,0,9,1,0,3,1.805,257
2022-08-02T00:00:00.000Z,0,521,1,0,3,23.929,545
2022-08-03T00:00:00.000Z,0,15,3,1,4,2.118,566
2022-08-04T00:00:00.000Z,0,13,1,0,1,1.514,550
2022-08-05T00:00:00.000Z,0,63,6,2,15,12.245,569
2022-08-06T00:00:00.000Z,0,123,8.5,2,18,15.596,568
2022-08-07T00:00:00.000Z,0,139,26.5,2,38,19.74,550
2022-08-08T00:00:00.000Z,0,83,25,5,35,16.992,549
2022-08-09T00:00:00.000Z,4,45,25,16,31,10.14,569
2022-08-10T00:00:00.000Z,0,34,2,1,4,3.911,555
2022-08-11T00:00:00.000Z,0,107,3,1.5,8,14.378,552
2022-08-12T00:00:00.000Z,0,53,19,6,24,9.756,570
2022-08-13T00:00:00.000Z,0,56,12,3,29,14.055,571
2022-08-14T00:00:00.000Z,0,60,2,1,5,9.42,564
2022-08-15T00:00:00.000Z,0,32,1,0,2,2.964,554
2022-08-16T00:00:00.000Z,0,114,5,2,9,13.653,573
2022-08-17T00:00:00.000Z,0,13,2,1,3,1.915,541
2022-08-18T00:00:00.000Z,0,72,2,1,4,5.97,557
2022-08-19T00:00:00.000Z,0,70,1,0,2,6.47,572
2022-08-20T00:00:00.000Z,0,147,13,1,25,16.682,553
2022-08-21T00:00:00.000Z,0,93,1,0,2,8.979,564
2022-08-22T00:00:00.000Z,0,21,1,0,2,2.443,532
2022-08-23T00:00:00.000Z,0,73,1,1,3,5.448,565
2022-08-24T00:00:00.000Z,0,54,1,1,2,6.533,557
2022-08-25T00:00:00.000Z,0,155,4,1,15,19.716,543
2022-08-26T00:00:00.000Z,0,51,11,2,21,12.162,566
2022-08-27T00:00:00.000Z,0,92,14,6,27,17.126,567
2022-08-28T00:00:00.000Z,1,44,7,5,10,3.488,561
2022-08-29T00:00:00.000Z,0,41,8,1,13,7.535,565
2022-08-30T00:00:00.000Z,0,198,2,1,5,19.538,568
2022-08-31T00:00:00.000Z,0,45,6,1,14,9.836,565
2022-09-01T00:00:00.000Z,0,94,1,0,2,10.473,559
2022-09-02T00:00:00.000Z,0,41,2,0,5,6.744,544
2022-09-03T00:00:00.000Z,0,95,5,1,11,9.666,548
2022-09-04T00:00:00.000Z,0,70,4,0,7,6.569,512
2022-09-05T00:00:00.000Z,2,146,9,5,16.5,16.632,528
2022-09-06T00:00:00.000Z,0,32,7,4,15,7.296,567
2022-09-07T00:00:00.000Z,0,18,6,2,9,3.826,560
2022-09-08T00:00:00.000Z,0,34,2,2,4,2.822,531
2022-09-09T00:00:00.000Z,0,29,2,1,4,2.478,565
2022-09-10T00:00:00.000Z,0,13,1,0,2,1.681,561
2022-09-11T00:00:00.000Z,0,22,1,0,2,2.861,563
2022-09-12T00:00:00.000Z,0,83,1,0,3,5.788,514
2022-09-13T00:00:00.000Z,0,186,5.5,1,17,18.793,558
2022-09-14T00:00:00.000Z,0,36,2,1,4,2.86,561
2022-09-15T00:00:00.000Z,0,22,5,1,9,4.579,562
2022-09-16T00:00:00.000Z,0,12,1,0,2,1.591,560
2022-09-17T00:00:00.000Z,0,24,1,0,2,2.206,560
2022-09-18T00:00:00.000Z,0,8,1,1,2,1.295,559
2022-09-19T00:00:00.000Z,0,28,3,1,8,4.865,561
2022-09-20T00:00:00.000Z,0,14,2,1,4,2.303,550
2022-09-21T00:00:00.000Z,2,28,9,6,16,6.384,557
2022-09-22T00:00:00.000Z,1,44,13,8,18,6.415,562
2022-09-23T00:00:00.000Z,0,14,2,1,4,2.703,562
2022-09-24T00:00:00.000Z,0,37,5,2,11,6.916,564
2022-09-25T00:00:00.000Z,0,28,2,1,4,2.544,562
2022-09-26T00:00:00.000Z,0,43,6,4,9,4.901,556
2022-09-27T00:00:00.000Z,0,23,2,1,4,3.827,561
2022-09-28T00:00:00.000Z,0,8,1,0,1,1.166,562
2022-09-29T00:00:00.000Z,0,27,2,1,4,3.229,551
2022-09-30T00:00:00.000Z,0,35,3,1,5,3.817,557
2022-10-01T00:00:00.000Z,0,49,6,4,14,9.685,557
2022-10-02T00:00:00.000Z,0,40,8,3,11,5.638,518
2022-10-03T00:00:00.000Z,0,56,6,4,9,5.874,513
2022-10-04T00:00:00.000Z,0,14,1,0,2,1.647,523
2022-10-05T00:00:00.000Z,0,71,2,1,4,10.191,534
2022-10-06T00:00:00.000Z,0,101,3,1,5,7.849,566
2022-10-07T00:00:00.000Z,0,22,2,1,3,2.941,563
2022-10-08T00:00:00.000Z,0,51,1,0,1,4.427,566
2022-10-09T00:00:00.000Z,0,51,5,0,8,4.857,568
2022-10-10T00:00:00.000Z,0,82,3,2,6,6.957,567
2022-10-11T00:00:00.000Z,2,67,7,5,10,5.806,564
2022-10-12T00:00:00.000Z,0,12,1,0,2,1.903,556
2022-10-13T00:00:00.000Z,0,24,1,0,2,2.695,566
2022-10-14T00:00:00.000Z,0,60,1,0,3,3.431,558
2022-10-15T00:00:00.000Z,0,90,1,0,2,4.636,566
2022-10-16T00:00:00.000Z,0,47,3,1,7,4.526,436
2022-10-17T00:00:00.000Z,0,120,2,1,6.5,10.986,564
2022-10-18T00:00:00.000Z,0,49,6,3,8,4.61,406
2022-10-21T00:00:00.000Z,0,45,9,3,14,8.905,554
2022-10-22T00:00:00.000Z,0,22,5,2,10,4.804,566
2022-10-23T00:00:00.000Z,0,29,1,0,3,6.538,273
2022-10-24T00:00:00.000Z,0,28,5,2,10,5.51,561
2022-10-25T00:00:00.000Z,0,41,5,3,9,4.416,562
2022-10-26T00:00:00.000Z,0,15,1,0,4,2.662,563
2022-10-27T00:00:00.000Z,0,10,0,0,1,1.277,564
2022-10-28T00:00:00.000Z,0,6,0,0,1,0.915,560
2022-10-29T00:00:00.000Z,0,25,1,0,9,5.105,378
2022-10-30T00:00:00.000Z,0,11,1,0,1,1.259,190
2022-10-31T00:00:00.000Z,0,27,0,0,1,3.311,563
2022-11-01T00:00:00.000Z,0,8,1,0,1,1.052,559
2022-11-02T00:00:00.000Z,0,25,1,0,2,2.067,560
2022-11-03T00:00:00.000Z,0,10,0,0,1,1.029,565
2022-11-04T00:00:00.000Z,0,14,1,0,3,2.574,563
2022-11-05T00:00:00.000Z,0,41,10,4,14,8.562,561
2022-11-06T00:00:00.000Z,0,115,3,2,4,5.231,559
2022-11-07T00:00:00.000Z,0,54,4,3,6,5.647,568
2022-11-08T00:00:00.000Z,1,52,5,3,7,6.24,562
2022-11-09T00:00:00.000Z,1,110,6,5,8,12.328,566
2022-11-10T00:00:00.000Z,0,25,5,3,6,2.735,565
2022-11-11T00:00:00.000Z,0,10,1,1,2,1.205,563
2022-11-12T00:00:00.000Z,0,37,5,2,12,7.132,566
2022-11-13T00:00:00.000Z,0,30,2,1,3,3.857,568
2022-11-14T00:00:00.000Z,0,41,2,1,3,4.046,564
2022-11-15T00:00:00.000Z,0,18,1,0,1,1.281,565
2022-11-16T00:00:00.000Z,0,58,0,0,1,5.212,562
2022-11-17T00:00:00.000Z,0,32,0,0,4,3.166,564
2022-11-18T00:00:00.000Z,0,54,4,2,7,3.983,567
2022-11-19T00:00:00.000Z,0,63,1,0,2,4.925,562
2022-11-20T00:00:00.000Z,0,12,0,0,1,0.978,567
2022-11-21T00:00:00.000Z,0,7,1,0,1,1.014,567
2022-11-22T00:00:00.000Z,0,7,1,0,2,1.255,564
2022-11-23T00:00:00.000Z,0,12,1,0,2,1.515,564
2022-11-24T00:00:00.000Z,0,8,0,0,1,0.93,554
2022-11-25T00:00:00.000Z,0,17,1,0,2,1.556,563
2022-11-26T00:00:00.000Z,0,35,1,1,3,3.864,563
2022-11-27T00:00:00.000Z,0,9,1,0,2,1.245,567
2022-11-28T00:00:00.000Z,0,9,1,0,1,1.107,561
2022-11-29T00:00:00.000Z,0,33,2,1,3,2.106,553
2022-11-30T00:00:00.000Z,0,19,0,0,1,1.471,563
2022-12-01T00:00:00.000Z,0,18,2.5,1,5,4.526,514
2022-12-02T00:00:00.000Z,3,40,9,7,11,3.475,569
2022-12-03T00:00:00.000Z,2,35,7,5,13,5.856,570
2022-12-04T00:00:00.000Z,1,22,6,4,10,3.881,564
2022-12-05T00:00:00.000Z,0,12,3,2,5,2.179,560
2022-12-06T00:00:00.000Z,0,7,2,1,3,1.343,565
2022-12-07T00:00:00.000Z,0,33,1,0,2,2.539,565
2022-12-08T00:00:00.000Z,0,25,1,0,1,2.601,565
2022-12-09T00:00:00.000Z,0,55,1,0,3,4.561,563
2022-12-10T00:00:00.000Z,0,97,4,2,6,6.875,564
2022-12-11T00:00:00.000Z,0,55,3,1,5,5.138,568
2022-12-12T00:00:00.000Z,0,11,1,1,2,1.332,563
2022-12-13T00:00:00.000Z,0,15,1,0,2,1.783,557
2022-12-14T00:00:00.000Z,0,24,1,1,2,2.323,562
2022-12-15T00:00:00.000Z,0,18,1,0,3,1.758,566
2022-12-16T00:00:00.000Z,0,7,1,0,1,1.191,565
2022-12-17T00:00:00.000Z,0,35,2,1,5,3.989,568
2022-12-18T00:00:00.000Z,0,18,1,1,3,1.965,549
2022-12-19T00:00:00.000Z,0,171,3,1,5,13.485,565
2022-12-20T00:00:00.000Z,0,183,2,1,3,12.308,565
2022-12-21T00:00:00.000Z,0,124,4,3,5,7.132,555
2022-12-22T00:00:00.000Z,2,39,11,6,19,9.792,564
2022-12-23T00:00:00.000Z,2,22,10,8,12,3.426,402
2022-12-24T00:00:00.000Z,1,37,4,3,6,3.488,503
2022-12-25T00:00:00.000Z,0,56,4,2,10,6.116,512
2022-12-26T00:00:00.000Z,3,63,16,13,21,6.547,431
2022-12-27T00:00:00.000Z,1,99,6,5,7.5,11.306,549
2022-12-28T00:00:00.000Z,0,22,2,2,3,1.86,498
2022-12-29T00:00:00.000Z,0,35,3,2,5,4.145,563
2022-12-30T00:00:00.000Z,4,78,11,8,15,7.662,468
2022-12-31T00:00:00.000Z,2,76,12,8,21,9.563,550
2023-01-01T00:00:00.000Z,0,155,5,4,7,9.838,544
2023-01-02T00:00:00.000Z,0,30,3,2,4,2.437,562
2023-01-03T00:00:00.000Z,0,6,1,1,2,0.974,466
2023-01-04T00:00:00.000Z,0,7,2,2,3,1.228,499
2023-01-05T00:00:00.000Z,0,28,2,1,2,1.842,560
2023-01-06T00:00:00.000Z,0,102,3,2,4,11.783,559
2023-01-07T00:00:00.000Z,0,31,4,2,7,3.171,561
2023-01-08T00:00:00.000Z,0,58,3,2,5,6.339,566
2023-01-09T00:00:00.000Z,2,46,6,4,9,4.321,546
2023-01-10T00:00:00.000Z,1,82,6,4,8,9.311,554
2023-01-11T00:00:00.000Z,3,92,10,8,13,10.577,559
2023-01-12T00:00:00.000Z,8,53,13,11,19,5.333,564
2023-01-13T00:00:00.000Z,5,50,13,9,20,7.054,509
2023-01-14T00:00:00.000Z,0,138,11,6,19,12.301,563
2023-01-15T00:00:00.000Z,0,13,2,1,4,1.76,487
2023-01-16T00:00:00.000Z,1,82,8.5,6,11,6.301,554
2023-01-17T00:00:00.000Z,2,51,6,5,8,3.785,371
2023-01-18T00:00:00.000Z,0,2,0,0,1,0.59,102
2023-01-19T00:00:00.000Z,0,17,0,0,1,1.085,570
2023-01-20T00:00:00.000Z,0,56,3,2,5,4.415,564
2023-01-21T00:00:00.000Z,0,35,3,2,4,3.721,561
2023-01-22T00:00:00.000Z,0,37,4,3,6,3.791,568
2023-01-23T00:00:00.000Z,0,58,7,3,13,8.005,488
2023-01-24T00:00:00.000Z,0,73,9,6,14,6.667,563
2023-01-25T00:00:00.000Z,0,66,5,3,9,8.177,518
2023-01-26T00:00:00.000Z,0,142,1,0,1,11.359,563
2023-01-27T00:00:00.000Z,0,50,3,2,5,4.555,454
2023-01-28T00:00:00.000Z,0,65,4,3,5,4.523,565
2023-01-29T00:00:00.000Z,0,30,1,0,3,3.052,555
2023-01-30T00:00:00.000Z,0,20,2,1,3,1.743,503
2023-01-31T00:00:00.000Z,0,23,1,1,2,2.009,463
2023-02-01T00:00:00.000Z,0,4,0,0,1,0.667,562
2023-02-02T00:00:00.000Z,0,32,0,0,1,2.193,559
2023-02-03T00:00:00.000Z,0,7,0,0,1,1.506,421
2023-02-04T00:00:00.000Z,0,11,3,2,4,1.529,568
2023-02-05T00:00:00.000Z,0,7,0,0,1,0.857,527
2023-02-06T00:00:00.000Z,0,11,0,0,1,1.15,472
2023-02-07T00:00:00.000Z,0,157,1,0,2,21.192,486
2023-02-08T00:00:00.000Z,1,39,7,4,13,5.547,433
2023-02-09T00:00:00.000Z,3,54,11,8,14,10.171,485
2023-02-10T00:00:00.000Z,3,36,11,8,16,6.107,510
2023-02-11T00:00:00.000Z,0,83,8,3,11,10.293,469
2023-02-12T00:00:00.000Z,0,32,2,1,3,2.555,554
2023-02-13T00:00:00.000Z,0,58,1,1,3,3.329,428
2023-02-14T00:00:00.000Z,0,15,3,2,4,1.948,480
2023-02-15T00:00:00.000Z,1,34,4,3,6,4.043,448
2023-02-16T00:00:00.000Z,0,38,5,3,7,3.368,460
2023-02-17T00:00:00.000Z,0,56,4,3,9,6.866,415
2023-02-18T00:00:00.000Z,0,18,4,2,6,2.773,562
2023-02-19T00:00:00.000Z,0,123,7,4,9,8.456,461
2023-02-20T00:00:00.000Z,0,43,4,3,5,3.705,563
2023-02-21T00:00:00.000Z,0,135,1,1,2,12.088,563
2023-02-22T00:00:00.000Z,0,44,2,1,3,3.144,443
2023-02-23T00:00:00.000Z,0,213,3,2,6,11.981,415
2023-02-24T00:00:00.000Z,0,55,2,1,3,5.666,563
2023-02-25T00:00:00.000Z,0,86,2,0,5,7.651,465
2023-02-26T00:00:00.000Z,0,22,1,0,1,1.846,560
2023-02-27T00:00:00.000Z,0,19,1,0,3,1.824,561
2023-02-28T00:00:00.000Z,0,8,1,0,2,1.835,457
2023-03-01T00:00:00.000Z,0,113,0,0,1,9.047,559
2023-03-02T00:00:00.000Z,0,4,0,0,1,0.756,556
2023-03-03T00:00:00.000Z,0,21,4,2,6,2.654,545
2023-03-04T00:00:00.000Z,2,127,9,7,13,10.132,566
2023-03-05T00:00:00.000Z,0,142,2,1,6,9.644,567
2023-03-06T00:00:00.000Z,0,100,1,0,2,11.488,561
2023-03-07T00:00:00.000Z,0,20,1,0,2,1.742,563
2023-03-08T00:00:00.000Z,0,12,1,0,1,1.03,568
2023-03-09T00:00:00.000Z,0,11,1,0,1,1.177,492
2023-03-10T00:00:00.000Z,0,42,1,0,2,2.553,566
2023-03-11T00:00:00.000Z,0,66,2,1,4,4.758,567
2023-03-12T00:00:00.000Z,0,29,0,0,0,1.639,566
2023-03-13T00:00:00.000Z,0,53,5,2,11,6.049,566
2023-03-14T00:00:00.000Z,0,49,11,3,23,11.949,399
2023-03-15T00:00:00.000Z,0,64,17,8,22,11.642,567
2023-03-16T00:00:00.000Z,0,53,1,0,2,4.187,568
2023-03-17T00:00:00.000Z,0,22,2.5,1,5,2.36,566
2023-03-18T00:00:00.000Z,0,23,2,1,5,3.783,458
2023-03-19T00:00:00.000Z,0,6,0,0,1,0.759,557
2023-03-20T00:00:00.000Z,0,24,1,0,2,1.623,560
2023-03-21T00:00:00.000Z,2,48,9,7,11,4.354,567
2023-03-22T00:00:00.000Z,0,284,4,2,8.5,20.412,556
2023-03-23T00:00:00.000Z,0,195,3,2,9,12.638,565
2023-03-24T00:00:00.000Z,0,15,0,0,0,0.821,561
2023-03-25T00:00:00.000Z,0,28,0,0,1,2.55,560
2023-03-26T00:00:00.000Z,4,27,9,8,11,3.351,532
2023-03-27T00:00:00.000Z,1,38,10,8,12,3.478,528
2023-03-28T00:00:00.000Z,0,31,3,1,5,2.995,560
2023-03-29T00:00:00.000Z,0,6,0,0,1,0.799,483
2023-03-30T00:00:00.000Z,0,7,0,0,1,0.733,562
2023-03-31T00:00:00.000Z,0,3,0,0,1,0.706,562
2023-04-01T00:00:00.000Z,0,45,1,0,2,2.657,527
2023-04-02T00:00:00.000Z,0,9,1,0,2,2.356,553
2023-04-03T00:00:00.000Z,3,99,15,8,22,10.757,559
2023-04-04T00:00:00.000Z,6,39,17,14,22,6.709,571
2023-04-05T00:00:00.000Z,1,115,19,13,26,29.145,568
2023-04-06T00:00:00.000Z,2,325,46,36,55,25.792,574
2023-04-07T00:00:00.000Z,0,72,5,3,8,7.727,321
2023-04-14T00:00:00.000Z,5,34,9,8,11,3.644,167
2023-04-15T00:00:00.000Z,0,277,2,1,4,14.327,574
2023-04-16T00:00:00.000Z,0,86,2,1,3,4.175,574
2023-04-17T00:00:00.000Z,0,16,3,1,4,2.531,573
2023-04-18T00:00:00.000Z,0,48,2,1,3,3.76,574
2023-04-19T00:00:00.000Z,0,17,2,1,6,3.012,491
2023-04-20T00:00:00.000Z,0,19,4,2,5.5,3.796,573
2023-04-21T00:00:00.000Z,0,158,3,1,4,7.942,516
2023-04-22T00:00:00.000Z,0,17,4,2,9,3.801,505
2023-04-23T00:00:00.000Z,0,106,5,2,18,11.496,370
2023-04-24T00:00:00.000Z,5,1144,19,10,23,50.551,565
2023-04-25T00:00:00.000Z,3,114,24,10,30,11.537,573
2023-04-26T00:00:00.000Z,2,129,13,11,17,8.917,571
2023-04-27T00:00:00.000Z,0,78,5,3,7,7.645,574
2023-04-28T00:00:00.000Z,0,34,3,1,5,3.571,396
2023-04-29T00:00:00.000Z,0,72,29,1,43,21.45,569
2023-04-30T00:00:00.000Z,1,32,11,4,15,6.311,419
2023-05-01T00:00:00.000Z,0,68,6,3,10,5.623,571
2023-05-02T00:00:00.000Z,0,50,2,1,4,5.32,565
2023-05-03T00:00:00.000Z,0,23,1,1,3,2.764,410
2023-05-04T00:00:00.000Z,0,35,3,1,5,4.497,572
2023-05-05T00:00:00.000Z,0,71,3,2,5,5.79,415
2023-05-06T00:00:00.000Z,0,59,2,0,7,6.743,570
2023-05-07T00:00:00.000Z,0,63,0,0,1,4.386,449
2023-05-08T00:00:00.000Z,0,123,2,1,8,16.317,569
2023-05-09T00:00:00.000Z,0,70,2,1,6.5,12.17,573
2023-05-10T00:00:00.000Z,0,32,3,0,7,3.901,570
2023-05-11T00:00:00.000Z,0,80,13,5,18,8.287,570
2023-05-12T00:00:00.000Z,1,143,26,10,36,16.954,574
2023-05-13T00:00:00.000Z,10,82,34,26,52,17.119,573
2023-05-14T00:00:00.000Z,13,98,31,22,37,19.935,568
2023-05-15T00:00:00.000Z,0,56,15,9,20,7.611,573
2023-05-16T00:00:00.000Z,0,17,3,2,4,2.785,460
2023-05-17T00:00:00.000Z,0,33,5,2,12,6.119,559
2023-05-18T00:00:00.000Z,0,122,5,2,17,11.663,572
2023-05-19T00:00:00.000Z,0,77,3,1,4,9.322,572
2023-05-20T00:00:00.000Z,0,84,3,1,10,13.168,574
2023-05-21T00:00:00.000Z,0,63,8,6,11,8.308,572
2023-05-22T00:00:00.000Z,0,130,6,4,9,10.762,534
2023-05-23T00:00:00.000Z,1,305,6,4,10,17.295,570
2023-05-24T00:00:00.000Z,2,71,8,6,10,4.806,573
2023-05-25T00:00:00.000Z,0,137,8,2,26,25.477,530
2023-05-26T00:00:00.000Z,0,85,3,1,16,12.861,426
2023-05-27T00:00:00.000Z,0,99,2,1,4,6.706,457
2023-05-28T00:00:00.000Z,0,82,5,2,17,14.456,482
2023-05-29T00:00:00.000Z,0,45,2,1,4,3.134,500
2023-05-30T00:00:00.000Z,0,11,1,1,2.5,1.626,573
2023-05-31T00:00:00.000Z,0,53,3,2,5,3.208,354
2023-06-01T00:00:00.000Z,0,116,8,4,18,19.696,569
2023-06-02T00:00:00.000Z,1,65,15,7,25,12.877,570
2023-06-03T00:00:00.000Z,8,81,19,14,29,10.648,463
2023-06-04T00:00:00.000Z,7,150,18,14,24,9.697,571
2023-06-05T00:00:00.000Z,0,31,3,1,4,4.027,572
2023-06-06T00:00:00.000Z,0,36,4,2,5,4.303,359
2023-06-07T00:00:00.000Z,0,19,3,1,4,1.93,573
2023-06-08T00:00:00.000Z,0,14,1,1,3,1.688,440
2023-06-09T00:00:00.000Z,0,74,2,1,4,7.146,569
2023-06-10T00:00:00.000Z,0,192,6,3,10,24.665,573
2023-06-11T00:00:00.000Z,0,70,7,3,11,7.352,574
2023-06-12T00:00:00.000Z,0,104,5,2,13,15.577,573
2023-06-13T00:00:00.000Z,0,102,2,1,5,13.179,573
2023-06-14T00:00:00.000Z,0,111,2,1,6,15.683,563
2023-06-15T00:00:00.000Z,0,69,6,3,9,9.426,572
2023-06-16T00:00:00.000Z,0,81,1,0,2,10.007,573
2023-06-17T00:00:00.000Z,0,280,1,0,2,12.644,564
2023-06-18T00:00:00.000Z,0,67,1,0,3,9.642,573
2023-06-19T00:00:00.000Z,0,34,0,0,1,2.311,370
2023-06-20T00:00:00.000Z,0,107,14,7,28,16.697,565
2023-06-21T00:00:00.000Z,0,54,13,9,17,8.463,573
2023-06-22T00:00:00.000Z,0,69,3,2,6,8.144,573
2023-06-23T00:00:00.000Z,0,130,2,1,6,11.078,568
2023-06-24T00:00:00.000Z,0,185,1,0,3,11.773,572
2023-06-25T00:00:00.000Z,0,120,7,2,23,20.433,574
2023-06-26T00:00:00.000Z,0,53,4,2,8,7.501,501
2023-06-27T00:00:00.000Z,0,79,3,2,6,7.466,571
2023-06-28T00:00:00.000Z,0,115,1,1,2,11.667,574
2023-06-29T00:00:00.000Z,0,19,0,0,1,1.392,574
2023-06-30T00:00:00.000Z,0,40,1,0,2,5.752,574
2023-07-01T00:00:00.000Z,0,133,4,2,15.5,16.363,384
2023-07-02T00:00:00.000Z,0,136,9,6,32,23.129,572
2023-07-03T00:00:00.000Z,3,88,17,9,30,14.116,570
2023-07-04T00:00:00.000Z,4,115,31,14,39,17.259,404
2023-07-05T00:00:00.000Z,0,117,6,4,23,16.636,558
2023-07-06T00:00:00.000Z,0,70,2,1,3,8.041,287
2023-07-07T00:00:00.000Z,0,40,1,0,3,5.424,564
2023-07-08T00:00:00.000Z,0,23,2,1,3,2.898,351
2023-07-09T00:00:00.000Z,0,55,1,0,2,5.439,372
2023-07-10T00:00:00.000Z,0,18,1,1,2,1.438,364
2023-07-11T00:00:00.000Z,2,104,7,5,13,10.285,569
2023-07-12T00:00:00.000Z,0,161,4,2,7,14.542,569
2023-07-13T00:00:00.000Z,0,48,2,2,4,7.918,567
2023-07-14T00:00:00.000Z,0,54,2,1,3,5.516,567
2023-07-15T00:00:00.000Z,0,145,8,3.5,12,13.833,488
2023-07-16T00:00:00.000Z,0,144,12,3,23,12.896,575
2023-07-17T00:00:00.000Z,0,82,7,3,12,8.398,377
2023-07-18T00:00:00.000Z,0,75,4,3,6,6.067,574
2023-07-19T00:00:00.000Z,0,66,5,2,9,7.39,464
2023-07-20T00:00:00.000Z,0,41,2,1,4,6.854,563
2023-07-21T00:00:00.000Z,0,65,10,4,21,12.115,574
2023-07-22T00:00:00.000Z,0,77,7,2,12,9.154,574
2023-07-23T00:00:00.000Z,0,51,6,3,9,6.76,574
2023-07-24T00:00:00.000Z,0,234,2,1,6,13.032,574
2023-07-25T00:00:00.000Z,0,101,26,3,35,18.95,573
2023-07-26T00:00:00.000Z,3,147,22,11,31,22.926,572
2023-07-27T00:00:00.000Z,1,92,5,4,8,7.055,569
2023-07-28T00:00:00.000Z,0,128,6,2,12,11.672,573
2023-07-29T00:00:00.000Z,0,116,6,2,11,12.824,574
2023-07-30T00:00:00.000Z,0,52,3,1,7,7.084,573
2023-07-31T00:00:00.000Z,0,79,1,0,2,10.306,573
2023-08-01T00:00:00.000Z,0,138,10,5,17,11.929,574
2023-08-02T00:00:00.000Z,0,46,6,3,8,6.788,572
2023-08-03T00:00:00.000Z,1,35,5,3,7,3.631,563
2023-08-04T00:00:00.000Z,0,27,2,1,5,2.769,574
2023-08-05T00:00:00.000Z,0,112,7,1,14,11.534,573
2023-08-06T00:00:00.000Z,0,90,9,5,16.5,12.491,573
2023-08-07T00:00:00.000Z,0,104,19,12,25,15.449,571
2023-08-08T00:00:00.000Z,10,154,26,21,37,15.381,574
2023-08-09T00:00:00.000Z,1,29,5,4,6,3.028,561
2023-08-10T00:00:00.000Z,0,43,3,2,6,5.488,557
2023-08-11T00:00:00.000Z,0,61,3,2,5,6.816,566
2023-08-12T00:00:00.000Z,0,187,5,2,12,17.911,574
2023-08-13T00:00:00.000Z,0,80,7,4,12,9.916,574
2023-08-14T00:00:00.000Z,0,64,9,3,19,10.81,574
2023-08-15T00:00:00.000Z,0,70,18,4,25,11.768,570
2023-08-16T00:00:00.000Z,0,159,6,2,11,16.349,575
2023-08-17T00:00:00.000Z,0,78,6,3,12,9.546,573
2023-08-18T00:00:00.000Z,0,69,1,1,3,7.899,574
2023-08-19T00:00:00.000Z,0,28,1,0,2,1.993,573
2023-08-20T00:00:00.000Z,0,94,4,0,12,13.066,566
2023-08-21T00:00:00.000Z,0,24,5,2,7,4.231,559
2023-08-22T00:00:00.000Z,0,75,3,2,7,12.061,574
2023-08-23T00:00:00.000Z,0,127,2,1,5,12.563,574
2023-08-24T00:00:00.000Z,0,39,2,1,4,6.382,574
2023-08-25T00:00:00.000Z,0,82,2,1,5,9.135,572
2023-08-26T00:00:00.000Z,0,64,4,3,8,7.674,574
2023-08-27T00:00:00.000Z,1,87,7,4,24,15.79,561
2023-08-28T00:00:00.000Z,5,85,25,17,40,15.592,575
2023-08-29T00:00:00.000Z,0,12,6,5,7,2.217,574
2023-08-30T00:00:00.000Z,0,120,1,0,5,14.95,559
2023-08-31T00:00:00.000Z,0,108,4,1,22,15.837,573
2023-09-01T00:00:00.000Z,0,156,9,4,16.5,12.832,573
2023-09-02T00:00:00.000Z,3,95,20,6,36,17.408,571
2023-09-03T00:00:00.000Z,0,123,2,1,3,7.058,572
2023-09-04T00:00:00.000Z,0,29,3,2,4,2.924,544
2023-09-05T00:00:00.000Z,0,86,4,2,8,8.917,573
2023-09-06T00:00:00.000Z,0,19,2,1,2,1.812,574
2023-09-07T00:00:00.000Z,0,67,0,0,1,3.009,574
2023-09-08T00:00:00.000Z,0,22,1,1,3,2.472,573
2023-09-09T00:00:00.000Z,0,79,2,1,4,11.459,564
2023-09-10T00:00:00.000Z,0,105,9,2,16,10.6,573
2023-09-11T00:00:00.000Z,0,83,7,1,13,11.378,573
2023-09-12T00:00:00.000Z,0,71,2,1,4,6.433,573
2023-09-13T00:00:00.000Z,0,54,5,2,8,5.535,557
2023-09-14T00:00:00.000Z,0,16,3,2,4,1.743,574
2023-09-15T00:00:00.000Z,0,87,4,2,9,8.371,554
2023-09-16T00:00:00.000Z,0,31,2,1,2,2.266,573
2023-09-17T00:00:00.000Z,0,44,4,2,5,3.49,575
2023-09-18T00:00:00.000Z,3,42,9,7,13,4.057,566
2023-09-19T00:00:00.000Z,0,47,3,1,7,5.442,570
2023-09-20T00:00:00.000Z,0,80,1,1,2,4.292,546
2023-09-21T00:00:00.000Z,0,70,2,0,7,10.84,574
2023-09-22T00:00:00.000Z,0,110,5,1,9,11.736,572
2023-09-23T00:00:00.000Z,0,100,13,5,24,15,575
2023-09-24T00:00:00.000Z,0,159,3,2,4,7.869,573
2023-09-25T00:00:00.000Z,0,25,3,2,4,3.336,574
2023-09-26T00:00:00.000Z,0,18,4,2,6,3.621,548
2023-09-27T00:00:00.000Z,0,14,2,1,5,2.719,562
2023-09-28T00:00:00.000Z,0,38,7,3,11,5.56,575
2023-09-29T00:00:00.000Z,0,43,3,2,4,4.276,573
2023-09-30T00:00:00.000Z,0,188,4,3,5,17.317,573
2023-10-01T00:00:00.000Z,0,29,3,2,4,2.918,573
2023-10-02T00:00:00.000Z,0,47,6,4,8,4.447,573
2023-10-03T00:00:00.000Z,0,24,2,1,3,1.906,573
2023-10-04T00:00:00.000Z,0,30,1,0,2,3.437,573
2023-10-05T00:00:00.000Z,0,25,1,1,2,2.999,575
2023-10-06T00:00:00.000Z,0,141,1,0,2,15.168,572
2023-10-07T00:00:00.000Z,0,152,6,2,13,16.881,573
2023-10-08T00:00:00.000Z,0,196,1,0,2,21.319,574
2023-10-09T00:00:00.000Z,0,88,0,0,1,7.857,574
2023-10-10T00:00:00.000Z,0,71,2,0,4,9.591,558
2023-10-11T00:00:00.000Z,0,67,2,1,3,3.53,572
2023-10-12T00:00:00.000Z,0,68,2,1,3,8.753,574
2023-10-13T00:00:00.000Z,0,22,1,0,1,1.85,573
2023-10-14T00:00:00.000Z,0,12,2,1,3,1.887,574
2023-10-15T00:00:00.000Z,0,39,2,1,6,6.078,574
2023-10-16T00:00:00.000Z,0,43,2,1,3,5.213,574
2023-10-17T00:00:00.000Z,0,152,3,1,5,21.771,573
2023-10-18T00:00:00.000Z,0,21,2,1,3,2.411,565
2023-10-19T00:00:00.000Z,0,456,3,2,4,43.125,553
2023-10-20T00:00:00.000Z,0,40,5,3,6,4.256,574
2023-10-21T00:00:00.000Z,0,33,0,0,3,3.189,573
2023-10-22T00:00:00.000Z,0,45,2,1,4,5.187,573
2023-10-23T00:00:00.000Z,0,10,2,1,3,2.007,566
2023-10-24T00:00:00.000Z,0,63,1,1,2,3.217,573
2023-10-25T00:00:00.000Z,0,26,1,0,1,2.416,573
2023-10-26T00:00:00.000Z,0,120,5,1,17,16.476,574
2023-10-27T00:00:00.000Z,0,59,3,2,5,5.474,573
2023-10-28T00:00:00.000Z,0,122,3,1,5,11.226,575
2023-10-29T00:00:00.000Z,0,8,3,2,3,1.339,573
2023-10-30T00:00:00.000Z,0,82,1,0,2,4.843,574
2023-10-31T00:00:00.000Z,0,76,2,1,5,11.867,576
2023-11-01T00:00:00.000Z,0,59,1,0,3,8.004,568
2023-11-02T00:00:00.000Z,0,55,1,1,2,7.534,565
2023-11-03T00:00:00.000Z,0,60,1,0,6,9.594,572
2023-11-04T00:00:00.000Z,0,64,2,2,3,6.849,574
2023-11-05T00:00:00.000Z,0,119,2,1,3,12.32,574
2023-11-06T00:00:00.000Z,0,126,5,3,6,14.269,572
2023-11-07T00:00:00.000Z,1,62,5,4,7,4.558,572
2023-11-08T00:00:00.000Z,0,24,10,8,14,4.342,572
2023-11-09T00:00:00.000Z,5,52,11,9,15,6.659,542
2023-11-10T00:00:00.000Z,2,99,5,4,9,9.321,562
2023-11-11T00:00:00.000Z,0,14,1,1,2,1.438,570
2023-11-12T00:00:00.000Z,0,8,1,0,2,1.292,356
2023-11-13T00:00:00.000Z,0,12,2,2,3,1.308,574
2023-11-14T00:00:00.000Z,0,12,0,0,1,1.128,573
2023-11-15T00:00:00.000Z,0,32,1,0,2,1.868,574
2023-11-16T00:00:00.000Z,0,50,0,0,1,6.4,575
2023-11-17T00:00:00.000Z,0,7,0,0,1,0.755,573
2023-11-18T00:00:00.000Z,0,57,2,1,3,6.446,573
2023-11-19T00:00:00.000Z,0,97,9,2,31,16.393,574
2023-11-20T00:00:00.000Z,0,13,1,1,2,1.135,573
2023-11-21T00:00:00.000Z,0,196,2,1,5,9.514,572
2023-11-22T00:00:00.000Z,0,43,4,2,9,6.04,574
2023-11-23T00:00:00.000Z,1,104,6,5,9,8.213,574
2023-11-24T00:00:00.000Z,0,61,4,2,6,6.137,574
2023-11-25T00:00:00.000Z,0,47,6,4,8,4.387,574
2023-11-26T00:00:00.000Z,0,47,3,2,4,2.781,574
2023-11-27T00:00:00.000Z,0,45,2,1,5.5,6.964,573
2023-11-28T00:00:00.000Z,0,206,5,3,11,21.727,575
2023-11-29T00:00:00.000Z,0,29,1,0,2,1.692,574
2023-11-30T00:00:00.000Z,0,7,1,1,2,1.166,575
2023-12-01T00:00:00.000Z,0,33,2,1,3,2.782,573
2023-12-02T00:00:00.000Z,0,6,2,2,3,1.236,567
2023-12-03T00:00:00.000Z,0,99,3,2,4,8.489,575
2023-12-04T00:00:00.000Z,0,27,5,2,6,2.792,574
2023-12-05T00:00:00.000Z,0,121,4,3,5,7.258,574
2023-12-06T00:00:00.000Z,0,78,3,2,4,6.008,574
2023-12-07T00:00:00.000Z,0,35,3,2,4,3.772,572
2023-12-08T00:00:00.000Z,1,106,4,3,6,7.061,574
2023-12-09T00:00:00.000Z,0,11,2,1,3,2.067,575
2023-12-10T00:00:00.000Z,0,14,3,1,6,3.049,573
2023-12-11T00:00:00.000Z,2,34,11,8,18,7.448,574
2023-12-12T00:00:00.000Z,5,91,12,10,20,10.452,574
2023-12-13T00:00:00.000Z,0,51,7,2,18,9.344,575
2023-12-14T00:00:00.000Z,0,17,2,1,3,1.601,574
2023-12-15T00:00:00.000Z,0,54,1,0,1,3.521,575
2023-12-16T00:00:00.000Z,0,19,2,1,3,1.795,573
2023-12-17T00:00:00.000Z,0,39,4,3,6,4.144,574
2023-12-18T00:00:00.000Z,0,88,3,1,4,6.409,575
2023-12-19T00:00:00.000Z,0,5,0,0,1,0.89,573
2023-12-20T00:00:00.000Z,0,4,1,0,1,0.811,575
2023-12-21T00:00:00.000Z,0,136,1,0,1,8.182,574
2023-12-22T00:00:00.000Z,0,16,1,0,1,1.422,574
2023-12-23T00:00:00.000Z,0,77,2,1,3,3.49,574
2023-12-24T00:00:00.000Z,0,44,3,2,4,3.485,574
2023-12-25T00:00:00.000Z,0,13,4,2,6,2.999,574
2023-12-26T00:00:00.000Z,0,20,4,2,7,3.965,478
2023-12-27T00:00:00.000Z,0,37,4,3,5,3.205,573
2023-12-28T00:00:00.000Z,0,7,2,1,3,1.319,574
2023-12-29T00:00:00.000Z,0,5,1,0,2,0.958,572
2023-12-30T00:00:00.000Z,0,8,2,2,3,1.207,576
2023-12-31T00:00:00.000Z,0,15,5,3,6,1.974,570
2024-01-01T00:00:00.000Z,2,60,6,4,10,7.495,571
2024-01-02T00:00:00.000Z,6,39,14,12,17,4.23,555
2024-01-03T00:00:00.000Z,1,57,7,5,10,6.169,570
2024-01-04T00:00:00.000Z,1,16,5,4,6,2.317,575
2024-01-05T00:00:00.000Z,0,74,3,2,5,6.736,573
2024-01-06T00:00:00.000Z,0,49,5,3,6,3.602,577
2024-01-07T00:00:00.000Z,0,54,4,2,7,3.287,575
2024-01-08T00:00:00.000Z,0,17,3,1,5,3.498,573
2024-01-09T00:00:00.000Z,1,89,9,7,11,5.308,544
2024-01-10T00:00:00.000Z,0,46,3,2,5,5.068,572
2024-01-11T00:00:00.000Z,0,120,3,2,13,10.439,575
2024-01-12T00:00:00.000Z,3,62,15.5,12,20,7.739,574
2024-01-13T00:00:00.000Z,0,10,2,2,3,1.495,575
2024-01-14T00:00:00.000Z,0,74,3,2,4,7.164,573
2024-01-15T00:00:00.000Z,0,64,2,1,3,5.909,573
2024-01-16T00:00:00.000Z,0,57,1,0,2,6.533,572
2024-01-17T00:00:00.000Z,0,6,1,0,2,1.175,573
2024-01-18T00:00:00.000Z,0,7,1,0,3,1.41,574
2024-01-19T00:00:00.000Z,0,7,2,1,3,1.489,572
2024-01-20T00:00:00.000Z,0,147,2,1,5,7.843,575
2024-01-21T00:00:00.000Z,0,8,1,0,2,1.857,575
2024-01-22T00:00:00.000Z,0,11,1,0,4,2.878,574
2024-01-23T00:00:00.000Z,0,63,4,2,6,5.026,573
2024-01-24T00:00:00.000Z,0,122,4,3,5,12.195,563
2024-01-25T00:00:00.000Z,0,17,3,2,8,3.569,575
2024-01-26T00:00:00.000Z,0,66,2,1,3,4.078,574
2024-01-27T00:00:00.000Z,0,41,1,1,2,3.339,575
2024-01-28T00:00:00.000Z,0,23,2,1,4,3.53,575
2024-01-29T00:00:00.000Z,0,54,2,1,4,6.398,576
2024-01-30T00:00:00.000Z,0,56,2,1,3,3.429,576
2024-01-31T00:00:00.000Z,0,114,2,1,3,13.265,575
2024-02-01T00:00:00.000Z,0,34,2,1,3,2.316,569
2024-02-02T00:00:00.000Z,0,141,4,3,6,11.926,567
2024-02-03T00:00:00.000Z,0,41,2,2,4,3.609,561
2024-02-04T00:00:00.000Z,0,55,4,1,6,6.542,566
2024-02-05T00:00:00.000Z,0,5,0,0,1,0.62,575
2024-02-06T00:00:00.000Z,0,46,0,0,2,5.186,575
2024-02-07T00:00:00.000Z,0,14,1,0,1,1.661,575
2024-02-08T00:00:00.000Z,0,31,4,3,5,2.616,574
2024-02-09T00:00:00.000Z,0,29,2,1,4,2.527,575
2024-02-10T00:00:00.000Z,0,83,5,3,6,5.447,575
2024-02-11T00:00:00.000Z,0,53,4,2,9,5.219,576
2024-02-12T00:00:00.000Z,0,44,8,6,10,4.209,575
2024-02-13T00:00:00.000Z,0,63,2,1,4,4.904,575
2024-02-14T00:00:00.000Z,0,10,1,0,2,1.465,575
2024-02-15T00:00:00.000Z,0,14,1,1,2,1.885,572
2024-02-16T00:00:00.000Z,1,47,7,4,9,7.36,575
2024-02-17T00:00:00.000Z,0,52,2,1,7,10.1,576
2024-02-18T00:00:00.000Z,0,58,1,0,1,6.566,574
2024-02-19T00:00:00.000Z,0,57,3,2,6,6.318,576
2024-02-20T00:00:00.000Z,0,135,11,8,14,9.62,575
2024-02-21T00:00:00.000Z,0,151,2,2,4,11.269,574
2024-02-22T00:00:00.000Z,0,122,3,2,6,5.831,571
2024-02-23T00:00:00.000Z,0,66,3,2,4,5.825,574
2024-02-24T00:00:00.000Z,0,54,4,2,5,5.679,574
2024-02-25T00:00:00.000Z,0,89,2,1,9,20.049,574
2024-02-26T00:00:00.000Z,0,20,2,1,3,2.303,574
2024-02-27T00:00:00.000Z,1,119,9,6,12,10.222,575
2024-02-28T00:00:00.000Z,1,35,7,5,8,2.925,575
2024-02-29T00:00:00.000Z,0,46,2,1,3,3.801,575
2024-03-01T00:00:00.000Z,0,105,1,1,2,6.189,565
2024-03-02T00:00:00.000Z,0,18,2,1,2,1.594,574
2024-03-03T00:00:00.000Z,0,22,2,1,4,2.298,574
2024-03-04T00:00:00.000Z,0,52,3,1,4,4.284,574
2024-03-05T00:00:00.000Z,0,54,3,1,4,4.28,574
2024-03-06T00:00:00.000Z,0,39,3,1,4,3.992,574
2024-03-07T00:00:00.000Z,0,119,3,2,5,10.084,571
2024-03-08T00:00:00.000Z,4,55,20,16,24,6.498,574
2024-03-09T00:00:00.000Z,0,33,3,2,3,3.015,572
2024-03-10T00:00:00.000Z,1,94,8,3,11,9.175,574
2024-03-11T00:00:00.000Z,0,52,2,1,3,5.311,571
2024-03-12T00:00:00.000Z,0,114,2,1,3,6.387,574
2024-03-13T00:00:00.000Z,0,9,3,2,4,1.425,576
2024-03-14T00:00:00.000Z,0,145,2,1,4,10.338,570
2024-03-15T00:00:00.000Z,0,62,1,1,2,4.661,573
2024-03-16T00:00:00.000Z,0,74,4,2,21,17.82,577
2024-03-17T00:00:00.000Z,2,56,9,7,11,4.501,571
2024-03-18T00:00:00.000Z,1,68,13,8,20,9.267,576
2024-03-19T00:00:00.000Z,0,34,1,0,3,3.041,574
2024-03-20T00:00:00.000Z,0,52,0,0,1,4.236,575
2024-03-21T00:00:00.000Z,0,41,1,0,3,3.524,576
2024-03-22T00:00:00.000Z,0,50,4,2,8,6.141,493
2024-03-23T00:00:00.000Z,0,39,1,0,2,3.169,535
2024-03-24T00:00:00.000Z,0,70,1,0,1,5.06,573
2024-03-25T00:00:00.000Z,0,25,1,0,2,1.669,575
2024-03-26T00:00:00.000Z,0,23,0,0,1,1.385,575
2024-03-27T00:00:00.000Z,0,24,0,0,1,1.986,575
2024-03-28T00:00:00.000Z,0,87,2,0,5,15.031,574
2024-03-29T00:00:00.000Z,24,97,69,51,80,20.236,363
2024-03-30T00:00:00.000Z,13,145,29,23,39,23.725,574
2024-03-31T00:00:00.000Z,10,233,40,17,64,53.894,574
2024-04-01T00:00:00.000Z,0,51,7,2,12,7.833,565
2024-04-02T00:00:00.000Z,0,6,0,0,1,1.042,576
2024-04-03T00:00:00.000Z,0,18,2,1,4,2.627,574
2024-04-04T00:00:00.000Z,0,10,1,0,4,2.247,575
2024-04-05T00:00:00.000Z,0,31,4,2,8,4.34,571
2024-04-06T00:00:00.000Z,0,9,1,1,3,1.664,575
2024-04-07T00:00:00.000Z,0,34,2,1,2,2.37,575
2024-04-08T00:00:00.000Z,0,29,1,0,2,2.984,573
2024-04-09T00:00:00.000Z,0,3,0,0,1,0.592,573
2024-04-10T00:00:00.000Z,0,3,0,0,1,0.685,573
2024-04-11T00:00:00.000Z,0,7,0,0,1,1.34,575
2024-04-12T00:00:00.000Z,0,7,0,0,1,1.1,575
2024-04-13T00:00:00.000Z,0,24,7,1,13,6.511,575
2024-04-14T00:00:00.000Z,0,50,12,2,15,8.05,575
2024-04-15T00:00:00.000Z,0,23,2,1,6,4.366,576
2024-04-16T00:00:00.000Z,0,16,2,1,3,1.627,573
2024-04-17T00:00:00.000Z,0,31,0,0,1,3.344,573
2024-04-18T00:00:00.000Z,0,79,1,0,3,8.994,575
2024-04-19T00:00:00.000Z,0,30,1,1,3,2.597,572
2024-04-20T00:00:00.000Z,0,35,6,1,12,5.971,551
2024-04-21T00:00:00.000Z,0,62,16,2,23,12.183,575
2024-04-22T00:00:00.000Z,7,111,43,36,54,15.846,570
2024-04-23T00:00:00.000Z,0,36,6,0,11,8.197,570
2024-04-24T00:00:00.000Z,0,38,1,0,2,4.176,575
2024-04-25T00:00:00.000Z,0,7,0,0,1,0.989,574
2024-04-26T00:00:00.000Z,0,33,1,0,3,3.172,555
2024-04-27T00:00:00.000Z,0,43,12,4,21,9.291,575
2024-04-28T00:00:00.000Z,1,173,14,8,21,11.783,576
2024-04-29T00:00:00.000Z,0,38,1,0,2,5.128,573
2024-04-30T00:00:00.000Z,0,45,3,0,6,4.342,575
2024-05-01T00:00:00.000Z,0,42,7,3,12,7.814,566
2024-05-02T00:00:00.000Z,3,117,24,10,32,12.852,576
2024-05-03T00:00:00.000Z,5,74,20,9,32,12.666,576
2024-05-04T00:00:00.000Z,21,109,38,32,48,12.78,363
2024-05-05T00:00:00.000Z,0,27,2,1,6,4.985,468
2024-05-06T00:00:00.000Z,0,44,13,6,23,9.969,577
2024-05-07T00:00:00.000Z,17,87,38,26,49,13.319,574
2024-05-08T00:00:00.000Z,8,93,58,36,67,20.626,575
2024-05-09T00:00:00.000Z,21,87,46,40,57,11.662,576
2024-05-10T00:00:00.000Z,0,48,13,7,34,14.264,372
2024-05-11T00:00:00.000Z,0,83,3,1,13,9.829,575
2024-05-12T00:00:00.000Z,1,113,31,21,42,16.938,574
2024-05-13T00:00:00.000Z,0,33,2,1,11,8.058,574
2024-05-14T00:00:00.000Z,0,136,14,1,18,13.084,575
2024-05-15T00:00:00.000Z,1,52,17,5,24,10.67,573
2024-05-16T00:00:00.000Z,0,169,18,8,22,17.799,575
2024-05-17T00:00:00.000Z,0,20,2,1,4,3.133,575
2024-05-18T00:00:00.000Z,0,73,3,1,7,14.122,575
2024-05-19T00:00:00.000Z,0,142,2,1,7,14.6,574
2024-05-20T00:00:00.000Z,0,49,1,0,2,5.459,574
2024-05-21T00:00:00.000Z,0,102,18,1,24,11.973,576
2024-05-22T00:00:00.000Z,0,41,6,4,11,8.101,576
2024-05-23T00:00:00.000Z,0,63,20,6,34,15.577,575
2024-05-24T00:00:00.000Z,1,44,19,12,31,11.419,574
2024-05-25T00:00:00.000Z,21,133,40,31,76,24.836,575
2024-05-26T00:00:00.000Z,9,94,34,26,49,16.199,574
2024-05-27T00:00:00.000Z,1,40,10,7,14,5.743,574
2024-05-28T00:00:00.000Z,3,36,16,7,19,6.36,575
2024-05-29T00:00:00.000Z,3,34,10,7,13,3.828,575
2024-05-30T00:00:00.000Z,0,12,2,1,6.5,3.192,573
2024-05-31T00:00:00.000Z,0,69,2,1,3,8.765,576
2024-06-01T00:00:00.000Z,0,65,8,3,12,8.164,568
2024-06-02T00:00:00.000Z,0,65,2,1,5,8.745,574
2024-06-03T00:00:00.000Z,0,90,1,0,3,9.021,574
2024-06-04T00:00:00.000Z,0,59,10,2,15,8.534,574
2024-06-05T00:00:00.000Z,0,55,13,7,19,8.472,576
2024-06-06T00:00:00.000Z,0,63,2,1,4,9.528,575
2024-06-07T00:00:00.000Z,0,62,3,2,5,4.826,575
2024-06-08T00:00:00.000Z,0,47,4,2,9,8.204,575
2024-06-09T00:00:00.000Z,0,56,6,3,12,7.189,576
2024-06-10T00:00:00.000Z,0,48,2,1,4,5.481,573
2024-06-11T00:00:00.000Z,0,25,2,1,4,3.683,575
2024-06-12T00:00:00.000Z,0,70,1.5,1,3,5.124,574
2024-06-13T00:00:00.000Z,1,47,30,19.5,35,11.034,576
2024-06-14T00:00:00.000Z,1,84,26,6,41,19.304,574
2024-06-15T00:00:00.000Z,0,64,4,1,13,10.589,507
2024-06-16T00:00:00.000Z,0,37,3,1,7,5.741,574
2024-06-17T00:00:00.000Z,0,71,11,5,14,8.882,575
2024-06-18T00:00:00.000Z,0,170,21,13,28,16.961,571
2024-06-19T00:00:00.000Z,2,55,11,8,17,6.141,574
2024-06-20T00:00:00.000Z,7,86,26,17,32,9.092,575
2024-06-21T00:00:00.000Z,0,68,8,3,17,15.76,575
2024-06-22T00:00:00.000Z,0,100,10,5,24,18.331,574
2024-06-23T00:00:00.000Z,3,58,18,12,23,8.877,575
2024-06-24T00:00:00.000Z,0,44,3,2,5,4.429,574
2024-06-25T00:00:00.000Z,0,31,2,1,3,4.199,576
2024-06-26T00:00:00.000Z,0,108,2,0,5,16.446,575
2024-06-27T00:00:00.000Z,0,71,5.5,2,8,8.291,576
2024-06-28T00:00:00.000Z,0,9,1,0,2,1.265,575
2024-06-29T00:00:00.000Z,0,55,2,1,5,5.878,575
2024-06-30T00:00:00.000Z,0,67,3,1,10,7.455,576
2024-07-01T00:00:00.000Z,0,111,8,2,12,8.331,571
2024-07-02T00:00:00.000Z,0,228,26,12,33,32.243,573
2024-07-03T00:00:00.000Z,5,156,36,27,46,20.524,575
2024-07-04T00:00:00.000Z,2,66,17,9,36,15.454,575
2024-07-05T00:00:00.000Z,5,51,15,10,21,7.284,575
2024-07-06T00:00:00.000Z,9,131,39,22,55.5,31.15,576
2024-07-07T00:00:00.000Z,0,90,20,8,34,15.31,575
2024-07-08T00:00:00.000Z,0,33,8,2,15,7.283,575
2024-07-09T00:00:00.000Z,0,27,2,1,5,4.834,573
2024-07-10T00:00:00.000Z,0,17,2,1,4.5,2.94,576
2024-07-11T00:00:00.000Z,0,58,2,1,4,4.651,572
2024-07-12T00:00:00.000Z,0,83,9,3,21,12.72,575
2024-07-13T00:00:00.000Z,0,83,4,2,7,13.203,576
2024-07-14T00:00:00.000Z,0,32,1,1,3,5.479,574
2024-07-15T00:00:00.000Z,0,28,3,2,4,2.434,574
2024-07-16T00:00:00.000Z,0,65,5,3,8,9.212,574
2024-07-17T00:00:00.000Z,0,115,2,1,7,13.522,546
2024-07-18T00:00:00.000Z,0,67,1,1,7,7.722,574
2024-07-19T00:00:00.000Z,0,81,0,0,1,3.86,566
2024-07-20T00:00:00.000Z,0,16,2,1,4,2.183,575
2024-07-21T00:00:00.000Z,0,45,5,3,8,6.606,575
2024-07-22T00:00:00.000Z,0,38,2,1,4,3.162,571
2024-07-23T00:00:00.000Z,0,138,5,1,20,15.015,576
2024-07-24T00:00:00.000Z,0,81,1,1,2,9.353,574
2024-07-25T00:00:00.000Z,0,254,6,2,25,33.888,576
2024-07-26T00:00:00.000Z,0,177,3,1,16,25.255,574
2024-07-27T00:00:00.000Z,0,216,3,0,11,30.428,575
2024-07-28T00:00:00.000Z,0,174,2,1,5,12.343,575
2024-07-29T00:00:00.000Z,1,96,23,7,29,13.066,574
2024-07-30T00:00:00.000Z,4,118,21,15,36,14.693,571
2024-07-31T00:00:00.000Z,18,385,69,49,88,31.575,569
2024-08-01T00:00:00.000Z,2,120,17,11,30,16.537,572
2024-08-02T00:00:00.000Z,0,63,2,1,5,4.775,572
2024-08-03T00:00:00.000Z,0,198,27,3,68,39.221,573
2024-08-04T00:00:00.000Z,0,162,21,4,41,25.296,569
2024-08-05T00:00:00.000Z,0,198,18,11,26,15.189,567
2024-08-06T00:00:00.000Z,0,87,4,2,6,10.949,562
2024-08-07T00:00:00.000Z,0,24,4,3,7,4.118,568
2024-08-08T00:00:00.000Z,1,31,4,3,8,4.473,564
2024-08-09T00:00:00.000Z,0,103,12,2,15,14.192,560
2024-08-10T00:00:00.000Z,0,74,19,3,32,15.211,562
2024-08-11T00:00:00.000Z,2,64,13,9,18,7.261,569
2024-08-12T00:00:00.000Z,4,77,18.5,8,29,12.894,566
2024-08-13T00:00:00.000Z,1,34,6,5,8,3.373,567
2024-08-14T00:00:00.000Z,1,55,4,3,5,3.161,535
2024-08-15T00:00:00.000Z,0,13,4,2,7,2.818,506
2024-08-16T00:00:00.000Z,0,53,2,1,3,3.292,467
2024-08-17T00:00:00.000Z,0,62,3,1,7,6.909,558
2024-08-18T00:00:00.000Z,0,65,14,4,23,11.052,558
2024-08-19T00:00:00.000Z,0,55,12,4,20,10.899,541
2024-08-20T00:00:00.000Z,0,54,3,2,4,4.834,563
2024-08-21T00:00:00.000Z,0,20,1,1,3,2.544,552
2024-08-22T00:00:00.000Z,0,17,2,1,3,2.306,564
2024-08-23T00:00:00.000Z,0,11,1,1,2,1.247,565
2024-08-24T00:00:00.000Z,0,33,3,2,4,2.263,570
2024-08-25T00:00:00.000Z,0,27,1,0,2,1.633,567
2024-08-26T00:00:00.000Z,0,61,1,0,1,3.792,555
2024-08-27T00:00:00.000Z,0,10,0,0,1,1.045,560
2024-08-28T00:00:00.000Z,0,67,4,3,5,6.186,475
2024-08-29T00:00:00.000Z,0,66,2,1,3,5.76,551
2024-08-30T00:00:00.000Z,0,6,1,1,2,1.016,561
2024-08-31T00:00:00.000Z,0,4,1,0,1,0.911,563
2024-09-01T00:00:00.000Z,0,13,1,0,2,1.605,563
2024-09-02T00:00:00.000Z,0,48,3,2,4,3.21,553
2024-09-03T00:00:00.000Z,0,30,4,3,6,6.147,562
2024-09-04T00:00:00.000Z,0,33,1,0,2,1.99,559
2024-09-05T00:00:00.000Z,0,23,6,4,10,4.636,560
2024-09-06T00:00:00.000Z,0,146,3,2,5,13.502,549
2024-09-07T00:00:00.000Z,0,253,1,0,9,52.256,195
2024-09-08T00:00:00.000Z,0,82,3,1,13,12.899,562
2024-09-09T00:00:00.000Z,0,143,3,1,4,11.007,558
2024-09-10T00:00:00.000Z,0,50,4,2,9,7.114,546
2024-09-11T00:00:00.000Z,0,111,2,1,3,8.488,549
2024-09-12T00:00:00.000Z,0,100,1,0,5,13.175,567
2024-09-13T00:00:00.000Z,0,28,1,0,3,3.159,530
2024-09-14T00:00:00.000Z,0,38,1,0,1,1.949,569
2024-09-15T00:00:00.000Z,0,34,1,0,1,2.908,569
2024-09-16T00:00:00.000Z,0,56,1,0,2,7.247,568
2024-09-17T00:00:00.000Z,0,54,2,1,6,5.86,570
2024-09-18T00:00:00.000Z,0,61,1,0,2,5.97,565
2024-09-19T00:00:00.000Z,0,39,2,1,3,4.085,566
2024-09-20T00:00:00.000Z,0,19,1,0,2,1.581,568
2024-09-21T00:00:00.000Z,0,41,1,0,6,7.607,570
2024-09-22T00:00:00.000Z,0,29,1,0,1,3.013,568
2024-09-23T00:00:00.000Z,0,107,3,1,6,7.573,563
2024-09-24T00:00:00.000Z,0,18,5,3,10,4.211,565
2024-09-25T00:00:00.000Z,0,9,2,1,3,1.657,566
2024-09-26T00:00:00.000Z,0,104,5,1,10,9.135,568
2024-09-27T00:00:00.000Z,0,76,5,2,15,9.374,432
2024-09-28T00:00:00.000Z,0,26,1,0,2,2.025,399
2024-09-29T00:00:00.000Z,0,27,4,2,5,3.351,571
2024-09-30T00:00:00.000Z,0,44,4,1,6,5.568,571
2024-10-01T00:00:00.000Z,0,77,4,2,7,8.627,571
2024-10-02T00:00:00.000Z,1,115,7,4,9,8.415,571
2024-10-03T00:00:00.000Z,1,85,6,4,7,6.429,525
2024-10-04T00:00:00.000Z,0,10,2,2,3,1.311,522
2024-10-05T00:00:00.000Z,0,23,1,1,3,3.031,571
2024-10-06T00:00:00.000Z,0,7,2,1,3,1.291,570
2024-10-07T00:00:00.000Z,0,130,2,1,6,10.82,571
2024-10-08T00:00:00.000Z,0,48,2,0,9,7.806,377
2024-10-09T00:00:00.000Z,0,43,4,3,5,2.399,570
2024-10-10T00:00:00.000Z,0,46,3,2,5,4.826,569
2024-10-11T00:00:00.000Z,0,74,4,2,9,10.745,570
2024-10-12T00:00:00.000Z,0,30,4,2,9,5,573
2024-10-13T00:00:00.000Z,0,31,3,2,4,2.46,570
2024-10-14T00:00:00.000Z,0,167,4,3,5,10.726,571
2024-10-15T00:00:00.000Z,0,37,3,2,4,2.987,568
2024-10-16T00:00:00.000Z,0,58,4,2,5,3.572,573
2024-10-17T00:00:00.000Z,0,15,3,1,5,2.614,570
2024-10-18T00:00:00.000Z,0,55,1,1,4,4.424,570
2024-10-19T00:00:00.000Z,0,8,1,1,2,1.09,571
2024-10-20T00:00:00.000Z,0,51,3,2,7,4.371,570
2024-10-21T00:00:00.000Z,0,26,5,3,8,3.569,570
2024-10-22T00:00:00.000Z,0,14,4,3,6,2.262,569
2024-10-23T00:00:00.000Z,0,61,2,1,2,4.296,573
2024-10-24T00:00:00.000Z,0,70,1,0,1,7.656,563
2024-10-25T00:00:00.000Z,0,64,3,0,5,6.614,524
2024-10-26T00:00:00.000Z,0,80,2,1,2,5.658,569
2024-10-27T00:00:00.000Z,0,20,1,1,2,1.625,568
2024-10-28T00:00:00.000Z,0,80,2,1,4,11.693,558
2024-10-29T00:00:00.000Z,0,21,1,0,2,2.584,568
2024-10-30T00:00:00.000Z,0,24,0,0,1,1.847,566
2024-10-31T00:00:00.000Z,0,125,0,0,1,12.686,569
2024-11-01T00:00:00.000Z,0,33,2,0,4,3.459,565
2024-11-02T00:00:00.000Z,0,39,1,1,2,2.881,564
2024-11-03T00:00:00.000Z,0,28,3,2,4,2.495,564
2024-11-04T00:00:00.000Z,0,105,2,1,3,7.277,548
2024-11-05T00:00:00.000Z,0,81,2,1,3,5.473,517
2024-11-06T00:00:00.000Z,0,40,2,1,3,2.904,510
2024-11-07T00:00:00.000Z,0,63,1,0,2,6.109,551
2024-11-08T00:00:00.000Z,0,91,2,1,3,10.079,526
2024-11-09T00:00:00.000Z,0,125,4,1,7,15.345,521
2024-11-10T00:00:00.000Z,0,140,2,1,5,20.001,488
2024-11-11T00:00:00.000Z,0,42,4,2,8,5.056,520
2024-11-12T00:00:00.000Z,4,40,11,8,14,4.986,459
2024-11-13T00:00:00.000Z,0,12,1,1,2,1.206,486
2024-11-14T00:00:00.000Z,0,115,1,0,12,14.813,458
2024-11-15T00:00:00.000Z,0,49,6,2,10,7.377,534
2024-11-16T00:00:00.000Z,0,183,6,3,61.5,37.236,545
2024-11-17T00:00:00.000Z,0,94,1,0,2,9.211,555
2024-11-18T00:00:00.000Z,0,10,1,0,1,1.069,541
2024-11-19T00:00:00.000Z,0,65,1,0,1,3.591,523
2024-11-20T00:00:00.000Z,0,161,2,1,19,33.618,531
2024-11-21T00:00:00.000Z,3,30,12,9,16,5.058,503
2024-11-22T00:00:00.000Z,0,11,4,3,6,2.411,527
2024-11-23T00:00:00.000Z,0,28,8,5,10,4.193,468
2024-11-24T00:00:00.000Z,0,32,10,6,15,5.828,521
2024-11-25T00:00:00.000Z,5,31,17,13,19,4.856,451
2024-11-26T00:00:00.000Z,0,42,12,4,16,7.709,567
2024-11-27T00:00:00.000Z,0,51,2,1,3,4.643,572
2024-11-28T00:00:00.000Z,0,34,2,0,6,3.747,575
2024-11-29T00:00:00.000Z,0,13,2,1,3,1.522,577
2024-11-30T00:00:00.000Z,0,13,2,1,4,2.23,325
2024-12-01T00:00:00.000Z,2,24,6,5,7,2.967,162
2024-12-02T00:00:00.000Z,0,41,1,1,2,4.329,576
2024-12-03T00:00:00.000Z,0,51,3,2,5,3.073,575
2024-12-04T00:00:00.000Z,0,30,3,2,4,2.69,575
2024-12-05T00:00:00.000Z,0,85,2,0,4,5.438,575
2024-12-06T00:00:00.000Z,1,21,5,4,7,2.968,576
2024-12-07T00:00:00.000Z,0,30,2,1,4,3.238,575
2024-12-08T00:00:00.000Z,0,34,1,0,2,3.021,575
2024-12-09T00:00:00.000Z,0,12,1,1,2,1.024,573
2024-12-10T00:00:00.000Z,0,8,1,0,1,0.957,563
2024-12-11T00:00:00.000Z,0,23,1,0,3,2.524,571
2024-12-12T00:00:00.000Z,0,45,1,1,2,3.917,570
2024-12-13T00:00:00.000Z,0,115,1,0,3,15.249,560
2024-12-14T00:00:00.000Z,0,27,3,2,5,3.4,537
2024-12-15T00:00:00.000Z,2,68,14,9,18,7.681,576
2024-12-16T00:00:00.000Z,0,23,3,2,4,2.259,534
2024-12-17T00:00:00.000Z,0,31,2,1,3,2.801,550
2024-12-18T00:00:00.000Z,0,48,2,1,3,3.639,556
2024-12-19T00:00:00.000Z,0,32,3,2,4,3.228,296
2024-12-20T00:00:00.000Z,0,44,5,3,8,5.174,444
2024-12-21T00:00:00.000Z,0,11,1,1,2,1.236,529
2024-12-22T00:00:00.000Z,0,63,1,0,2,5.863,575
2024-12-23T00:00:00.000Z,0,7,1,0,2,1.14,562
2024-12-24T00:00:00.000Z,0,53,1,0,2,3.313,558
2024-12-25T00:00:00.000Z,0,93,4,2,5,8.116,575
2024-12-26T00:00:00.000Z,0,12,1,0,2,2.273,575
2024-12-27T00:00:00.000Z,0,11,1,0,2,1.424,575
2024-12-28T00:00:00.000Z,0,117,1,1,2,7.123,574
2024-12-29T00:00:00.000Z,0,15,1,1,2,1.429,478
2024-12-30T00:00:00.000Z,0,53,2,1,3,3.666,372
2024-12-31T00:00:00.000Z,0,28,2,1,3,2.797,411
2025-01-01T00:00:00.000Z,0,30,1,1,2,2.164,547
2025-01-02T00:00:00.000Z,0,36,1,1,2,3.961,575
2025-01-03T00:00:00.000Z,1,31,4,3,5,2.313,570
2025-01-04T00:00:00.000Z,0,73,2,1,3,7.025,575
2025-01-05T00:00:00.000Z,0,22,2,1,4,2.951,572
2025-01-06T00:00:00.000Z,0,6,2,1,2,1.144,574
2025-01-07T00:00:00.000Z,0,36,2,1,3,2.443,575
2025-01-08T00:00:00.000Z,0,24,3,2,5,2.441,575
2025-01-09T00:00:00.000Z,0,91,2,1,4,6.148,575
2025-01-10T00:00:00.000Z,0,69,4,2,6,3.988,575
2025-01-11T00:00:00.000Z,0,36,3,2,5,3.133,575
2025-01-12T00:00:00.000Z,2,55,8,6,10,3.722,575
2025-01-13T00:00:00.000Z,1,49,4,4,6,4.886,524
2025-01-14T00:00:00.000Z,2,28,10,7,12,3.835,395
2025-01-15T00:00:00.000Z,0,12,2,1,3,1.705,575
2025-01-16T00:00:00.000Z,0,7,1,0,2,1.286,575
2025-01-17T00:00:00.000Z,0,17,3,2,4,1.785,575
2025-01-18T00:00:00.000Z,0,18,2,1,3,1.662,574
2025-01-19T00:00:00.000Z,0,55,3,1,4,3.806,575
2025-01-20T00:00:00.000Z,0,33,5,3,7,3.036,574
2025-01-21T00:00:00.000Z,0,25,4,3,6,2.766,575
2025-01-22T00:00:00.000Z,0,9,1,1,2,1.315,575
2025-01-23T00:00:00.000Z,0,15,2,1,4,3.428,575
2025-01-24T00:00:00.000Z,0,103,2,0,3,4.544,571
2025-01-25T00:00:00.000Z,0,83,3,2,3,4.422,528
2025-01-26T00:00:00.000Z,0,33,3,2,4,4.057,217
2025-01-27T00:00:00.000Z,0,117,3,2,5,6.982,479
2025-01-28T00:00:00.000Z,0,13,2,1,2,1.325,572
2025-01-29T00:00:00.000Z,0,69,1,1,2,4.787,576
2025-01-30T00:00:00.000Z,0,14,1,1,3,2.137,422
2025-01-31T00:00:00.000Z,0,37,1,1,2,6.223,520
2025-02-01T00:00:00.000Z,1,42,12,9,14,4.864,442
2025-02-02T00:00:00.000Z,2,68,15,6,28,14.504,518
2025-02-03T00:00:00.000Z,2,73,12,7,15,7.132,574
2025-02-04T00:00:00.000Z,0,41,6,3,15,7.421,574
2025-02-05T00:00:00.000Z,0,191,13,3,34,43.021,426
2025-02-06T00:00:00.000Z,8,46,17,14,20,4.904,574
2025-02-07T00:00:00.000Z,0,41,12,4,17,8.079,534
2025-02-08T00:00:00.000Z,0,114,5,3,26,25.535,550
2025-02-09T00:00:00.000Z,0,29,2,1,4,3.066,569
2025-02-10T00:00:00.000Z,0,103,1,0,3,7.484,572
2025-02-11T00:00:00.000Z,0,191,2,1,3,21.481,297
2025-02-12T00:00:00.000Z,0,98,3,2,5,10.944,510
2025-02-13T00:00:00.000Z,1,85,3,3,4,4.04,489
2025-02-14T00:00:00.000Z,0,6,1,0,2,1.038,303
2025-02-15T00:00:00.000Z,0,23,0,0,1,2.572,442
2025-02-16T00:00:00.000Z,0,5,0,0,1,0.733,333
2025-02-17T00:00:00.000Z,0,15,1,0,2,1.588,441
2025-02-18T00:00:00.000Z,0,41,1,0,1,2.14,516
2025-02-19T00:00:00.000Z,0,6,0,0,1,1.07,571
2025-02-20T00:00:00.000Z,0,20,1,0,2,2.361,574
2025-02-21T00:00:00.000Z,1,85,5,4,6,6.544,568
2025-02-22T00:00:00.000Z,0,52,4,3,5,5.11,574
2025-02-23T00:00:00.000Z,0,105,2,1,4,7.045,574
2025-02-24T00:00:00.000Z,0,45,1,0,3,3.978,573
2025-02-25T00:00:00.000Z,0,38,3,2,5,4.526,574
2025-02-26T00:00:00.000Z,0,89,4,3,5,6.742,572
2025-02-27T00:00:00.000Z,0,42,1,1,3,3.883,401
2025-02-28T00:00:00.000Z,0,8,2,0,3,1.714,96
2025-03-01T00:00:00.000Z,0,9,3,2,3.5,1.249,400
2025-03-02T00:00:00.000Z,0,14,1,1,2,1.902,571
2025-03-03T00:00:00.000Z,0,38,3,1,6,3.898,573
2025-03-04T00:00:00.000Z,0,47,10.5,7,15,6.005,572
2025-03-05T00:00:00.000Z,1,98,11,8,14.5,6.575,572
2025-03-06T00:00:00.000Z,5,54,12,10,14.5,6.712,145
2025-03-07T00:00:00.000Z,0,35,2,1,4,3.598,425
2025-03-08T00:00:00.000Z,0,77,3,1,5,4.694,571
2025-03-09T00:00:00.000Z,0,203,1,0,2,14.99,571
2025-03-10T00:00:00.000Z,0,51,2,1,4,4.73,569
2025-03-11T00:00:00.000Z,2,77,5,4,6,4.499,572
2025-03-12T00:00:00.000Z,1,42,5,4,7,3.573,574
2025-03-13T00:00:00.000Z,0,41,2,1,6,5.232,398
2025-03-14T00:00:00.000Z,3,29,7,5,9,4.504,364
2025-03-15T00:00:00.000Z,5,13,7,6,8,2.048,15
2025-03-18T00:00:00.000Z,3,54,7,6,8,5.995,68
2025-03-19T00:00:00.000Z,1,62,5,3,7,6.705,575
2025-03-20T00:00:00.000Z,0,29,1,0,2,2.867,571
2025-03-21T00:00:00.000Z,0,106,2,1,4,17.563,577
2025-03-22T00:00:00.000Z,0,70,2,1,4,7.4,576
2025-03-23T00:00:00.000Z,0,32,1,1,2,2.847,577
2025-03-24T00:00:00.000Z,0,32,2,1,3,3.743,576
2025-03-25T00:00:00.000Z,0,30,3,1,4,2.842,576
2025-03-26T00:00:00.000Z,0,8,1,0,1,1.552,575
2025-03-27T00:00:00.000Z,0,19,1,1,4,3.861,217
2025-03-28T00:00:00.000Z,4,61,27,10,38,14.759,443
2025-03-29T00:00:00.000Z,0,38,5,3,7,8.224,569
2025-03-30T00:00:00.000Z,0,5,1,1,2,0.935,500
2025-03-31T00:00:00.000Z,0,40,0,0,1,2.101,546
2025-04-01T00:00:00.000Z,0,12,0,0,1,1.31,236
2025-04-02T00:00:00.000Z,9,49,32,22.5,35,9.896,177
2025-04-03T00:00:00.000Z,0,42,1,0,2,2.664,568
2025-04-04T00:00:00.000Z,0,9,0,0,1,0.972,575
2025-04-05T00:00:00.000Z,0,58,2,1,8,8.781,565
2025-04-06T00:00:00.000Z,0,85,1,0,2,5.964,368
2025-04-07T00:00:00.000Z,0,22,0,0,1,1.626,322
2025-04-08T00:00:00.000Z,0,67,4,0,7,5.803,569
2025-04-09T00:00:00.000Z,3,21,10,7,13,4.005,567
2025-04-10T00:00:00.000Z,0,22,4,3,5,2.97,576
2025-04-11T00:00:00.000Z,0,9,2,1,3,1.778,573
2025-04-12T00:00:00.000Z,2,34,13,10,18,5.145,576
2025-04-13T00:00:00.000Z,0,102,8,6,10,5.83,562
2025-04-14T00:00:00.000Z,0,36,1,1,5,7.273,575
2025-04-15T00:00:00.000Z,1,28,8,5,14,5.794,565
2025-04-16T00:00:00.000Z,0,58,12,6,14,6.187,574
2025-04-17T00:00:00.000Z,6,67,16,12,25,10.482,577
2025-04-18T00:00:00.000Z,6,38,15,13,17,3.699,577
2025-04-19T00:00:00.000Z,1,52,6.5,5,8,6.747,494
2025-04-20T00:00:00.000Z,0,19,1,0,3,2.272,576
2025-04-21T00:00:00.000Z,0,12,0,0,1,2.313,576
2025-04-22T00:00:00.000Z,0,8,2,1,3,1.444,574
2025-04-23T00:00:00.000Z,0,47,4,2,5,3.659,577
2025-04-24T00:00:00.000Z,1,145,8,5,10,11.469,577
2025-04-25T00:00:00.000Z,0,32,6,3,9,4.07,576
2025-04-26T00:00:00.000Z,0,24,2,0,5,3.672,577
2025-04-27T00:00:00.000Z,0,27,1,0,3,2.696,575
2025-04-28T00:00:00.000Z,0,6,0,0,1,0.757,576
2025-04-29T00:00:00.000Z,0,66,2,1,4,6.322,576
2025-04-30T00:00:00.000Z,0,42,2,1,6,5.368,576
2025-05-01T00:00:00.000Z,0,31,5,1,12,7.472,576
2025-05-02T00:00:00.000Z,1,101,18,4,25,22.085,526
2025-05-03T00:00:00.000Z,4,102,17,13,29,15.033,476
2025-05-04T00:00:00.000Z,2,21,7,6,10,3.364,577
2025-05-05T00:00:00.000Z,0,18,1,0,2,2.235,576
2025-05-06T00:00:00.000Z,0,28,1,0,2,2.526,576
2025-05-07T00:00:00.000Z,0,33,2,1,3,2.212,574
2025-05-08T00:00:00.000Z,0,14,2,1,3,2.718,576
2025-05-09T00:00:00.000Z,0,38,14,2,20,8.786,576
2025-05-10T00:00:00.000Z,5,77,18,12.5,32,12.814,576
2025-05-11T00:00:00.000Z,3,109,19,9,32.5,17.971,577
2025-05-12T00:00:00.000Z,2,69,13,9,19,8.045,575
2025-05-13T00:00:00.000Z,7,146,39,15,98,42.17,577
2025-05-14T00:00:00.000Z,2,62,13,9,17,9.635,577
2025-05-15T00:00:00.000Z,0,40,16,8.5,19,7.45,576
2025-05-16T00:00:00.000Z,0,84,4,1,12,13.304,576
2025-05-17T00:00:00.000Z,0,57,1,0,4,7.783,576
2025-05-18T00:00:00.000Z,0,119,8.5,1,21,16.869,574
2025-05-19T00:00:00.000Z,0,94,10,2,21,15.157,576
2025-05-20T00:00:00.000Z,1,140,21,11,31,16.938,575
2025-05-21T00:00:00.000Z,6,76,28,18,37,12.21,577
2025-05-22T00:00:00.000Z,8,58,22,14,35,13.283,577
2025-05-23T00:00:00.000Z,6,56,25,14,43.5,14.842,253
2025-05-24T00:00:00.000Z,0,24,2,1,3,2.503,575
2025-05-25T00:00:00.000Z,0,13,2,1,3,1.993,576
2025-05-26T00:00:00.000Z,0,55,1,0,2,5.696,576
2025-05-27T00:00:00.000Z,0,63,2,1,3,4.119,577
2025-05-28T00:00:00.000Z,0,6,1,0,2,1.433,576
2025-05-29T00:00:00.000Z,0,43,3,2,5,4.414,576
2025-05-30T00:00:00.000Z,0,29,1,0,2,2.835,576
2025-05-31T00:00:00.000Z,0,69,18,1,37,19.429,577
2025-06-01T00:00:00.000Z,9,91,23,16,30,10.695,576
2025-06-02T00:00:00.000Z,0,96,16,4,25,14.369,575
2025-06-03T00:00:00.000Z,0,54,0,0,1,4.632,575
2025-06-04T00:00:00.000Z,0,55,11,3,18,9.571,572
2025-06-05T00:00:00.000Z,0,85,4,3,8,9.691,574
2025-06-06T00:00:00.000Z,0,26,3,0,4,2.636,576
2025-06-07T00:00:00.000Z,0,52,3,1,5,5.629,575
2025-06-08T00:00:00.000Z,0,41,3,1,7,7.014,574
2025-06-09T00:00:00.000Z,0,40,2,1,4,5.673,575
2025-06-10T00:00:00.000Z,0,82,8,2,17,11.514,575
2025-06-11T00:00:00.000Z,0,75,13,8,21,11.701,575
2025-06-12T00:00:00.000Z,0,95,25,12,39,18.115,511
2025-06-13T00:00:00.000Z,2,47,21,8,29,11.513,376
2025-06-14T00:00:00.000Z,3,141,12,7,22,14.942,570
2025-06-15T00:00:00.000Z,0,11,3,2,4,2.237,360
2025-06-16T00:00:00.000Z,0,10,1,0,3,2.187,334
2025-06-17T00:00:00.000Z,0,220,1,1,4,25.432,571
2025-06-18T00:00:00.000Z,0,33,5,3,6,3.209,576
2025-06-19T00:00:00.000Z,1,75,6.5,5,9,5.482,576
2025-06-20T00:00:00.000Z,5,75,21,10,26,12.324,573
2025-06-21T00:00:00.000Z,10,62,29,21,35,10.099,573
2025-06-22T00:00:00.000Z,0,27,5,3,9,4.607,576
2025-06-23T00:00:00.000Z,0,67,2,1,3,4.086,576
2025-06-24T00:00:00.000Z,0,67,0,0,1,5.522,576
2025-06-25T00:00:00.000Z,0,11,2,1,3,1.958,575
2025-06-26T00:00:00.000Z,0,109,27,2,39,21.153,577
2025-06-27T00:00:00.000Z,1,45,17,5,24,10.076,399
2025-06-28T00:00:00.000Z,2,56,23,16,31,11.24,576
2025-06-29T00:00:00.000Z,0,38,8,5,16,7.77,576
2025-06-30T00:00:00.000Z,0,69,2,1,21,16.068,411
2025-07-01T00:00:00.000Z,0,58,1,0,2,4.191,575
2025-07-02T00:00:00.000Z,0,20,2,1,4,2.595,575
2025-07-03T00:00:00.000Z,1,103,17,8,30,17.593,575
2025-07-04T00:00:00.000Z,0,96,9,5.5,14,10.507,277
2025-07-05T00:00:00.000Z,0,46,12,4,17,7.486,576
2025-07-06T00:00:00.000Z,2,111,43,14,56,24.766,523
2025-07-07T00:00:00.000Z,3,70,15,9,25,10.653,571
2025-07-08T00:00:00.000Z,0,67,1,0,2,4.778,576
2025-07-09T00:00:00.000Z,0,28,1,0,2,3.268,576
2025-07-10T00:00:00.000Z,0,25,1,0,2,1.752,576
2025-07-11T00:00:00.000Z,0,88,6,3,9,8.723,576
2025-07-12T00:00:00.000Z,0,46,2,1,6,5.979,576
2025-07-13T00:00:00.000Z,0,56,2,1,4,4.243,575
2025-07-14T00:00:00.000Z,0,96,2,1,5,11.091,576
2025-07-15T00:00:00.000Z,0,43,2,1,8,6.494,576
2025-07-16T00:00:00.000Z,0,147,4,3,7,13.252,576
2025-07-17T00:00:00.000Z,0,84,11,5,24,13.019,576
2025-07-18T00:00:00.000Z,0,29,4,2,8,4.745,576
2025-07-19T00:00:00.000Z,0,78,5,3,7,8.22,576
2025-07-20T00:00:00.000Z,0,44,13,5,21,10.808,570
2025-07-21T00:00:00.000Z,0,58,2,1,3,4.119,574
2025-07-22T00:00:00.000Z,0,23,1,0,2,2.376,576
2025-07-23T00:00:00.000Z,0,448,4,1,7.5,27.849,577
2025-07-24T00:00:00.000Z,0,115,5,1,10,12.787,575
2025-07-25T00:00:00.000Z,0,18,0,0,1,1.357,576
2025-07-26T00:00:00.000Z,0,37,3,1,5,3.842,576
2025-07-27T00:00:00.000Z,0,61,2,2,4,6.605,576
2025-07-28T00:00:00.000Z,0,30,1,1,2,3.011,576
2025-07-29T00:00:00.000Z,0,267,18,3,25,16.088,573
2025-07-30T00:00:00.000Z,0,307,7,2,15,26.271,577
2025-07-31T00:00:00.000Z,0,184,8,2,16,16.684,574
2025-08-01T00:00:00.000Z,0,43,8,5,16,10.467,575
2025-08-02T00:00:00.000Z,12,126,49,26,77,29.076,577
2025-08-03T00:00:00.000Z,1,55,11,5,25,12.354,576
2025-08-04T00:00:00.000Z,0,23,1,0,1,2.272,573
2025-08-05T00:00:00.000Z,0,47,1,1,3,3.241,574
2025-08-06T00:00:00.000Z,0,32,3,1,6,4.513,575
2025-08-07T00:00:00.000Z,0,51,10,3,15,7.363,572
2025-08-08T00:00:00.000Z,0,130,14,6,36,16.963,575
2025-08-09T00:00:00.000Z,8,87,47,34,61,16.81,569
2025-08-10T00:00:00.000Z,2,69,23,12,40,16.172,574
2025-08-11T00:00:00.000Z,0,46,6,3,14,10.276,575
2025-08-12T00:00:00.000Z,0,40,6,2,12,7.014,576
2025-08-13T00:00:00.000Z,1,43,12,3,16,8.249,275
2025-08-14T00:00:00.000Z,0,27,4,3,6,3.425,569
2025-08-15T00:00:00.000Z,0,41,4,2,8,6.188,540
2025-08-16T00:00:00.000Z,0,84,3,1,14,12.137,571
2025-08-17T00:00:00.000Z,0,55,5,2,10,5.262,574
2025-08-18T00:00:00.000Z,0,65,7,1,20,11.118,572
2025-08-19T00:00:00.000Z,17,39,29,25,32,4.895,116