# Sensor Henders Road, Broomfield, Australia (uRad Monitor/82000079)
# https://aqicn.org/station/@110542/
# Daily pm25
date,min,max,median,q1,q3,stdev,count
2020-03-26T00:00:00.000Z,3,5,4,4,4,0.179,906
2020-03-27T00:00:00.000Z,3,5,4,4,4,0.201,1424
2020-03-28T00:00:00.000Z,3,5,4,4,4,0.276,1438
2020-03-29T00:00:00.000Z,3,5,4,4,4,0.206,1361
2020-03-30T00:00:00.000Z,3,5,4,4,4,0.205,1363
2020-03-31T00:00:00.000Z,4,5,4,4,4,0.317,1297
2020-04-01T00:00:00.000Z,4,5,4,4,4,0.143,1392
2020-04-02T00:00:00.000Z,3,5,4,4,4,0.297,404
2020-04-03T00:00:00.000Z,4,17,4,4,4,2.211,250
2020-04-04T00:00:00.000Z,3,20,4,4,4,2.431,254
2020-04-05T00:00:00.000Z,3,5,4,4,4,0.155,246
2020-04-06T00:00:00.000Z,4,19,4,4,4,3.341,253
2020-04-07T00:00:00.000Z,3,6,4,4,4,0.418,252
2020-04-08T00:00:00.000Z,3,5,4,4,4,0.167,249
2020-04-09T00:00:00.000Z,3,7,4,4,4,0.368,248
2020-04-10T00:00:00.000Z,3,230,4,4,4,47.237,284
2020-04-11T00:00:00.000Z,3,30,4,4,4,4.74,261
2020-04-12T00:00:00.000Z,3,6,4,4,4,0.264,252
2020-04-13T00:00:00.000Z,3,4,4,4,4,0.089,248
2020-04-14T00:00:00.000Z,3,27,4,4,4,3.865,267
2020-04-15T00:00:00.000Z,4,4,4,4,4,0,242
2020-04-16T00:00:00.000Z,3,4,4,4,4,0.064,240
2020-04-17T00:00:00.000Z,3,9,4,4,4,0.685,250
2020-04-18T00:00:00.000Z,3,10,4,4,4,0.79,249
2020-04-19T00:00:00.000Z,4,6,4,4,4,0.269,246
2020-04-20T00:00:00.000Z,3,5,4,4,4,0.156,244
2020-04-21T00:00:00.000Z,4,4,4,4,4,0,242
2020-04-22T00:00:00.000Z,4,5,4,4,4,0.199,243
2020-04-23T00:00:00.000Z,3,5,4,4,4,0.227,247
2020-04-24T00:00:00.000Z,3,5,4,4,4,0.156,247
2020-04-25T00:00:00.000Z,4,5,4,4,4,0.292,245
2020-04-26T00:00:00.000Z,3,8,4,4,4,0.485,249
2020-04-27T00:00:00.000Z,4,6,4,4,4,0.338,241
2020-04-28T00:00:00.000Z,4,5,4,4,4,0.127,242
2020-04-29T00:00:00.000Z,3,9,4,4,4,0.843,248
2020-04-30T00:00:00.000Z,3,4,4,4,4,0.08,157
2020-05-01T00:00:00.000Z,4,4,4,4,4,0,242
2020-05-02T00:00:00.000Z,3,5,4,4,4,0.293,248
2020-05-03T00:00:00.000Z,4,15,4,4,4,1.764,248
2020-05-04T00:00:00.000Z,4,5,4,4,4,0.143,240
2020-05-05T00:00:00.000Z,4,5,4,4,4,0.142,242
2020-05-06T00:00:00.000Z,3,34,4,4,4,5.234,259
2020-05-07T00:00:00.000Z,4,5,4,4,4,0.137,260
2020-05-08T00:00:00.000Z,4,9,4,4,4,1.01,267
2020-05-09T00:00:00.000Z,3,8,4,4,4,0.551,267
2020-05-10T00:00:00.000Z,3,5,4,4,4,0.247,129
2020-05-11T00:00:00.000Z,3,5,4,4,4,0.199,174
2020-05-12T00:00:00.000Z,4,5,4,4,4,0.271,251
2020-05-13T00:00:00.000Z,4,5,4,4,4,0.281,266
2020-05-14T00:00:00.000Z,3,15,4,4,4,1.849,265
2020-05-15T00:00:00.000Z,3,11,4,4,4,0.845,264
2020-05-16T00:00:00.000Z,4,5,4,4,4,0.254,260
2020-05-17T00:00:00.000Z,3,4,4,4,4,0.163,256
2020-05-18T00:00:00.000Z,4,5,4,4,4,0.21,260
2020-05-19T00:00:00.000Z,4,23,4,4,4,3.801,271
2020-05-20T00:00:00.000Z,3,4,4,4,4,0.062,261
2020-05-21T00:00:00.000Z,4,5,4,4,4,0.202,257
2020-05-22T00:00:00.000Z,3,5,4,4,4,0.199,278
2020-05-23T00:00:00.000Z,3,28,4,4,4,2.918,1016
2020-05-24T00:00:00.000Z,3,7,4,4,4,0.349,1364
2020-05-25T00:00:00.000Z,4,7,4,4,4,0.403,1199
2020-05-26T00:00:00.000Z,3,5,4,4,4,0.21,1350
2020-05-27T00:00:00.000Z,4,12,4,4,4,0.97,1347
2020-05-28T00:00:00.000Z,3,5,4,4,4,0.148,1343
2020-05-29T00:00:00.000Z,4,10,4,4,4,0.741,1352
2020-05-30T00:00:00.000Z,4,39,4,4,4,6.793,1352
2020-05-31T00:00:00.000Z,3,14,4,4,4,1.288,1366
2020-06-01T00:00:00.000Z,3,5,4,4,4,0.208,1234
2020-06-02T00:00:00.000Z,3,5,4,4,4,0.249,1355
2020-06-03T00:00:00.000Z,4,37,4,4,4,5.763,1215
2020-06-04T00:00:00.000Z,4,5,4,4,4,0.354,1229
2020-06-05T00:00:00.000Z,4,8,4,4,5,0.683,1357
2020-06-06T00:00:00.000Z,4,8,4,4,5,0.622,1339
2020-06-07T00:00:00.000Z,4,5,4,4,5,0.437,1369
2020-06-08T00:00:00.000Z,4,5,4,4,5,0.476,1364
2020-06-09T00:00:00.000Z,4,5,4,4,5,0.476,1356
2020-06-10T00:00:00.000Z,4,5,4,4,5,0.483,1063
2020-06-11T00:00:00.000Z,4,13,4,4,5,1.335,1355
2020-06-12T00:00:00.000Z,4,5,5,4,5,0.5,1150
2020-06-13T00:00:00.000Z,4,9,4,4,5,0.829,1321
2020-06-14T00:00:00.000Z,4,6,4,4,5,0.5,1340
2020-06-15T00:00:00.000Z,4,87,4,4,5,15.611,1338
2020-06-16T00:00:00.000Z,4,64,4,4,4,10.95,1345
2020-06-17T00:00:00.000Z,3,5,4,4,4,0.407,1359
2020-06-18T00:00:00.000Z,4,12,4,4,4,1.044,1354
2020-06-19T00:00:00.000Z,4,5,4,4,5,0.483,1359
2020-06-20T00:00:00.000Z,4,5,4,4,4,0.2,1370
2020-06-21T00:00:00.000Z,3,48,4,4,8,10.009,1347
2020-06-22T00:00:00.000Z,3,11,4,4,4,0.596,1362
2020-06-23T00:00:00.000Z,3,32,4,4,4,6.065,1326
2020-06-24T00:00:00.000Z,3,4,4,4,4,0.047,1353
2020-06-25T00:00:00.000Z,3,33,4,4,4,4.083,1221
2020-06-26T00:00:00.000Z,3,15,4,4,4,1.388,1351
2020-06-27T00:00:00.000Z,3,20,4,4,4,2.533,1310
2020-06-28T00:00:00.000Z,3,7,4,4,4,0.493,1333
2020-06-29T00:00:00.000Z,3,229,4,4,4,30.112,1281
2020-06-30T00:00:00.000Z,3,20,4,4,4,2.988,1268
2020-07-01T00:00:00.000Z,3,34,4,4,4,6.072,854
2020-07-02T00:00:00.000Z,4,5,4,4,4,0.293,1158
2020-07-03T00:00:00.000Z,3,5,4,4,4,0.155,1309
2020-07-04T00:00:00.000Z,3,35,4,4,4,4.756,1313
2020-07-05T00:00:00.000Z,3,23,4,4,4,2.859,1251
2020-07-06T00:00:00.000Z,3,58,4,4,4,12.042,808
2020-07-07T00:00:00.000Z,4,4,4,4,4,0,1223
2020-07-08T00:00:00.000Z,4,5,4,4,4,0.241,1261
2020-07-09T00:00:00.000Z,3,5,4,4,4,0.211,1252
2020-07-10T00:00:00.000Z,3,5,4,4,4,0.207,1327
2020-07-11T00:00:00.000Z,3,4,4,4,4,0.028,1280
2020-07-12T00:00:00.000Z,3,147,4,4,6,18.84,1287
2020-07-13T00:00:00.000Z,3,9,4,4,4,0.915,1299
2020-07-14T00:00:00.000Z,3,19,4,4,4,1.812,1276
2020-07-15T00:00:00.000Z,4,4,4,4,4,0,1274
2020-07-16T00:00:00.000Z,3,38,4,4,4,3.945,1296
2020-07-17T00:00:00.000Z,3,4,4,4,4,0.073,1298
2020-07-18T00:00:00.000Z,3,19,4,4,4,2.182,1269
2020-07-19T00:00:00.000Z,3,4,4,4,4,0.147,1321
2020-07-20T00:00:00.000Z,4,60,4,4,4,10.224,1302
2020-07-21T00:00:00.000Z,3,4,4,4,4,0.049,1263
2020-07-22T00:00:00.000Z,3,6,4,4,4,0.305,1252
2020-07-23T00:00:00.000Z,3,26,4,4,4,2.249,1240
2020-07-24T00:00:00.000Z,3,35,4,4,6,6.896,1248
2020-07-25T00:00:00.000Z,3,142,4,4,10,23.267,1292
2020-07-26T00:00:00.000Z,4,36,4,4,9,9.439,1207
2020-07-27T00:00:00.000Z,3,19,4,4,4,2.599,1237
2020-07-28T00:00:00.000Z,4,33,4,4,4,5.298,1198
2020-07-29T00:00:00.000Z,3,6,4,4,4,0.31,1195
2020-07-30T00:00:00.000Z,3,49,4,4,4,6.208,1176
2020-07-31T00:00:00.000Z,3,5,4,4,4,0.193,1180
2020-08-01T00:00:00.000Z,3,103,4,4,5,18.249,1164
2020-08-02T00:00:00.000Z,3,4,4,4,4,0.042,1119
2020-08-03T00:00:00.000Z,3,6,4,4,4,0.275,1091
2020-08-04T00:00:00.000Z,3,4,4,4,4,0.028,1233
2020-08-05T00:00:00.000Z,3,76,4,4,4,7.749,1327
2020-08-06T00:00:00.000Z,3,40,4,4,5,6.046,1342
2020-08-07T00:00:00.000Z,3,28,4,4,4,3.121,1359
2020-08-08T00:00:00.000Z,3,12,4,4,4,1.302,1316
2020-08-09T00:00:00.000Z,3,9,4,4,4,0.757,1349
2020-08-10T00:00:00.000Z,3,32,4,4,4,4.751,1134
2020-08-11T00:00:00.000Z,4,30,4,4,4,4.346,1174
2020-08-12T00:00:00.000Z,4,4,4,4,4,0,1345
2020-08-13T00:00:00.000Z,3,4,4,4,4,0.027,1346
2020-08-14T00:00:00.000Z,3,4,4,4,4,0.027,1355
2020-08-15T00:00:00.000Z,3,4,4,4,4,0.027,1342
2020-08-16T00:00:00.000Z,4,26,4,4,4,4.136,1322
2020-08-17T00:00:00.000Z,3,23,4,4,4,2.508,1329
2020-08-18T00:00:00.000Z,4,51,4,4,4,9.511,1358
2020-08-19T00:00:00.000Z,4,4,4,4,4,0,1335
2020-08-20T00:00:00.000Z,3,9,4,4,4,0.696,1319
2020-08-21T00:00:00.000Z,3,11,4,4,4,1.371,1361
2020-08-22T00:00:00.000Z,4,7,4,4,4,0.309,1315
2020-08-23T00:00:00.000Z,4,36,4,4,5,4.312,1315
2020-08-24T00:00:00.000Z,4,6,4,4,4,0.331,1236
2020-08-25T00:00:00.000Z,4,21,4,4,5,2.432,1278
2020-08-26T00:00:00.000Z,3,9,4,4,5,0.785,1273
2020-08-27T00:00:00.000Z,3,5,4,4,4,0.429,1342
2020-08-28T00:00:00.000Z,4,30,4,4,4,3.573,1304
2020-08-29T00:00:00.000Z,4,17,4,4,5,1.751,1277
2020-08-30T00:00:00.000Z,4,5,4,4,5,0.451,1297
2020-08-31T00:00:00.000Z,4,28,4,4,4,3.245,1288
2020-09-01T00:00:00.000Z,4,13,4,4,5,1.233,1330
2020-09-02T00:00:00.000Z,4,5,4,4,4,0.411,1303
2020-09-03T00:00:00.000Z,4,53,4,4,5,6.507,1233
2020-09-04T00:00:00.000Z,4,7,4,4,4,0.527,1281
2020-09-05T00:00:00.000Z,4,21,4,4,5,3.534,1298
2020-09-06T00:00:00.000Z,4,13,4,4,5,1.191,1283
2020-09-07T00:00:00.000Z,4,5,4,4,4,0.158,1058
2020-09-08T00:00:00.000Z,3,189,4,4,5,17.562,1192
2020-09-09T00:00:00.000Z,3,5,4,4,4,0.157,1184
2020-09-10T00:00:00.000Z,3,200,4,4,4,30.944,1160
2020-09-11T00:00:00.000Z,4,4,4,4,4,0,1103
2020-09-12T00:00:00.000Z,4,63,4,4,4,10.981,1084
2020-09-13T00:00:00.000Z,3,5,4,4,4,0.274,1173
2020-09-14T00:00:00.000Z,3,4,4,4,4,0.03,1115
2020-09-15T00:00:00.000Z,3,4,4,4,4,0.042,1122
2020-09-16T00:00:00.000Z,3,115,4,4,4,12.582,1238
2020-09-17T00:00:00.000Z,3,74,4,4,4,7.393,1146
2020-09-18T00:00:00.000Z,3,5,4,4,4,0.135,1137
2020-09-19T00:00:00.000Z,4,5,4,4,4,0.14,1208
2020-09-20T00:00:00.000Z,4,87,4,4,4,12.699,1208
2020-09-21T00:00:00.000Z,3,4,4,4,4,0.029,1206
2020-09-22T00:00:00.000Z,4,38,4,4,5,6.28,1225
2020-09-23T00:00:00.000Z,3,11,4,4,4,1.44,1232
2020-09-24T00:00:00.000Z,4,5,4,4,4,0.134,1256
2020-09-25T00:00:00.000Z,3,4,4,4,4,0.028,1253
2020-09-26T00:00:00.000Z,3,24,4,4,4,2.601,1253
2020-09-27T00:00:00.000Z,4,10,4,4,4,0.929,1276
2020-09-28T00:00:00.000Z,3,4,4,4,4,0.151,1247
2020-09-29T00:00:00.000Z,4,18,4,4,4,2.089,1234
2020-09-30T00:00:00.000Z,3,20,4,4,4,2.317,1193
2020-10-01T00:00:00.000Z,3,4,4,4,4,0.052,1119
2020-10-02T00:00:00.000Z,3,4,4,4,4,0.031,1073
2020-10-03T00:00:00.000Z,3,5,4,4,4,0.196,1094
2020-10-04T00:00:00.000Z,3,4,4,4,4,0.03,1130
2020-10-05T00:00:00.000Z,4,10,4,4,4,0.598,1130
2020-10-06T00:00:00.000Z,4,12,4,4,4,1.555,1110
2020-10-07T00:00:00.000Z,3,28,4,4,4,5.402,1135
2020-10-08T00:00:00.000Z,4,10,4,4,4,0.801,1149
2020-10-09T00:00:00.000Z,3,5,4,4,4,0.252,1206
2020-10-10T00:00:00.000Z,3,5,4,4,4,0.245,1225
2020-10-11T00:00:00.000Z,4,91,4,4,4,4.647,1243
2020-10-12T00:00:00.000Z,4,5,4,4,4,0.156,1167
2020-10-13T00:00:00.000Z,4,5,4,4,4,0.138,1242
2020-10-14T00:00:00.000Z,4,4,4,4,4,0,1246
2020-10-15T00:00:00.000Z,3,5,4,4,4,0.138,1231
2020-10-16T00:00:00.000Z,4,38,4,4,4,5.884,1248
2020-10-17T00:00:00.000Z,3,5,4,4,4,0.148,1249
2020-10-18T00:00:00.000Z,3,10,4,4,4,0.834,1214
2020-10-19T00:00:00.000Z,3,4,4,4,4,0.028,1249
2020-10-20T00:00:00.000Z,3,4,4,4,4,0.04,1239
2020-10-21T00:00:00.000Z,3,4,4,4,4,0.029,1222
2020-10-22T00:00:00.000Z,4,4,4,4,4,0,1237
2020-10-23T00:00:00.000Z,3,4,4,4,4,0.05,1217
2020-10-24T00:00:00.000Z,3,18,4,4,4,2.435,1236
2020-10-25T00:00:00.000Z,3,8,4,4,4,0.535,1341
2020-10-26T00:00:00.000Z,3,4,4,4,4,0.028,1300
2020-10-27T00:00:00.000Z,3,10,4,4,4,0.892,1270
2020-10-28T00:00:00.000Z,3,4,4,4,4,0.04,1277
2020-10-29T00:00:00.000Z,4,4,4,4,4,0,1288
2020-10-30T00:00:00.000Z,3,4,4,4,4,0.028,1307
2020-10-31T00:00:00.000Z,3,5,4,4,4,0.148,1307
2020-11-01T00:00:00.000Z,3,4,4,4,4,0.028,1311
2020-11-02T00:00:00.000Z,4,4,4,4,4,0,1212
2020-11-03T00:00:00.000Z,3,4,4,4,4,0.04,1278
2020-11-04T00:00:00.000Z,3,4,4,4,4,0.032,998
2020-11-05T00:00:00.000Z,4,4,4,4,4,0,1008
2020-11-06T00:00:00.000Z,3,4,4,4,4,0.137,990
2020-11-07T00:00:00.000Z,3,5,4,4,4,0.13,1106
2020-11-08T00:00:00.000Z,3,4,4,4,4,0.031,1061
2020-11-09T00:00:00.000Z,4,4,4,4,4,0,962
2020-11-10T00:00:00.000Z,3,4,4,4,4,0.045,991
2020-11-11T00:00:00.000Z,3,17,4,4,4,1.199,1069
2020-11-12T00:00:00.000Z,3,5,4,4,4,0.196,1038
2020-11-13T00:00:00.000Z,3,4,4,4,4,0.044,1034
2020-11-14T00:00:00.000Z,3,5,4,4,4,0.053,1059
2020-11-15T00:00:00.000Z,3,4,4,4,4,0.071,988
2020-11-16T00:00:00.000Z,4,4,4,4,4,0,962
2020-11-17T00:00:00.000Z,3,5,4,4,4,0.139,1020
2020-11-18T00:00:00.000Z,3,4,4,4,4,0.043,1091
2020-11-19T00:00:00.000Z,3,4,4,4,4,0.044,1021
2020-11-20T00:00:00.000Z,3,4,4,4,4,0.03,1087
2020-11-21T00:00:00.000Z,3,4,4,4,4,0.219,1053
2020-11-22T00:00:00.000Z,3,4,4,4,4,0.031,1024
2020-11-23T00:00:00.000Z,4,5,4,4,4,0.151,940
2020-11-24T00:00:00.000Z,3,5,4,4,4,0.135,970
2020-11-25T00:00:00.000Z,3,4,4,4,4,0.045,986
2020-11-26T00:00:00.000Z,3,4,4,4,4,0.033,939
2020-11-27T00:00:00.000Z,3,5,4,4,4,0.141,983
2020-11-28T00:00:00.000Z,3,4,4,4,4,0.065,700
2020-11-29T00:00:00.000Z,3,4,4,4,4,0.143,1010
2020-11-30T00:00:00.000Z,3,4,4,4,4,0.069,832
2020-12-01T00:00:00.000Z,4,5,4,4,4,0.213,819
2020-12-02T00:00:00.000Z,4,4,4,4,4,0,930
2020-12-03T00:00:00.000Z,3,5,4,4,4,0.131,804
2020-12-04T00:00:00.000Z,4,4,4,4,4,0,657
2020-12-05T00:00:00.000Z,4,4,4,4,4,0,868
2020-12-06T00:00:00.000Z,4,5,4,4,4,0.206,1060
2020-12-07T00:00:00.000Z,3,5,4,4,4,0.146,965
2020-12-08T00:00:00.000Z,3,7,4,4,4,0.562,993
2020-12-09T00:00:00.000Z,3,4,4,4,4,0.178,1072
2020-12-10T00:00:00.000Z,3,5,4,4,4,0.276,1051
2020-12-11T00:00:00.000Z,3,4,4,4,4,0.044,1014
2020-12-12T00:00:00.000Z,3,4,4,4,4,0.031,1044
2020-12-13T00:00:00.000Z,3,4,4,4,4,0.044,1038
2020-12-14T00:00:00.000Z,3,4,4,4,4,0.046,932
2020-12-15T00:00:00.000Z,4,4,4,4,4,0,1045
2020-12-16T00:00:00.000Z,3,5,4,4,4,0.217,1020
2020-12-17T00:00:00.000Z,3,4,4,4,4,0.046,945
2020-12-18T00:00:00.000Z,3,4,4,4,4,0.044,1024
2020-12-19T00:00:00.000Z,3,4,4,4,4,0.031,1009
2020-12-20T00:00:00.000Z,3,4,4,4,4,0.031,1065
2020-12-21T00:00:00.000Z,3,5,4,4,4,0.208,1046
2020-12-22T00:00:00.000Z,4,5,4,4,4,0.133,1005
2020-12-23T00:00:00.000Z,3,5,4,4,4,0.246,1067
2020-12-24T00:00:00.000Z,3,4,4,4,4,0.032,998
2020-12-25T00:00:00.000Z,3,4,4,4,4,0.031,1044
2020-12-26T00:00:00.000Z,3,4,4,4,4,0.043,1070
2020-12-27T00:00:00.000Z,3,5,4,4,4,0.132,1075
2020-12-28T00:00:00.000Z,3,5,4,4,4,0.136,1010
2020-12-29T00:00:00.000Z,3,8,4,4,4,0.54,1052
2020-12-30T00:00:00.000Z,3,4,4,4,4,0.056,966
2020-12-31T00:00:00.000Z,3,4,4,4,4,0.043,1083
2021-01-01T00:00:00.000Z,4,4,4,4,4,0,1030
2021-01-02T00:00:00.000Z,3,4,4,4,4,0.031,1043
2021-01-03T00:00:00.000Z,3,4,4,4,4,0.044,1034
2021-01-04T00:00:00.000Z,3,5,4,4,4,0.194,1000
2021-01-05T00:00:00.000Z,4,4,4,4,4,0,957
2021-01-06T00:00:00.000Z,4,5,4,4,4,0.199,942
2021-01-07T00:00:00.000Z,3,4,4,4,4,0.031,1010
2021-01-08T00:00:00.000Z,3,4,4,4,4,0.208,992
2021-01-09T00:00:00.000Z,3,4,4,4,4,0.244,1004
2021-01-10T00:00:00.000Z,3,4,4,4,4,0.044,1052
2021-01-11T00:00:00.000Z,3,4,4,4,4,0.032,970
2021-01-12T00:00:00.000Z,3,4,4,4,4,0.166,993
2021-01-13T00:00:00.000Z,3,4,4,4,4,0.032,1005
2021-01-14T00:00:00.000Z,3,4,4,4,4,0.033,945
2021-01-15T00:00:00.000Z,4,30,4,4,4,1.584,1026
2021-01-16T00:00:00.000Z,4,121,4,4,4,14.383,961
2021-01-17T00:00:00.000Z,4,5,4,4,4,0.314,958
2021-01-18T00:00:00.000Z,4,5,4,4,4,0.129,893
2021-01-19T00:00:00.000Z,4,42,4,4,4,4.693,866
2021-01-20T00:00:00.000Z,3,4,4,4,4,0.033,941
2021-01-21T00:00:00.000Z,3,4,4,4,4,0.032,946
2021-01-22T00:00:00.000Z,3,5,4,4,4,0.142,979
2021-01-23T00:00:00.000Z,3,4,4,4,4,0.07,1010
2021-01-24T00:00:00.000Z,3,4,4,4,4,0.141,992
2021-01-25T00:00:00.000Z,3,5,4,4,4,0.202,950
2021-01-26T00:00:00.000Z,3,5,4,4,4,0.252,985
2021-01-27T00:00:00.000Z,4,5,4,4,4,0.165,961
2021-01-28T00:00:00.000Z,4,13,4,4,4,1.012,999
2021-01-29T00:00:00.000Z,4,5,4,4,4,0.211,988
2021-01-30T00:00:00.000Z,4,5,4,4,4,0.147,952
2021-01-31T00:00:00.000Z,3,4,4,4,4,0.045,994
2021-02-01T00:00:00.000Z,4,4,4,4,4,0,904
2021-02-02T00:00:00.000Z,4,20,4,4,4,1.444,921
2021-02-03T00:00:00.000Z,3,5,4,4,4,0.056,957
2021-02-04T00:00:00.000Z,3,5,4,4,4,0.189,960
2021-02-05T00:00:00.000Z,3,4,4,4,4,0.047,910
2021-02-06T00:00:00.000Z,3,5,4,4,4,0.216,934
2021-02-07T00:00:00.000Z,4,77,4,4,4,7.276,1002
2021-02-08T00:00:00.000Z,4,18,4,4,4,0.964,984
2021-02-09T00:00:00.000Z,3,5,4,4,4,0.123,987
2021-02-10T00:00:00.000Z,3,4,4,4,4,0.032,968
2021-02-11T00:00:00.000Z,4,4,4,4,4,0,973
2021-02-12T00:00:00.000Z,4,4,4,4,4,0,1018
2021-02-13T00:00:00.000Z,3,4,4,4,4,0.032,1005
2021-02-14T00:00:00.000Z,3,5,4,4,4,0.151,988
2021-02-15T00:00:00.000Z,3,4,4,4,4,0.045,972
2021-02-16T00:00:00.000Z,3,4,4,4,4,0.064,966
2021-02-17T00:00:00.000Z,3,4,4,4,4,0.031,1028
2021-02-18T00:00:00.000Z,3,4,4,4,4,0.063,1004
2021-02-19T00:00:00.000Z,3,4,4,4,4,0.055,989
2021-02-20T00:00:00.000Z,3,4,4,4,4,0.031,1055
2021-02-21T00:00:00.000Z,3,4,4,4,4,0.031,1064
2021-02-22T00:00:00.000Z,3,4,4,4,4,0.032,949
2021-02-23T00:00:00.000Z,3,9,4,4,4,0.865,953
2021-02-24T00:00:00.000Z,3,4,4,4,4,0.032,970
2021-02-25T00:00:00.000Z,4,4,4,4,4,0,973
2021-02-26T00:00:00.000Z,3,5,4,4,4,0.227,947
2021-02-27T00:00:00.000Z,3,4,4,4,4,0.049,822
2021-02-28T00:00:00.000Z,3,4,4,4,4,0.031,1034
2021-03-01T00:00:00.000Z,4,4,4,4,4,0,1014
2021-03-02T00:00:00.000Z,3,4,4,4,4,0.031,1007
2021-03-03T00:00:00.000Z,4,5,4,4,4,0.18,960
2021-03-04T00:00:00.000Z,4,5,4,4,4,0.135,972
2021-03-05T00:00:00.000Z,3,5,4,4,4,0.209,1049
2021-03-06T00:00:00.000Z,4,4,4,4,4,0,1065
2021-03-07T00:00:00.000Z,3,7,4,4,4,0.357,1091
2021-03-08T00:00:00.000Z,4,11,4,4,4,1.397,1062
2021-03-09T00:00:00.000Z,4,4,4,4,4,0,1038
2021-03-10T00:00:00.000Z,3,5,4,4,4,0.137,1004
2021-03-11T00:00:00.000Z,4,5,4,4,4,0.178,1040
2021-03-12T00:00:00.000Z,4,4,4,4,4,0,1045
2021-03-13T00:00:00.000Z,4,4,4,4,4,0,1046
2021-03-14T00:00:00.000Z,3,5,4,4,4,0.232,1037
2021-03-15T00:00:00.000Z,4,4,4,4,4,0,976
2021-03-16T00:00:00.000Z,3,5,4,4,4,0.119,977
2021-03-17T00:00:00.000Z,3,4,4,4,4,0.154,991
2021-03-18T00:00:00.000Z,3,5,4,4,4,0.139,971
2021-03-19T00:00:00.000Z,4,8,4,4,5,0.678,1000
2021-03-20T00:00:00.000Z,3,8,4,4,5,1.073,1017
2021-03-21T00:00:00.000Z,4,5,4,4,4,0.148,976
2021-03-22T00:00:00.000Z,4,4,4,4,4,0,996
2021-03-23T00:00:00.000Z,3,4,4,4,4,0.03,1129
2021-03-24T00:00:00.000Z,4,4,4,4,4,0,974
2021-03-25T00:00:00.000Z,4,5,4,4,4,0.286,845
2021-03-26T00:00:00.000Z,4,7,4,4,4,0.507,958
2021-03-27T00:00:00.000Z,4,144,4,4,9,20.447,907
2021-03-28T00:00:00.000Z,4,27,4,4,4,4.228,700
2021-03-29T00:00:00.000Z,3,6,4,4,4,0.172,703
2021-03-30T00:00:00.000Z,4,5,4,4,4,0.117,719
2021-03-31T00:00:00.000Z,3,4,4,4,4,0.037,719
2021-04-01T00:00:00.000Z,3,4,4,4,4,0.037,718
2021-04-02T00:00:00.000Z,3,5,4,4,4,0.119,704
2021-04-03T00:00:00.000Z,4,13,4,4,4,1.251,767
2021-04-04T00:00:00.000Z,4,4,4,4,4,0,711
2021-04-05T00:00:00.000Z,3,5,4,4,4,0.143,727
2021-04-06T00:00:00.000Z,3,4,4,4,4,0.038,690
2021-04-07T00:00:00.000Z,4,8,4,4,4,0.791,634
2021-04-08T00:00:00.000Z,4,4,4,4,4,0,671
2021-04-09T00:00:00.000Z,4,72,4,4,4,7.103,685
2021-04-10T00:00:00.000Z,4,33,4,4,4,4.058,1079
2021-04-11T00:00:00.000Z,3,67,4,4,5,11.479,1236
2021-04-12T00:00:00.000Z,3,9,4,4,4,0.578,1292
2021-04-13T00:00:00.000Z,4,9,4,4,4,0.672,1276
2021-04-14T00:00:00.000Z,3,5,4,4,4,0.146,1291
2021-04-15T00:00:00.000Z,3,5,4,4,4,0.149,1283
2021-04-16T00:00:00.000Z,3,4,4,4,4,0.04,1276
2021-04-17T00:00:00.000Z,4,49,4,4,4,8.585,1275
2021-04-18T00:00:00.000Z,3,20,4,4,4,2.525,1262
2021-04-19T00:00:00.000Z,3,4,4,4,4,0.03,1122
2021-04-20T00:00:00.000Z,4,31,4,4,4,4.695,1258
2021-04-21T00:00:00.000Z,3,26,4,4,4,3.616,1281
2021-04-22T00:00:00.000Z,3,14,4,4,4,1.412,1269
2021-04-23T00:00:00.000Z,3,4,4,4,4,0.028,1272
2021-04-24T00:00:00.000Z,3,97,4,4,4,18.675,1263
2021-04-25T00:00:00.000Z,3,5,4,4,4,0.199,1259
2021-04-26T00:00:00.000Z,4,9,4,4,4,0.911,1256
2021-04-27T00:00:00.000Z,4,5,4,4,4,0.145,1259
2021-04-28T00:00:00.000Z,3,5,4,4,4,0.274,1249
2021-04-29T00:00:00.000Z,3,4,4,4,4,0.062,1291
2021-04-30T00:00:00.000Z,3,5,4,4,4,0.203,1286
2021-05-01T00:00:00.000Z,4,5,4,4,4,0.194,1248
2021-05-02T00:00:00.000Z,4,5,4,4,4,0.136,1276
2021-05-03T00:00:00.000Z,4,4,4,4,4,0,1251
2021-05-04T00:00:00.000Z,3,38,4,4,4,6.073,1265
2021-05-05T00:00:00.000Z,3,5,4,4,4,0.149,1280
2021-05-06T00:00:00.000Z,3,5,4,4,4,0.148,1256
2021-05-07T00:00:00.000Z,3,21,4,4,4,3.706,1267
2021-05-08T00:00:00.000Z,3,4,4,4,4,0.049,1271
2021-05-09T00:00:00.000Z,3,35,4,4,4,4.2,1274
2021-05-10T00:00:00.000Z,3,4,4,4,4,0.049,1270
2021-05-11T00:00:00.000Z,3,5,4,4,4,0.144,1274
2021-05-12T00:00:00.000Z,3,116,4,4,4,11.885,1269
2021-05-13T00:00:00.000Z,3,5,4,4,4,0.248,1249
2021-05-14T00:00:00.000Z,4,5,4,4,4,0.198,1271
2021-05-15T00:00:00.000Z,4,12,4,4,4,1.774,1244
2021-05-16T00:00:00.000Z,4,18,4,4,4,2.256,1231
2021-05-17T00:00:00.000Z,3,10,4,4,4,0.921,1261
2021-05-18T00:00:00.000Z,4,5,4,4,4,0.235,1274
2021-05-19T00:00:00.000Z,3,19,4,4,4,2.396,1198
2021-05-20T00:00:00.000Z,3,8,4,4,4,0.572,1288
2021-05-21T00:00:00.000Z,4,17,4,4,4,1.766,1228
2021-05-22T00:00:00.000Z,4,7,4,4,4,0.494,1245
2021-05-23T00:00:00.000Z,3,5,4,4,4,0.226,1278
2021-05-24T00:00:00.000Z,4,20,4,4,4,3.022,655
2021-05-25T00:00:00.000Z,4,5,4,4,4,0.38,871
2021-05-26T00:00:00.000Z,3,9,4,4,4,0.757,1263
2021-05-27T00:00:00.000Z,3,11,4,4,4,1.098,1294
2021-05-28T00:00:00.000Z,3,133,4,4,5,23.988,1269
2021-05-29T00:00:00.000Z,4,5,4,4,4,0.354,1236
2021-05-30T00:00:00.000Z,4,5,4,4,4,0.146,1246
2021-05-31T00:00:00.000Z,3,5,4,4,4,0.244,1261
2021-06-01T00:00:00.000Z,4,4,4,4,4,0,1134
2021-06-02T00:00:00.000Z,4,5,4,4,4,0.302,1263
2021-06-03T00:00:00.000Z,4,5,4,4,4,0.239,1279
2021-06-04T00:00:00.000Z,3,6,4,4,4,0.277,1288
2021-06-05T00:00:00.000Z,4,28,4,4,4,3.805,1273
2021-06-06T00:00:00.000Z,4,18,4,4,4,1.567,1265
2021-06-07T00:00:00.000Z,4,5,4,4,4,0.334,1242
2021-06-08T00:00:00.000Z,4,10,4,4,4,0.815,1258
2021-06-09T00:00:00.000Z,3,7,4,4,4,0.336,1248
2021-06-10T00:00:00.000Z,3,38,4,4,4,6.073,1240
2021-06-11T00:00:00.000Z,4,13,4,4,4,1.898,1233
2021-06-12T00:00:00.000Z,4,9,4,4,4,1.164,1288
2021-06-13T00:00:00.000Z,3,18,4,4,4,2.223,1280
2021-06-14T00:00:00.000Z,4,15,4,4,4,1.995,1279
2021-06-15T00:00:00.000Z,4,5,4,4,4,0.334,1262
2021-06-16T00:00:00.000Z,4,13,4,4,4,1.039,1281
2021-06-17T00:00:00.000Z,3,23,4,4,4,3.166,1290
2021-06-18T00:00:00.000Z,3,19,4,4,4,1.394,1258
2021-06-19T00:00:00.000Z,3,15,4,4,4,1.785,1284
2021-06-20T00:00:00.000Z,4,5,4,4,4,0.141,1275
2021-06-21T00:00:00.000Z,4,5,4,4,4,0.197,1281
2021-06-22T00:00:00.000Z,4,5,4,4,4,0.305,1248
2021-06-23T00:00:00.000Z,3,31,4,4,4,2.998,1253
2021-06-24T00:00:00.000Z,3,6,4,4,4,0.361,1223
2021-06-25T00:00:00.000Z,4,5,4,4,4,0.139,1267
2021-06-26T00:00:00.000Z,3,32,4,4,4,4.46,1258
2021-06-27T00:00:00.000Z,3,20,4,4,4,2.838,1195
2021-06-28T00:00:00.000Z,4,75,4,4,5,13.053,1276
2021-06-29T00:00:00.000Z,3,20,4,4,4,2.268,1258
2021-06-30T00:00:00.000Z,4,5,4,4,4,0.241,1260
2021-07-01T00:00:00.000Z,3,14,4,4,4,1.425,1290
2021-07-02T00:00:00.000Z,4,20,4,4,4,2.409,1267
2021-07-03T00:00:00.000Z,4,19,4,4,4,2.462,1229
2021-07-04T00:00:00.000Z,4,9,4,4,4,0.804,1264
2021-07-05T00:00:00.000Z,3,5,4,4,4,0.225,1259
2021-07-06T00:00:00.000Z,4,11,4,4,4,1.234,1255
2021-07-07T00:00:00.000Z,4,14,4,4,4,1.585,1261
2021-07-08T00:00:00.000Z,3,19,4,4,4,2.634,1203
2021-07-09T00:00:00.000Z,4,5,4,4,4,0.141,1128
2021-07-10T00:00:00.000Z,4,5,4,4,4,0.129,1181
2021-07-11T00:00:00.000Z,4,8,4,4,4,0.623,1187
2021-07-12T00:00:00.000Z,4,5,4,4,4,0.372,1190
2021-07-13T00:00:00.000Z,3,5,4,4,4,0.31,1172
2021-07-14T00:00:00.000Z,4,31,4,4,5,5.444,1192
2021-07-15T00:00:00.000Z,3,9,4,4,4,0.589,1179
2021-07-16T00:00:00.000Z,4,8,4,4,4,0.669,1154
2021-07-17T00:00:00.000Z,4,148,4,4,5,20.445,1165
2021-07-18T00:00:00.000Z,3,171,4,4,5,31.604,1214
2021-07-19T00:00:00.000Z,4,21,4,4,5,3.826,1068
2021-07-20T00:00:00.000Z,4,5,4,4,4,0.306,1043
2021-07-21T00:00:00.000Z,4,9,4,4,4,0.859,1200
2021-07-22T00:00:00.000Z,4,19,4,4,4,2.121,1164
2021-07-23T00:00:00.000Z,4,133,4,4,5,23.674,1166
2021-07-24T00:00:00.000Z,3,33,4,4,10,6.916,1103
2021-07-25T00:00:00.000Z,4,60,4,4,6,10.155,1148
2021-07-26T00:00:00.000Z,4,14,4,4,4,1.607,633
2021-08-05T00:00:00.000Z,3,4,4,4,4,0.04,631
2021-08-06T00:00:00.000Z,3,22,4,4,5,3.371,1187
2021-08-07T00:00:00.000Z,3,10,4,4,4,0.887,1212
2021-08-08T00:00:00.000Z,3,23,4,4,4,2.936,1219
2021-08-09T00:00:00.000Z,4,221,5,4,13,38.616,1172
2021-08-10T00:00:00.000Z,4,27,4,4,4,3.015,1169
2021-08-11T00:00:00.000Z,4,202,4,4,5,34.703,1143
2021-08-12T00:00:00.000Z,3,4,4,4,4,0.206,1129
2021-08-13T00:00:00.000Z,3,30,4,4,4,3.87,986
2021-08-14T00:00:00.000Z,4,37,4,4,4,6.457,1025
2021-08-15T00:00:00.000Z,3,5,4,4,4,0.2,1048
2021-08-16T00:00:00.000Z,3,59,4,4,4,11.265,941
2021-08-17T00:00:00.000Z,4,57,4,4,4,9.549,970
2021-08-18T00:00:00.000Z,3,7,4,4,4,0.347,1047
2021-08-19T00:00:00.000Z,3,47,4,4,4,6.443,1045
2021-08-20T00:00:00.000Z,4,25,4,4,4,4.16,1081
2021-08-21T00:00:00.000Z,4,19,4,4,4,3.207,1103
2021-08-22T00:00:00.000Z,3,12,4,4,4,1.098,956
2021-08-23T00:00:00.000Z,3,26,4,4,4,3.662,1036
2021-08-24T00:00:00.000Z,3,32,4,4,4,4.782,1107
2021-08-25T00:00:00.000Z,4,6,4,4,6,0.948,89
2021-08-26T00:00:00.000Z,3,22,4,4,4,4.215,736
2021-08-27T00:00:00.000Z,3,40,4,4,4,7.903,1102
2021-08-28T00:00:00.000Z,4,20,4,4,4,2.307,1070
2021-08-29T00:00:00.000Z,3,132,4,4,6,21.57,1039
2021-08-30T00:00:00.000Z,3,42,4,4,4,4.267,1066
2021-08-31T00:00:00.000Z,4,44,4,4,9,10.209,1101
2021-09-01T00:00:00.000Z,4,29,4,4,4,2.112,1119
2021-09-02T00:00:00.000Z,4,5,4,4,4,0.269,1091
2021-09-03T00:00:00.000Z,3,211,4,4,5,23.924,1118
2021-09-04T00:00:00.000Z,3,26,4,4,4,3.963,1040
2021-09-05T00:00:00.000Z,3,10,4,4,4,0.845,782
2021-09-06T00:00:00.000Z,4,40,4,4,7,7.348,841
2021-09-07T00:00:00.000Z,4,104,5,4,20,28.432,190
2021-09-08T00:00:00.000Z,4,68,4,4,5,10.508,666
2021-09-09T00:00:00.000Z,3,30,4,4,4,5.019,1124
2021-09-10T00:00:00.000Z,3,17,4,4,4,1.847,1112
2021-09-11T00:00:00.000Z,3,19,4,4,5,3.664,1137
2021-09-12T00:00:00.000Z,3,4,4,4,4,0.04,1272
2021-09-13T00:00:00.000Z,3,37,4,4,4,5.42,1293
2021-09-14T00:00:00.000Z,3,71,4,4,5,7.332,1267
2021-09-15T00:00:00.000Z,3,7,4,4,4,0.385,1288
2021-09-16T00:00:00.000Z,3,18,4,4,4,2.624,1213
2021-09-17T00:00:00.000Z,3,23,4,4,4,2.489,1175
2021-09-18T00:00:00.000Z,4,22,4,4,4,3.214,1240
2021-09-19T00:00:00.000Z,3,17,4,4,4,2.554,1065
2021-09-20T00:00:00.000Z,3,18,4,4,4,3.38,1186
2021-09-21T00:00:00.000Z,3,15,4,4,4,2.235,1079
2021-09-22T00:00:00.000Z,3,5,4,4,4,0.303,1059
2021-09-23T00:00:00.000Z,3,5,4,4,4,0.32,1194
2021-09-24T00:00:00.000Z,4,5,4,4,4,0.31,1149
2021-09-25T00:00:00.000Z,4,198,4,4,8,24.583,1119
2021-09-26T00:00:00.000Z,3,49,4,4,4,6.317,981
2021-09-27T00:00:00.000Z,4,5,4,4,4,0.255,991
2021-09-28T00:00:00.000Z,4,23,4,4,5,3.273,1063
2021-09-29T00:00:00.000Z,3,5,4,4,4,0.367,1212
2021-09-30T00:00:00.000Z,3,100,4,4,4,12.929,840
2021-10-01T00:00:00.000Z,3,99,4,4,4,15.225,1299
2021-10-02T00:00:00.000Z,3,5,4,4,4,0.139,1279
2021-10-03T00:00:00.000Z,4,5,4,4,4,0.287,1262
2021-10-04T00:00:00.000Z,4,58,4,4,5,10.639,1252
2021-10-05T00:00:00.000Z,3,26,4,4,4,3.914,1257
2021-10-06T00:00:00.000Z,4,13,4,4,4,1.672,1151
2021-10-07T00:00:00.000Z,4,66,4,4,4,11.838,1224
2021-10-08T00:00:00.000Z,3,5,4,4,4,0.251,1196
2021-10-09T00:00:00.000Z,4,5,4,4,4,0.303,1208
2021-10-10T00:00:00.000Z,4,114,4,4,5,14.821,1218
2021-10-11T00:00:00.000Z,3,8,4,4,4,0.555,1216
2021-10-12T00:00:00.000Z,3,107,4,4,4,11.941,1119
2021-10-13T00:00:00.000Z,3,13,4,4,4,1.536,1190
2021-10-14T00:00:00.000Z,3,60,4,4,4,8.547,1189
2021-10-15T00:00:00.000Z,4,16,4,4,4,1.748,1264
2021-10-16T00:00:00.000Z,4,38,4,4,4,6.586,1268
2021-10-17T00:00:00.000Z,4,31,4,4,5,4.33,904
2021-10-18T00:00:00.000Z,3,76,4,4,4,6.28,993
2021-10-19T00:00:00.000Z,4,131,4,4,4,17.743,1286
2021-10-20T00:00:00.000Z,3,5,4,4,4,0.244,1200
2021-10-21T00:00:00.000Z,4,5,4,4,4,0.202,1226
2021-10-22T00:00:00.000Z,4,5,4,4,4,0.242,1219
2021-10-23T00:00:00.000Z,4,17,4,4,4,1.79,1159
2021-10-24T00:00:00.000Z,4,128,4,4,5,14.643,1227
2021-10-25T00:00:00.000Z,3,5,4,4,4,0.325,1193
2021-10-26T00:00:00.000Z,3,5,4,4,4,0.231,1166
2021-10-27T00:00:00.000Z,4,5,4,4,4,0.352,1217
2021-10-28T00:00:00.000Z,4,69,4,4,4,10.352,927
2021-10-29T00:00:00.000Z,3,103,4,4,9,18.524,1153
2021-10-30T00:00:00.000Z,4,66,4,4,5,8.692,1214
2021-10-31T00:00:00.000Z,3,46,4,4,5,7.692,1280
2021-11-01T00:00:00.000Z,4,6,4,4,4,0.315,1305
2021-11-02T00:00:00.000Z,3,4,4,4,4,0.028,1234
2021-11-03T00:00:00.000Z,3,5,4,4,4,0.244,1301
2021-11-04T00:00:00.000Z,3,5,4,4,4,0.248,1289
2021-11-05T00:00:00.000Z,3,5,4,4,4,0.282,1290
2021-11-06T00:00:00.000Z,3,5,4,4,4,0.208,1256
2021-11-07T00:00:00.000Z,4,5,4,4,4,0.24,1284
2021-11-08T00:00:00.000Z,4,5,4,4,4,0.3,1002
2021-11-09T00:00:00.000Z,4,20,4,4,4,2.769,1184
2021-11-10T00:00:00.000Z,3,56,4,4,4,9.963,1267
2021-11-11T00:00:00.000Z,3,25,4,4,4,2.715,1206
2021-11-12T00:00:00.000Z,4,39,4,4,4,6.729,697
2021-11-13T00:00:00.000Z,3,99,4,4,4,16.54,1231
2021-11-14T00:00:00.000Z,4,53,4,4,5,8.429,1119
2021-11-15T00:00:00.000Z,4,73,4,4,4,11.927,1203
2021-11-16T00:00:00.000Z,4,55,5,4,9,11.168,1237
2021-11-17T00:00:00.000Z,4,16,4,4,4,1.465,1265
2021-11-18T00:00:00.000Z,4,5,4,4,4,0.284,1217
2021-11-19T00:00:00.000Z,3,5,4,4,4,0.377,1270
2021-11-20T00:00:00.000Z,3,105,4,4,4,15.879,1265
2021-11-21T00:00:00.000Z,3,84,4,4,5,14.951,1263
2021-11-22T00:00:00.000Z,4,4,4,4,4,0,1224
2021-11-23T00:00:00.000Z,3,5,4,4,4,0.244,1213
2021-11-24T00:00:00.000Z,3,5,4,4,4,0.145,1263
2021-11-25T00:00:00.000Z,4,5,4,4,4,0.367,1179
2021-11-26T00:00:00.000Z,4,5,4,4,4,0.357,1260
2021-11-27T00:00:00.000Z,3,12,4,4,4,1.307,1256
2021-11-28T00:00:00.000Z,3,5,4,4,4,0.188,1269
2021-11-29T00:00:00.000Z,4,4,4,4,4,0,1230
2021-11-30T00:00:00.000Z,3,5,4,4,4,0.202,1203
2021-12-01T00:00:00.000Z,3,4,4,4,4,0.063,1273
2021-12-02T00:00:00.000Z,3,8,4,4,4,0.574,1135
2021-12-03T00:00:00.000Z,4,5,4,4,4,0.228,492
2021-12-04T00:00:00.000Z,3,5,4,4,4,0.16,1108
2021-12-05T00:00:00.000Z,3,4,4,4,4,0.029,1227
2021-12-06T00:00:00.000Z,3,5,4,4,4,0.202,1252
2021-12-07T00:00:00.000Z,3,5,4,4,4,0.24,1242
2021-12-08T00:00:00.000Z,3,4,4,4,4,0.053,1059
2021-12-09T00:00:00.000Z,3,4,4,4,4,0.172,1049
2021-12-10T00:00:00.000Z,4,5,4,4,4,0.322,1106
2021-12-11T00:00:00.000Z,4,4,4,4,4,0,727
2021-12-12T00:00:00.000Z,4,8,4,4,4,0.405,945
2021-12-13T00:00:00.000Z,3,4,4,4,4,0.041,1193
2021-12-14T00:00:00.000Z,3,4,4,4,4,0.039,641
2021-12-15T00:00:00.000Z,3,4,4,4,4,0.137,1201
2021-12-16T00:00:00.000Z,3,17,4,4,4,1.209,1126
2021-12-17T00:00:00.000Z,3,4,4,4,4,0.05,1209
2021-12-18T00:00:00.000Z,4,4,4,4,4,0,1218
2021-12-19T00:00:00.000Z,4,5,4,4,4,0.255,1156
2021-12-20T00:00:00.000Z,4,4,4,4,4,0,1170
2021-12-21T00:00:00.000Z,3,4,4,4,4,0.029,1175
2021-12-22T00:00:00.000Z,3,5,4,4,4,0.201,1190
2021-12-23T00:00:00.000Z,3,5,4,4,4,0.161,1095
2021-12-24T00:00:00.000Z,3,4,4,4,4,0.058,1205
2021-12-25T00:00:00.000Z,3,4,4,4,4,0.03,1102
2021-12-26T00:00:00.000Z,3,5,4,4,4,0.337,1102
2021-12-27T00:00:00.000Z,4,5,4,4,4,0.247,1178
2021-12-28T00:00:00.000Z,3,5,4,4,4,0.231,1136
2021-12-29T00:00:00.000Z,3,4,4,4,4,0.042,1145
2021-12-30T00:00:00.000Z,3,4,4,4,4,0.06,1119
2021-12-31T00:00:00.000Z,3,5,4,4,4,0.13,1175
2022-01-01T00:00:00.000Z,3,4,4,4,4,0.029,1209
2022-01-02T00:00:00.000Z,3,4,4,4,4,0.041,1216
2022-01-03T00:00:00.000Z,3,5,4,4,4,0.193,1170
2022-01-04T00:00:00.000Z,3,5,4,4,4,0.241,983
2022-01-05T00:00:00.000Z,3,5,4,4,4,0.243,1171
2022-01-06T00:00:00.000Z,3,4,4,4,4,0.049,1229
2022-01-07T00:00:00.000Z,4,4,4,4,4,0,1224
2022-01-08T00:00:00.000Z,4,5,4,4,4,0.207,1137
2022-01-09T00:00:00.000Z,3,5,4,4,4,0.042,1157
2022-01-10T00:00:00.000Z,3,4,4,4,4,0.149,1191
2022-01-11T00:00:00.000Z,3,4,4,4,4,0.216,1218
2022-01-12T00:00:00.000Z,3,10,4,4,4,0.762,1272
2022-01-13T00:00:00.000Z,3,4,4,4,4,0.049,1241
2022-01-14T00:00:00.000Z,3,4,4,4,4,0.051,1133
2022-01-15T00:00:00.000Z,3,4,4,4,4,0.049,1241
2022-01-16T00:00:00.000Z,3,5,4,4,4,0.202,1229
2022-01-17T00:00:00.000Z,3,5,4,4,4,0.282,1260
2022-01-18T00:00:00.000Z,3,5,4,4,4,0.211,1238
2022-01-19T00:00:00.000Z,3,5,4,4,4,0.116,1268
2022-01-20T00:00:00.000Z,3,5,4,4,4,0.099,1214
2022-01-21T00:00:00.000Z,3,4,4,4,4,0.172,1079
2022-01-22T00:00:00.000Z,3,5,4,4,4,0.263,1180
2022-01-23T00:00:00.000Z,3,4,4,4,4,0.158,1281
2022-01-24T00:00:00.000Z,3,4,4,4,4,0.062,1306
2022-01-25T00:00:00.000Z,3,4,4,4,4,0.062,1288
2022-01-26T00:00:00.000Z,3,4,4,4,4,0.062,1300
2022-01-27T00:00:00.000Z,3,4,4,4,4,0.028,1256
2022-01-28T00:00:00.000Z,3,4,4,4,4,0.067,666
2022-01-29T00:00:00.000Z,3,4,4,4,4,0.039,1290
2022-01-30T00:00:00.000Z,3,5,4,4,4,0.142,1282
2022-01-31T00:00:00.000Z,3,4,4,4,4,0.056,1259
2022-02-01T00:00:00.000Z,3,5,4,4,4,0.298,1237
2022-02-02T00:00:00.000Z,4,5,4,4,4,0.166,1021
2022-02-03T00:00:00.000Z,4,5,4,4,4,0.374,1264
2022-02-04T00:00:00.000Z,4,5,4,4,4,0.146,1290
2022-02-05T00:00:00.000Z,3,5,4,4,4,0.152,1312
2022-02-06T00:00:00.000Z,3,38,4,4,4,4.253,1278
2022-02-07T00:00:00.000Z,3,4,4,4,4,0.208,1283
2022-02-08T00:00:00.000Z,3,4,4,4,4,0.056,1284
2022-02-09T00:00:00.000Z,3,5,4,4,4,0.195,1273
2022-02-10T00:00:00.000Z,3,5,4,4,4,0.198,1256
2022-02-11T00:00:00.000Z,3,5,4,4,4,0.243,1267
2022-02-12T00:00:00.000Z,3,4,4,4,4,0.064,1233
2022-02-13T00:00:00.000Z,3,4,4,4,4,0.149,1241
2022-02-14T00:00:00.000Z,3,5,4,4,4,0.135,164
2022-02-15T00:00:00.000Z,3,4,4,4,4,0.239,99
2022-02-16T00:00:00.000Z,3,5,4,4,4,0.203,97
2022-02-17T00:00:00.000Z,3,5,4,4,4,0.248,97
2022-02-18T00:00:00.000Z,4,5,4,4,4,0.354,95
2022-02-19T00:00:00.000Z,3,5,4,4,4,0.177,95
2022-02-20T00:00:00.000Z,4,5,4,4,4,0.144,95
2022-02-21T00:00:00.000Z,3,5,4,4,4,0.364,98
2022-02-22T00:00:00.000Z,3,4,4,4,4,0.143,96
2022-02-23T00:00:00.000Z,4,4,4,4,4,0,93
2022-02-24T00:00:00.000Z,3,4,4,4,4,0.2,96
2022-02-25T00:00:00.000Z,3,4,4,4,4,0.236,101
2022-02-26T00:00:00.000Z,3,4,4,4,4,0.217,101
2022-02-27T00:00:00.000Z,3,4,4,4,4,0.144,95
2022-02-28T00:00:00.000Z,3,4,4,4,4,0.176,94
2022-03-01T00:00:00.000Z,3,4,4,4,4,0.239,99
2022-03-02T00:00:00.000Z,3,4,4,4,4,0.143,96
2022-03-03T00:00:00.000Z,4,4,4,4,4,0,92
2022-03-04T00:00:00.000Z,3,4,4,4,4,0.259,97
2022-03-05T00:00:00.000Z,3,5,4,4,4,0.266,95
2022-03-06T00:00:00.000Z,4,6,4,4,4,0.366,97
2022-03-07T00:00:00.000Z,4,5,4,4,4,0.308,94
2022-03-08T00:00:00.000Z,3,5,4,4,4,0.344,100
2022-03-09T00:00:00.000Z,4,5,4,4,4,0.276,96
2022-03-10T00:00:00.000Z,3,5,4,4,4,0.318,95
2022-03-11T00:00:00.000Z,3,5,4,4,4,0.314,98
2022-03-12T00:00:00.000Z,3,5,4,4,4,0.204,96
2022-03-13T00:00:00.000Z,3,4,4,4,4,0.173,97
2022-03-14T00:00:00.000Z,3,5,4,4,4,0.244,100
2022-03-15T00:00:00.000Z,3,5,4,4,4,0.226,98
2022-03-16T00:00:00.000Z,4,5,4,4,4,0.291,96
2022-03-17T00:00:00.000Z,3,4,4,4,4,0.172,98
2022-03-18T00:00:00.000Z,3,12,4,4,4,1.563,102
2022-03-19T00:00:00.000Z,3,5,4,4,4,0.267,98
2022-03-20T00:00:00.000Z,3,5,4,4,4,0.276,100
2022-03-21T00:00:00.000Z,3,15,4,4,4,1.995,98
2022-03-22T00:00:00.000Z,3,5,4,4,4,0.331,98
2022-03-23T00:00:00.000Z,4,5,4,4,4,0.344,95
2022-03-24T00:00:00.000Z,4,5,4,4,4,0.36,98
2022-03-25T00:00:00.000Z,3,5,4,4,4,0.313,95
2022-03-26T00:00:00.000Z,3,22,4,4,4,4.41,112
2022-03-27T00:00:00.000Z,3,5,4,4,4,0.245,99
2022-03-28T00:00:00.000Z,3,5,4,4,4,0.227,95
2022-03-29T00:00:00.000Z,3,5,4,4,4,0.267,98
2022-03-30T00:00:00.000Z,4,5,4,4,4,0.202,94
2022-03-31T00:00:00.000Z,3,141,4.5,4,75.5,46.688,164
2022-04-01T00:00:00.000Z,3,4,4,4,4,0.175,95
2022-04-02T00:00:00.000Z,3,26,4,4,4,5.929,109
2022-04-03T00:00:00.000Z,4,5,4,4,4,0.145,93
2022-04-04T00:00:00.000Z,3,5,4,4,4,0.341,103
2022-04-05T00:00:00.000Z,3,5,4,4,4,0.317,96
2022-04-06T00:00:00.000Z,3,5,4,4,4,0.227,95
2022-04-07T00:00:00.000Z,3,5,4,4,4,0.284,97
2022-04-08T00:00:00.000Z,4,5,4,4,4,0.341,97
2022-04-09T00:00:00.000Z,4,27,4,4,4,6.004,104
2022-04-10T00:00:00.000Z,3,4,4,4,4,0.102,95
2022-04-11T00:00:00.000Z,3,5,4,4,4,0.283,98
2022-04-12T00:00:00.000Z,3,5,4,4,4,0.351,99
2022-04-13T00:00:00.000Z,3,5,4,4,4,0.414,99
2022-04-14T00:00:00.000Z,3,10,4,4,4,1.256,98
2022-04-15T00:00:00.000Z,3,6,4,4,4,0.409,100
2022-04-16T00:00:00.000Z,3,5,4,4,4,0.247,98
2022-04-17T00:00:00.000Z,3,62,4,4,4,15.074,107
2022-04-18T00:00:00.000Z,3,49,4,4,4,11.631,117
2022-04-19T00:00:00.000Z,4,39,4,4,17,9.423,147
2022-04-20T00:00:00.000Z,3,5,4,4,4,0.354,102
2022-04-21T00:00:00.000Z,3,60,4,4,30,18.741,139
2022-04-22T00:00:00.000Z,3,12,4,4,4,1.419,96
2022-04-23T00:00:00.000Z,4,5,4,4,4,0.201,95
2022-04-24T00:00:00.000Z,3,5,4,4,4,0.25,96
2022-04-25T00:00:00.000Z,3,5,4,4,4,0.282,96
2022-04-26T00:00:00.000Z,3,5,4,4,4,0.3,97
2022-04-27T00:00:00.000Z,4,14,4,4,4,1.822,99
2022-04-28T00:00:00.000Z,4,9,4,4,4,0.75,96
2022-04-29T00:00:00.000Z,3,5,4,4,4,0.303,98
2022-04-30T00:00:00.000Z,3,150,4,4,75,47.426,154
2022-05-01T00:00:00.000Z,3,27,4,4,8,5.95,115
2022-05-02T00:00:00.000Z,3,204,28.5,4,129.5,73.749,188
2022-05-03T00:00:00.000Z,3,6,4,4,4,0.375,95
2022-05-04T00:00:00.000Z,3,9,4,4,4,0.752,99
2022-05-05T00:00:00.000Z,4,21,4,4,4,3.554,100
2022-05-06T00:00:00.000Z,4,141,4,4,72,46.456,147
2022-05-07T00:00:00.000Z,4,30,4,4,4,6.434,102
2022-05-08T00:00:00.000Z,3,34,4,4,4,7.36,107
2022-05-09T00:00:00.000Z,3,26,4,4,8,5.104,127
2022-05-10T00:00:00.000Z,4,18,4,4,4,3.183,102
2022-05-11T00:00:00.000Z,3,37,4,4,6,8.499,117
2022-05-12T00:00:00.000Z,3,68,4,4,23,21.472,135
2022-05-13T00:00:00.000Z,3,62,4,4,4,14.156,116
2022-05-14T00:00:00.000Z,3,52,4,4,6,12.297,123
2022-05-15T00:00:00.000Z,3,22,4,4,4,4.54,110
2022-05-16T00:00:00.000Z,4,95,4,4,36,30.521,142
2022-05-17T00:00:00.000Z,3,8,4,4,4,0.798,72
2022-05-18T00:00:00.000Z,3,5,4,4,4,0.283,98
2022-05-19T00:00:00.000Z,4,80,6,4,14,21.192,161
2022-05-20T00:00:00.000Z,3,27,4,4,4,5.022,101
2022-05-21T00:00:00.000Z,3,49,4,4,20.5,13.307,137
2022-05-22T00:00:00.000Z,3,96,4.5,4,45,30.652,146
2022-05-23T00:00:00.000Z,3,39,4,4,11,8.38,135
2022-05-24T00:00:00.000Z,3,28,4,4,8,6.618,119
2022-05-25T00:00:00.000Z,4,5,4,4,4,0.146,92
2022-05-26T00:00:00.000Z,3,4,4,4,4,0.239,99
2022-05-27T00:00:00.000Z,4,37,4,4,6,8.776,122
2022-05-28T00:00:00.000Z,3,5,4,4,4,0.205,95
2022-05-29T00:00:00.000Z,3,14,4,4,5,2.31,109
2022-05-30T00:00:00.000Z,4,33,4,4,5,5.639,99
2022-05-31T00:00:00.000Z,3,5,4,4,4,0.312,96
2022-06-01T00:00:00.000Z,4,89,4,4,26.5,27.551,141
2022-06-02T00:00:00.000Z,3,49,7.5,4,27,13.573,152
2022-06-03T00:00:00.000Z,3,130,10,4,67.5,40.639,181
2022-06-04T00:00:00.000Z,4,68,4,4,11,20.164,111
2022-06-05T00:00:00.000Z,3,71,4,4,11,21.371,120
2022-06-06T00:00:00.000Z,3,37,4,4,5,7.579,114
2022-06-07T00:00:00.000Z,3,5,4,4,4,0.266,95
2022-06-08T00:00:00.000Z,3,6,4,4,4,0.451,95
2022-06-09T00:00:00.000Z,3,5,4,4,4,0.324,95
2022-06-10T00:00:00.000Z,3,47,4,4,13,12.647,135
2022-06-11T00:00:00.000Z,3,13,4,4,4,2.281,108
2022-06-12T00:00:00.000Z,3,112,7,4,61,34.725,167
2022-06-13T00:00:00.000Z,3,71,7,4,31,19.891,155
2022-06-14T00:00:00.000Z,3,5,4,4,4,0.266,98
2022-06-15T00:00:00.000Z,4,44,5,4,18.5,11.726,141
2022-06-16T00:00:00.000Z,3,87,4,4,28,25.972,128
2022-06-17T00:00:00.000Z,3,171,4,4,62.5,53.737,137
2022-06-18T00:00:00.000Z,3,10,4,4,4,0.931,96
2022-06-19T00:00:00.000Z,4,35,4,4,7,7.477,111
2022-06-20T00:00:00.000Z,4,115,33,14,71,32.122,287
2022-06-21T00:00:00.000Z,4,48,7,4,20,12.898,147
2022-06-22T00:00:00.000Z,3,63,10,4,23,15.426,159
2022-06-23T00:00:00.000Z,3,55,4,4,17,15.431,142
2022-06-24T00:00:00.000Z,3,43,4,4,18.5,11.998,141
2022-06-25T00:00:00.000Z,3,86,11,4,50.5,26.669,184
2022-06-26T00:00:00.000Z,3,266,16,4,47,53.863,251
2022-06-27T00:00:00.000Z,3,39,4,4,14,10.938,136
2022-06-28T00:00:00.000Z,4,42,4,4,5,10.282,117
2022-06-29T00:00:00.000Z,3,38,4,4,20,11.157,136
2022-06-30T00:00:00.000Z,4,6,4,4,4,0.383,95
2022-07-01T00:00:00.000Z,3,60,4,4,6,16.149,122
2022-07-02T00:00:00.000Z,3,15,4,4,4,2.794,107
2022-07-03T00:00:00.000Z,3,42,5,4,30,13.675,171
2022-07-04T00:00:00.000Z,3,128,4,4,46,36.039,141
2022-07-05T00:00:00.000Z,3,17,4,4,6,3.12,113
2022-07-06T00:00:00.000Z,3,32,4,4,5,7.617,120
2022-07-07T00:00:00.000Z,3,11,4,4,4,1.263,62
2022-07-08T00:00:00.000Z,4,5,4,4,4,0.203,93
2022-07-09T00:00:00.000Z,3,14,4,4,4,1.916,104
2022-07-10T00:00:00.000Z,3,7,4,4,4,0.495,102
2022-07-11T00:00:00.000Z,3,5,4,4,4,0.306,96
2022-07-12T00:00:00.000Z,3,5,4,4,4,0.204,96
2022-07-13T00:00:00.000Z,3,18,4,4,4,3.276,102
2022-07-14T00:00:00.000Z,3,4,4,4,4,0.174,96
2022-07-15T00:00:00.000Z,4,5,4,4,4,0.146,92
2022-07-16T00:00:00.000Z,3,9,4,4,4,0.926,103
2022-07-17T00:00:00.000Z,3,11,4,4,4,1.199,102
2022-07-18T00:00:00.000Z,3,4,4,4,4,0.173,97
2022-07-19T00:00:00.000Z,3,5,4,4,4,0.282,100
2022-07-20T00:00:00.000Z,3,6,4,4,4,0.344,100
2022-07-21T00:00:00.000Z,3,25,4,4,4,5.135,105
2022-07-22T00:00:00.000Z,3,4,4,4,4,0.196,100
2022-07-23T00:00:00.000Z,3,4,4,4,4,0.235,102
2022-07-24T00:00:00.000Z,3,16,4,4,4,2.202,106
2022-07-25T00:00:00.000Z,3,5,4,4,4,0.222,100
2022-07-26T00:00:00.000Z,3,5,4,4,4,0.247,98
2022-07-27T00:00:00.000Z,3,17,4,4,4,2.442,106
2022-07-28T00:00:00.000Z,3,13,4,4,4,1.747,107
2022-07-29T00:00:00.000Z,4,11,4,4,4,1.187,96
2022-07-30T00:00:00.000Z,3,5,4,4,4,0.296,97
2022-07-31T00:00:00.000Z,3,5,4,4,4,0.247,98
2022-08-01T00:00:00.000Z,3,5,4,4,4,0.211,90
2022-08-02T00:00:00.000Z,3,5,4,4,4,0.23,94
2022-08-03T00:00:00.000Z,3,4,4,4,4,0.252,103
2022-08-04T00:00:00.000Z,3,6,4,4,4,0.41,101
2022-08-05T00:00:00.000Z,3,15,4,4,4,2.206,106
2022-08-06T00:00:00.000Z,3,4,4,4,4,0.197,99
2022-08-07T00:00:00.000Z,4,4,4,4,4,0,94
2022-08-08T00:00:00.000Z,3,16,4,4,4,2.659,108
2022-08-09T00:00:00.000Z,3,17,4,4,4,2.392,106
2022-08-10T00:00:00.000Z,3,4,4,4,4,0.171,99
2022-08-11T00:00:00.000Z,3,5,4,4,4,0.176,97
2022-08-12T00:00:00.000Z,3,5,4,4,4,0.28,100
2022-08-13T00:00:00.000Z,3,4,4,4,4,0.197,99
2022-08-14T00:00:00.000Z,3,13,4,4,4,1.924,105
2022-08-15T00:00:00.000Z,3,38,4,4,8.5,8.587,121
2022-08-16T00:00:00.000Z,3,5,4,4,4,0.247,98
2022-08-17T00:00:00.000Z,3,7,4,4,4,0.539,101
2022-08-18T00:00:00.000Z,3,15,4,4,4,1.69,101
2022-08-19T00:00:00.000Z,3,36,4,4,5,9.561,116
2022-08-20T00:00:00.000Z,3,4,4,4,4,0.143,96
2022-08-21T00:00:00.000Z,3,24,4,4,5,3.796,117
2022-08-22T00:00:00.000Z,4,25,4,4,4,4.797,106
2022-08-23T00:00:00.000Z,3,5,4,4,4,0.284,97
2022-08-24T00:00:00.000Z,3,23,4,4,4,3.785,107
2022-08-25T00:00:00.000Z,3,5,4,4,4,0.309,94
2022-08-26T00:00:00.000Z,3,4,4,4,4,0.2,96
2022-08-27T00:00:00.000Z,4,16,4,4,4,2.414,106
2022-08-28T00:00:00.000Z,4,5,4,4,4,0.279,94
2022-08-29T00:00:00.000Z,3,6,4,4,4,0.291,94
2022-08-30T00:00:00.000Z,3,15,4,4,4,2.498,102
2022-08-31T00:00:00.000Z,3,20,4,4,7,4.351,114
2022-09-01T00:00:00.000Z,4,62,4,4,44,22.131,61
2022-09-02T00:00:00.000Z,3,19,4,4,4,2.449,111
2022-09-03T00:00:00.000Z,3,5,4,4,4,0.28,97
2022-09-04T00:00:00.000Z,3,4,4,4,4,0.143,96
2022-09-05T00:00:00.000Z,4,4,4,4,4,0,93
2022-09-06T00:00:00.000Z,3,5,4,4,4,0.203,96
2022-09-07T00:00:00.000Z,3,4,4,4,4,0.143,96
2022-09-08T00:00:00.000Z,3,4,4,4,4,0.175,95
2022-09-09T00:00:00.000Z,3,4,4,4,4,0.102,96
2022-09-10T00:00:00.000Z,4,18,4,4,4,2.789,98
2022-09-11T00:00:00.000Z,3,4,4,4,4,0.142,97
2022-09-12T00:00:00.000Z,3,4,4,4,4,0.146,92
2022-09-13T00:00:00.000Z,3,5,4,4,4,0.34,98
2022-09-14T00:00:00.000Z,3,5,4,4,4,0.216,86
2022-09-15T00:00:00.000Z,4,5,4,4,4,0.209,87
2022-09-16T00:00:00.000Z,3,13,4,4,4,1.728,106
2022-09-17T00:00:00.000Z,3,4,4,4,4,0.102,96
2022-09-18T00:00:00.000Z,3,8,4,4,4,0.78,101
2022-09-19T00:00:00.000Z,3,12,4,4,4,1.479,92
2022-09-20T00:00:00.000Z,4,4,4,4,4,0,16
2022-09-21T00:00:00.000Z,3,4,4,4,4,0.126,62
2022-09-22T00:00:00.000Z,3,4,4,4,4,0.171,99
2022-09-23T00:00:00.000Z,3,51,4,4,4,13.752,110
2022-09-24T00:00:00.000Z,4,22,4,4,4,3.27,102
2022-09-25T00:00:00.000Z,3,24,4,4,4,4.235,105
2022-09-26T00:00:00.000Z,3,4,4,4,4,0.101,97
2022-09-27T00:00:00.000Z,3,4,4,4,4,0.142,97
2022-09-28T00:00:00.000Z,3,4,4,4,4,0.141,99
2022-09-29T00:00:00.000Z,4,4,4,4,4,0,93
2022-09-30T00:00:00.000Z,4,5,4,4,4,0.2,96
2022-10-01T00:00:00.000Z,3,4,4,4,4,0.254,101
2022-10-02T00:00:00.000Z,4,9,4,4,4,0.876,99
2022-10-03T00:00:00.000Z,3,5,4,4,4,0.243,101
2022-10-04T00:00:00.000Z,4,14,4,4,4,1.839,97
2022-10-05T00:00:00.000Z,3,5,4,4,4,0.281,99
2022-10-06T00:00:00.000Z,3,9,4,4,4,0.747,97
2022-10-07T00:00:00.000Z,4,14,4,4,4,1.667,97
2022-10-08T00:00:00.000Z,4,11,4,4,4,1.252,96
2022-10-09T00:00:00.000Z,3,9,4,4,4,0.859,105
2022-10-10T00:00:00.000Z,3,33,4,4,18,8.997,136
2022-10-11T00:00:00.000Z,3,5,4,4,4,0.176,96
2022-10-12T00:00:00.000Z,3,37,4,4,4,6.266,112
2022-10-13T00:00:00.000Z,4,15,4,4,4,2.111,104
2022-10-14T00:00:00.000Z,4,39,16,4,23,11.062,74
2022-10-15T00:00:00.000Z,3,9,4,4,4,0.539,99
2022-10-16T00:00:00.000Z,4,5,4,4,4,0.305,96
2022-10-17T00:00:00.000Z,3,5,4,4,4,0.248,97
2022-10-18T00:00:00.000Z,3,35,4,4,7,9,91
2022-10-21T00:00:00.000Z,3,4,4,4,4,0.143,96
2022-10-22T00:00:00.000Z,3,8,4,4,4,0.591,98
2022-10-23T00:00:00.000Z,4,11,4,4,4,1.288,99
2022-10-24T00:00:00.000Z,3,5,4,4,4,0.186,86
2022-10-25T00:00:00.000Z,3,4,4,4,4,0.172,98
2022-10-26T00:00:00.000Z,3,36,4,4,4,6.848,112
2022-10-27T00:00:00.000Z,4,59,4,4,23,17.349,130
2022-10-28T00:00:00.000Z,4,8,4,4,4,0.612,96
2022-10-29T00:00:00.000Z,3,6,4,4,4,0.404,99
2022-10-30T00:00:00.000Z,3,5,4,4,4,0.244,100
2022-10-31T00:00:00.000Z,3,5,4,4,4,0.343,100
2022-11-01T00:00:00.000Z,3,5,4,4,4,0.267,98
2022-11-02T00:00:00.000Z,4,5,4,4,4,0.102,96
2022-11-03T00:00:00.000Z,3,4,4,4,4,0.172,98
2022-11-04T00:00:00.000Z,3,5,4,4,4,0.299,98
2022-11-05T00:00:00.000Z,3,5,4,4,4,0.176,96
2022-11-06T00:00:00.000Z,3,5,4,4,4,0.204,96
2022-11-07T00:00:00.000Z,3,4,4,4,4,0.201,95
2022-11-08T00:00:00.000Z,4,4,4,4,4,0,95
2022-11-09T00:00:00.000Z,3,5,4,4,4,0.402,98
2022-11-10T00:00:00.000Z,3,15,4,4,4,2.507,109
2022-11-11T00:00:00.000Z,3,5,4,4,4,0.226,98
2022-11-12T00:00:00.000Z,3,5,4,4,4,0.225,99
2022-11-13T00:00:00.000Z,3,5,4,4,4,0.229,95
2022-11-14T00:00:00.000Z,3,7,4,4,4,0.496,100
2022-11-15T00:00:00.000Z,3,5,4,4,4,0.177,95
2022-11-16T00:00:00.000Z,4,5,4,4,4,0.144,94
2022-11-17T00:00:00.000Z,3,5,4,4,4,0.243,101
2022-11-18T00:00:00.000Z,3,4,4,4,4,0.142,97
2022-11-19T00:00:00.000Z,3,16,4,4,4,2.64,109
2022-11-20T00:00:00.000Z,3,31,4,4,4,6.711,111
2022-11-21T00:00:00.000Z,3,8,4,4,4,0.69,101
2022-11-22T00:00:00.000Z,4,14,4,4,4,1.944,98
2022-11-23T00:00:00.000Z,3,5,4,4,4,0.176,96
2022-11-24T00:00:00.000Z,3,4,4,4,4,0.172,98
2022-11-25T00:00:00.000Z,3,4,4,4,4,0.102,96
2022-11-26T00:00:00.000Z,3,5,4,4,4,0.226,96
2022-11-27T00:00:00.000Z,4,5,4,4,4,0.222,96
2022-11-28T00:00:00.000Z,4,27,4,4,5,5.393,110
2022-11-29T00:00:00.000Z,3,36,4,4,5,7.966,120
2022-11-30T00:00:00.000Z,3,5,4,4,4,0.355,103
2022-12-01T00:00:00.000Z,3,5,4,4,4,0.374,89
2022-12-02T00:00:00.000Z,4,5,4,4,4,0.199,97
2022-12-03T00:00:00.000Z,3,4,4,4,4,0.102,95
2022-12-04T00:00:00.000Z,3,4,4,4,4,0.198,98
2022-12-05T00:00:00.000Z,3,5,4,4,4,0.247,96
2022-12-06T00:00:00.000Z,3,5,4,4,4,0.377,100
2022-12-07T00:00:00.000Z,3,24,4,4,4,5.212,114
2022-12-08T00:00:00.000Z,3,5,4,4,4,0.243,99
2022-12-09T00:00:00.000Z,3,5,4,4,4,0.226,98
2022-12-10T00:00:00.000Z,3,5,4,4,4,0.202,98
2022-12-11T00:00:00.000Z,3,4,4,4,4,0.171,99
2022-12-12T00:00:00.000Z,3,5,4,4,4,0.202,98
2022-12-13T00:00:00.000Z,3,5,4,4,4,0.266,98
2022-12-14T00:00:00.000Z,3,4,4,4,4,0.217,101
2022-12-15T00:00:00.000Z,3,5,4,4,4,0.203,96
2022-12-16T00:00:00.000Z,3,5,4,4,4,0.245,97
2022-12-17T00:00:00.000Z,3,5,4,4,4,0.247,98
2022-12-18T00:00:00.000Z,3,5,4,4,4,0.333,99
2022-12-19T00:00:00.000Z,4,5,4,4,4,0.201,95
2022-12-20T00:00:00.000Z,3,5,4,4,4,0.3,99
2022-12-21T00:00:00.000Z,4,5,4,4,4,0.201,95
2022-12-22T00:00:00.000Z,3,4,4,4,4,0.144,94
2022-12-23T00:00:00.000Z,3,5,4,4,4,0.247,98
2022-12-24T00:00:00.000Z,3,5,4,4,4,0.226,96
2022-12-25T00:00:00.000Z,3,4,4,4,4,0.2,96
2022-12-26T00:00:00.000Z,3,5,4,4,4,0.202,98
2022-12-27T00:00:00.000Z,3,5,4,4,4,0.279,102
2022-12-28T00:00:00.000Z,3,5,4,4,4,0.177,95
2022-12-29T00:00:00.000Z,4,4,4,4,4,0,94
2022-12-30T00:00:00.000Z,3,4,4,4,4,0.142,97
2022-12-31T00:00:00.000Z,3,5,4,4,4,0.225,99
2023-01-01T00:00:00.000Z,3,4,4,4,4,0.142,97
2023-01-02T00:00:00.000Z,3,5,4,4,4,0.318,99
2023-01-03T00:00:00.000Z,3,5,4,4,4,0.282,100
2023-01-04T00:00:00.000Z,4,5,4,4,4,0.368,99
2023-01-05T00:00:00.000Z,3,5,4,4,4,0.37,97
2023-01-06T00:00:00.000Z,4,5,4,4,4,0.276,96
2023-01-07T00:00:00.000Z,3,5,4,4,4,0.345,95
2023-01-08T00:00:00.000Z,3,4,4,4,4,0.102,95
2023-01-09T00:00:00.000Z,3,21,4,4,4,3.994,108
2023-01-10T00:00:00.000Z,3,4,4,4,4,0.141,98
2023-01-11T00:00:00.000Z,3,4,4,4,4,0.218,100
2023-01-12T00:00:00.000Z,3,5,4,4,4,0.281,101
2023-01-13T00:00:00.000Z,4,4,4,4,4,0,90
2023-01-14T00:00:00.000Z,3,5,4,4,4,0.282,96
2023-01-15T00:00:00.000Z,3,5,4,4,4,0.28,97
2023-01-16T00:00:00.000Z,3,5,4,4,4,0.244,100
2023-01-17T00:00:00.000Z,3,4,4,4,4,0.2,96
2023-01-18T00:00:00.000Z,4,5,4,4,4,0.243,95
2023-01-19T00:00:00.000Z,4,4,4,4,4,0,93
2023-01-20T00:00:00.000Z,4,5,4,4,4,0.144,95
2023-01-21T00:00:00.000Z,3,4,4,4,4,0.2,96
2023-01-22T00:00:00.000Z,3,5,4,4,4,0.203,97
2023-01-23T00:00:00.000Z,3,4,4,4,4,0.142,97
2023-01-24T00:00:00.000Z,3,5,4,4,4,0.245,97
2023-01-25T00:00:00.000Z,3,4,4,4,4,0.142,97
2023-01-26T00:00:00.000Z,3,4,4,4,4,0.199,73
2023-01-27T00:00:00.000Z,3,5,4,4,4,0.248,97
2023-01-28T00:00:00.000Z,4,5,4,4,4,0.144,95
2023-01-29T00:00:00.000Z,3,4,4,4,4,0.172,98
2023-01-30T00:00:00.000Z,3,5,4,4,4,0.264,97
2023-01-31T00:00:00.000Z,3,5,4,4,4,0.245,97
2023-02-01T00:00:00.000Z,3,37,4,4,5,9.496,120
2023-02-02T00:00:00.000Z,4,28,4,4,4,4.559,105
2023-02-03T00:00:00.000Z,3,29,4,4,4,4.414,109
2023-02-04T00:00:00.000Z,4,4,4,4,4,0,94
2023-02-05T00:00:00.000Z,3,11,4,4,4,1.23,99
2023-02-06T00:00:00.000Z,4,4,4,4,4,0,94
2023-02-07T00:00:00.000Z,3,5,4,4,4,0.245,99
2023-02-08T00:00:00.000Z,3,5,4,4,4,0.295,98
2023-02-09T00:00:00.000Z,3,21,4,4,4,3.829,109
2023-02-10T00:00:00.000Z,3,6,4,4,4,0.322,96
2023-02-11T00:00:00.000Z,3,5,4,4,4,0.294,101
2023-02-12T00:00:00.000Z,4,5,4,4,4,0.282,92
2023-02-13T00:00:00.000Z,4,5,4,4,4,0.329,97
2023-02-14T00:00:00.000Z,3,26,4,4,4.5,4.794,113
2023-02-15T00:00:00.000Z,3,5,4,4,4,0.248,97
2023-02-16T00:00:00.000Z,3,4,4,4,4,0.196,100
2023-02-17T00:00:00.000Z,3,13,4,4,4,1.786,104
2023-02-18T00:00:00.000Z,3,4,4,4,4,0.26,96
2023-02-19T00:00:00.000Z,3,5,4,4,4,0.263,100
2023-02-20T00:00:00.000Z,3,4,4,4,4,0.102,96
2023-02-21T00:00:00.000Z,3,5,4,4,4,0.248,97
2023-02-22T00:00:00.000Z,3,34,4,4,5,8.444,116
2023-02-23T00:00:00.000Z,3,4,4,4,4,0.242,96
2023-02-24T00:00:00.000Z,3,5,4,4,4,0.318,97
2023-02-25T00:00:00.000Z,3,5,4,4,4,0.226,98
2023-02-26T00:00:00.000Z,4,5,4,4,4,0.246,93
2023-02-27T00:00:00.000Z,4,5,4,4,4,0.234,86
2023-02-28T00:00:00.000Z,3,5,4,4,4,0.182,90
2023-03-01T00:00:00.000Z,4,5,4,4,4,0.317,97
2023-03-02T00:00:00.000Z,4,4,4,4,4,0,94
2023-03-03T00:00:00.000Z,3,43,4,4,4,9.749,111
2023-03-04T00:00:00.000Z,3,4,4,4,4,0.239,99
2023-03-05T00:00:00.000Z,3,4,4,4,4,0.197,99
2023-03-06T00:00:00.000Z,4,5,4,4,4,0.201,95
2023-03-07T00:00:00.000Z,4,5,4,4,4,0.201,95
2023-03-08T00:00:00.000Z,3,6,4,4,4,0.479,103
2023-03-09T00:00:00.000Z,3,5,4,4,4,0.203,97
2023-03-10T00:00:00.000Z,3,5,4,4,4,0.284,99
2023-03-11T00:00:00.000Z,3,5,4,4,4,0.304,97
2023-03-12T00:00:00.000Z,3,5,4,4,4,0.268,96
2023-03-13T00:00:00.000Z,3,5,4,4,4,0.225,99
2023-03-14T00:00:00.000Z,3,5,4,4,4,0.308,95
2023-03-15T00:00:00.000Z,3,4,4,4,4,0.219,99
2023-03-16T00:00:00.000Z,3,5,4,4,4,0.176,97
2023-03-17T00:00:00.000Z,3,5,4,4,4,0.262,98
2023-03-18T00:00:00.000Z,3,5,4,4,4,0.226,98
2023-03-19T00:00:00.000Z,3,4,4,4,4,0.102,96
2023-03-20T00:00:00.000Z,3,5,4,4,4,0.267,97
2023-03-21T00:00:00.000Z,3,5,4,4,4,0.176,96
2023-03-22T00:00:00.000Z,3,5,4,4,4,0.176,96
2023-03-23T00:00:00.000Z,3,4,4,4,4,0.102,96
2023-03-24T00:00:00.000Z,4,5,4,4,4,0.243,95
2023-03-25T00:00:00.000Z,3,5,4,4,4,0.176,96
2023-03-26T00:00:00.000Z,4,5,4,4,4,0.144,94
2023-03-27T00:00:00.000Z,4,5,4,4,4,0.305,96
2023-03-28T00:00:00.000Z,3,5,4,4,4,0.177,95
2023-03-29T00:00:00.000Z,3,7,4,4,4,0.489,96
2023-03-30T00:00:00.000Z,4,80,4,4,48.5,25.119,136
2023-03-31T00:00:00.000Z,3,33,4,4,6,7.464,122
2023-04-01T00:00:00.000Z,3,4,4,4,4,0.199,97
2023-04-02T00:00:00.000Z,3,9,4,4,4,1.128,107
2023-04-03T00:00:00.000Z,4,5,4,4,4,0.174,96
2023-04-04T00:00:00.000Z,4,4,4,4,4,0,89
2023-04-05T00:00:00.000Z,4,12,4,4,4,1.389,99
2023-04-06T00:00:00.000Z,3,30,5,4,11,6.524,125
2023-04-07T00:00:00.000Z,3,12,4,4,4,1.188,96
2023-04-08T00:00:00.000Z,4,5,4,4,4,0.144,94
2023-04-09T00:00:00.000Z,4,40,4,4,11,8.025,123
2023-04-10T00:00:00.000Z,3,4,4,4,4,0.102,95
2023-04-11T00:00:00.000Z,3,87,4,4,18,24.053,117
2023-04-12T00:00:00.000Z,3,4,4,4,4,0.105,89
2023-04-13T00:00:00.000Z,3,4,4,4,4,0.103,94
2023-04-14T00:00:00.000Z,4,5,4,4,4,0.279,94
2023-04-15T00:00:00.000Z,4,12,4,4,4,1.457,98
2023-04-16T00:00:00.000Z,3,55,5,4,23,15.715,151
2023-04-17T00:00:00.000Z,3,102,4,4,34,30.321,131
2023-04-18T00:00:00.000Z,3,5,4,4,4,0.227,97
2023-04-19T00:00:00.000Z,3,19,4,4,4,2.819,110
2023-04-20T00:00:00.000Z,3,4,4,4,4,0.198,98
2023-04-21T00:00:00.000Z,3,4,4,4,4,0.102,95
2023-04-22T00:00:00.000Z,3,4,4,4,4,0.198,98
2023-04-23T00:00:00.000Z,4,5,4,4,4,0.208,88
2023-04-24T00:00:00.000Z,3,5,4,4,4,0.268,97
2023-04-25T00:00:00.000Z,4,5,4,4,4,0.145,93
2023-04-26T00:00:00.000Z,4,5,4,4,4,0.304,97
2023-04-27T00:00:00.000Z,3,15,4,4,4,2.394,105
2023-04-28T00:00:00.000Z,3,5,4,4,4,0.203,97
2023-04-29T00:00:00.000Z,3,7,4,4,4,0.482,97
2023-04-30T00:00:00.000Z,3,8,4,4,4,0.503,97
2023-05-01T00:00:00.000Z,3,7,4,4,4,0.56,101
2023-05-02T00:00:00.000Z,3,19,4,4,4,3.592,104
2023-05-03T00:00:00.000Z,3,5,4,4,4,0.207,93
2023-05-04T00:00:00.000Z,3,10,4,4,4,1.617,101
2023-05-05T00:00:00.000Z,3,5,4,4,4,0.179,93
2023-05-06T00:00:00.000Z,3,12,4,4,4,1.324,103
2023-05-07T00:00:00.000Z,3,12,4,4,4,1.414,97
2023-05-08T00:00:00.000Z,3,21,4,4,4,2.918,103
2023-05-09T00:00:00.000Z,3,4,4,4,4,0.146,92
2023-05-10T00:00:00.000Z,3,10,4,4,4,0.929,95
2023-05-11T00:00:00.000Z,3,18,4,4,4,2.441,99
2023-05-12T00:00:00.000Z,3,36,5.5,4,13,8.166,136
2023-05-13T00:00:00.000Z,3,54,4,4,31.5,17.124,129
2023-05-14T00:00:00.000Z,3,5,4,4,4,0.226,96
2023-05-15T00:00:00.000Z,3,4,4,4,4,0.142,97
2023-05-16T00:00:00.000Z,3,27,4,4,4,5.3,100
2023-05-17T00:00:00.000Z,3,41,4,4,4,6.538,98
2023-05-18T00:00:00.000Z,3,4,4,4,4,0.174,96
2023-05-19T00:00:00.000Z,3,4,4,4,4,0.202,94
2023-05-20T00:00:00.000Z,3,7,4,4,4,0.507,102
2023-05-21T00:00:00.000Z,3,4,4,4,4,0.101,97
2023-05-22T00:00:00.000Z,3,4,4,4,4,0.101,97
2023-05-23T00:00:00.000Z,3,4,4,4,4,0.102,95
2023-05-24T00:00:00.000Z,4,4,4,4,4,0,94
2023-05-25T00:00:00.000Z,4,4,4,4,4,0,94
2023-05-26T00:00:00.000Z,3,24,4,4,4,3.768,110
2023-05-27T00:00:00.000Z,4,20,4,4,4,4.025,110
2023-05-28T00:00:00.000Z,3,4,4,4,4,0.143,96
2023-05-29T00:00:00.000Z,3,49,4,4,12,13.139,129
2023-05-30T00:00:00.000Z,4,48,7.5,4,21,12.25,152
2023-05-31T00:00:00.000Z,4,27,4,4,4,4.496,102
2023-06-01T00:00:00.000Z,4,5,4,4,4,0.144,95
2023-06-02T00:00:00.000Z,3,5,4,4,4,0.314,98
2023-06-03T00:00:00.000Z,4,10,4,4,4,1.055,95
2023-06-04T00:00:00.000Z,3,43,4,4,7,10.087,123
2023-06-05T00:00:00.000Z,4,74,4,4,4,17.163,109
2023-06-06T00:00:00.000Z,4,102,8,4,54,32.82,158
2023-06-07T00:00:00.000Z,3,18,4,4,4,1.639,101
2023-06-08T00:00:00.000Z,3,92,10,4,23,24.679,166
2023-06-09T00:00:00.000Z,4,111,7,4,42,34.112,164
2023-06-10T00:00:00.000Z,3,64,4,4,16,16.372,134
2023-06-11T00:00:00.000Z,4,60,4,4,7,15.361,125
2023-06-12T00:00:00.000Z,4,4,4,4,4,0,94
2023-06-13T00:00:00.000Z,3,4,4,4,4,0.102,95
2023-06-14T00:00:00.000Z,3,17,4,4,4,2.826,100
2023-06-15T00:00:00.000Z,3,5,4,4,4,0.203,96
2023-06-16T00:00:00.000Z,3,5,4,4,4,0.314,98
2023-06-17T00:00:00.000Z,3,5,4,4,4,0.205,95
2023-06-18T00:00:00.000Z,4,38,4,4,5.5,8.426,109
2023-06-19T00:00:00.000Z,3,5,4,4,4,0.264,97
2023-06-20T00:00:00.000Z,4,25,4,4,4,4.821,109
2023-06-21T00:00:00.000Z,3,10,4,4,4,1.098,101
2023-06-22T00:00:00.000Z,3,5,4,4,4,0.202,98
2023-06-23T00:00:00.000Z,4,7,4,4,4,0.663,98
2023-06-24T00:00:00.000Z,4,11,4,4,4,1.045,95
2023-06-25T00:00:00.000Z,3,57,4,4,4.5,15.681,117
2023-06-26T00:00:00.000Z,3,4,4,4,4,0.22,98
2023-06-27T00:00:00.000Z,3,31,4,4,4,6.818,112
2023-06-28T00:00:00.000Z,3,5,4,4,4,0.224,98
2023-06-29T00:00:00.000Z,3,5,4,4,4,0.287,95
2023-06-30T00:00:00.000Z,3,10,4,4,4,0.989,101
2023-07-01T00:00:00.000Z,3,4,4,4,4,0.102,95
2023-07-02T00:00:00.000Z,3,39,4,4,5,8.999,108
2023-07-03T00:00:00.000Z,3,84,4,4,48,27.852,140
2023-07-04T00:00:00.000Z,3,5,4,4,4,0.177,95
2023-07-05T00:00:00.000Z,3,21,4,4,4,3.984,100
2023-07-06T00:00:00.000Z,4,5,4,4,4,0.242,96
2023-07-07T00:00:00.000Z,4,16,4,4,4,2.46,108
2023-07-08T00:00:00.000Z,3,7,4,4,4,0.492,98
2023-07-09T00:00:00.000Z,3,17,4,4,4,2.678,103
2023-07-10T00:00:00.000Z,3,17,4,4,5,3.536,107
2023-07-11T00:00:00.000Z,3,4,4,4,4,0.143,96
2023-07-12T00:00:00.000Z,4,33,4,4,4,7.981,109
2023-07-13T00:00:00.000Z,3,5,4,4,4,0.248,95
2023-07-14T00:00:00.000Z,3,5,4,4,4,0.265,96
2023-07-15T00:00:00.000Z,3,5,4,4,4,0.329,99
2023-07-16T00:00:00.000Z,4,14,4,4,4,1.91,101
2023-07-17T00:00:00.000Z,4,5,4,4,4,0.149,88
2023-07-18T00:00:00.000Z,3,23,4,4,4,4.862,112
2023-07-19T00:00:00.000Z,3,5,4,4,4,0.328,94
2023-07-20T00:00:00.000Z,4,5,4,4,4,0.233,87
2023-07-21T00:00:00.000Z,3,5,4,4,4,0.226,96
2023-07-22T00:00:00.000Z,3,4,4,4,4,0.15,87
2023-07-23T00:00:00.000Z,3,5,4,4,4,0.232,91
2023-07-24T00:00:00.000Z,3,4,4,4,4,0.107,86
2023-07-25T00:00:00.000Z,3,5,4,4,4,0.3,94
2023-07-26T00:00:00.000Z,4,60,4,4,5,9.928,110
2023-07-27T00:00:00.000Z,4,16,4,4,4,1.947,92
2023-07-28T00:00:00.000Z,3,5,4,4,4,0.226,98
2023-07-29T00:00:00.000Z,4,5,4,4,4,0.202,94
2023-07-30T00:00:00.000Z,3,5,4,4,4,0.228,94
2023-07-31T00:00:00.000Z,3,10,4,4,4,1.271,104
2023-08-01T00:00:00.000Z,3,5,4,4,4,0.248,97
2023-08-02T00:00:00.000Z,3,5,4,4,4,0.203,97
2023-08-03T00:00:00.000Z,3,23,4,4,4,4.267,102
2023-08-04T00:00:00.000Z,3,5,4,4,4,0.178,94
2023-08-05T00:00:00.000Z,4,4,4,4,4,0,93
2023-08-06T00:00:00.000Z,3,5,4,4,4,0.176,96
2023-08-07T00:00:00.000Z,3,5,4,4,4,0.228,94
2023-08-08T00:00:00.000Z,4,27,4,4,4,5.306,111
2023-08-09T00:00:00.000Z,3,4,4,4,4,0.102,96
2023-08-10T00:00:00.000Z,3,4,4,4,4,0.172,98
2023-08-11T00:00:00.000Z,4,26,4,4,10,6.207,124
2023-08-12T00:00:00.000Z,3,33,4,4,4,6.992,115
2023-08-13T00:00:00.000Z,4,5,4,4,4,0.275,73
2023-08-14T00:00:00.000Z,3,5,4,4,5,0.469,57
2023-08-15T00:00:00.000Z,3,5,4,4,4,0.322,98
2023-08-16T00:00:00.000Z,3,5,4,4,4,0.176,96
2023-08-17T00:00:00.000Z,4,80,4,4,18.5,22.511,140
2023-08-18T00:00:00.000Z,3,7,4,4,4,0.513,99
2023-08-19T00:00:00.000Z,4,16,4,4,4,2.252,97
2023-08-20T00:00:00.000Z,3,5,4,4,4,0.225,97
2023-08-21T00:00:00.000Z,4,25,4,4,4,5.036,105
2023-08-22T00:00:00.000Z,3,11,4,4,4,1.016,102
2023-08-23T00:00:00.000Z,4,19,4,4,4,2.418,97
2023-08-24T00:00:00.000Z,4,7,4,4,4,0.541,98
2023-08-25T00:00:00.000Z,3,5,4,4,4,0.324,97
2023-08-26T00:00:00.000Z,3,9,4,4,4,1.124,101
2023-08-27T00:00:00.000Z,4,4,4,4,4,0,93
2023-08-28T00:00:00.000Z,4,9,4,4,4,0.945,91
2023-08-29T00:00:00.000Z,4,68,4,4,11,20.315,115
2023-08-30T00:00:00.000Z,3,15,4,4,4,1.696,93
2023-08-31T00:00:00.000Z,4,12,4,4,4,1.206,89
2023-09-01T00:00:00.000Z,4,39,5,4,12,8.45,115
2023-09-02T00:00:00.000Z,4,5,4,4,4,0.271,75
2023-09-03T00:00:00.000Z,4,4,4,4,4,0,93
2023-09-04T00:00:00.000Z,3,5,4,4,4,0.176,96
2023-09-05T00:00:00.000Z,4,14,4,4,4,2.347,103
2023-09-06T00:00:00.000Z,3,5,4,4,4,0.226,96
2023-09-07T00:00:00.000Z,3,7,4,4,4,0.462,97
2023-09-08T00:00:00.000Z,3,4,4,4,4,0.102,95
2023-09-09T00:00:00.000Z,4,4,4,4,4,0,94
2023-09-10T00:00:00.000Z,3,8,4,4,4,0.735,96
2023-09-11T00:00:00.000Z,3,29,4,4,4,5.453,112
2023-09-12T00:00:00.000Z,3,5,4,4,4,0.248,97
2023-09-13T00:00:00.000Z,4,5,4,4,4,0.147,90
2023-09-14T00:00:00.000Z,4,29,4,4,5,6.357,98
2023-09-15T00:00:00.000Z,4,5,4,4,4,0.304,97
2023-09-16T00:00:00.000Z,4,11,4,4,4,1.035,101
2023-09-17T00:00:00.000Z,3,5,4,4,4,0.177,95
2023-09-18T00:00:00.000Z,4,5,4,4,4,0.201,95
2023-09-19T00:00:00.000Z,3,20,4,4,4,2.638,99
2023-09-20T00:00:00.000Z,3,18,4,4,4,1.496,93
2023-09-21T00:00:00.000Z,3,4,4,4,4,0.102,96
2023-09-22T00:00:00.000Z,3,42,4,4,4,8.015,103
2023-09-23T00:00:00.000Z,4,5,4,4,4,0.202,94
2023-09-24T00:00:00.000Z,4,5,4,4,4,0.203,93
2023-09-25T00:00:00.000Z,3,5,4,4,4,0.18,92
2023-09-26T00:00:00.000Z,3,5,4,4,4,0.177,95
2023-09-27T00:00:00.000Z,4,5,4,4,4,0.147,90
2023-09-28T00:00:00.000Z,3,4,4,4,4,0.123,65
2023-09-29T00:00:00.000Z,4,4,4,4,4,0,92
2023-09-30T00:00:00.000Z,4,4,4,4,4,0,92
2023-10-01T00:00:00.000Z,3,5,4,4,4,0.198,76
2023-10-02T00:00:00.000Z,3,5,4,4,4,0.27,95
2023-10-03T00:00:00.000Z,3,26,4,4,4,4.224,108
2023-10-04T00:00:00.000Z,4,160,4,4,7,27.137,126
2023-10-05T00:00:00.000Z,3,5,4,4,4,0.176,96
2023-10-06T00:00:00.000Z,3,4,4,4,4,0.102,95
2023-10-07T00:00:00.000Z,4,5,4,4,4,0.243,95
2023-10-08T00:00:00.000Z,3,4,4,4,4,0.173,97
2023-10-09T00:00:00.000Z,3,5,4,4,4,0.227,95
2023-10-10T00:00:00.000Z,3,5,4,4,4,0.209,92
2023-10-11T00:00:00.000Z,4,5,4,4,4,0.249,90
2023-10-12T00:00:00.000Z,4,6,4,4,4,0.406,92
2023-10-13T00:00:00.000Z,3,5,4,4,4,0.226,96
2023-10-14T00:00:00.000Z,3,4,4,4,4,0.102,95
2023-10-15T00:00:00.000Z,3,5,4,4,4,0.283,86
2023-10-16T00:00:00.000Z,3,5,4,4,4,0.23,93
2023-10-17T00:00:00.000Z,4,5,4,4,4,0.307,95
2023-10-18T00:00:00.000Z,3,5,4,4,4,0.232,91
2023-10-19T00:00:00.000Z,3,5,4,4,4,0.231,92
2023-10-20T00:00:00.000Z,3,5,4,4,4,0.28,97
2023-10-21T00:00:00.000Z,4,5,4,4,4,0.335,70
2023-10-22T00:00:00.000Z,4,20,5,4,12,5.51,28
2023-10-23T00:00:00.000Z,4,13,4,4,4,1.532,101
2023-10-24T00:00:00.000Z,4,5,4,4,4,0.244,94
2023-10-25T00:00:00.000Z,3,13,4,4,4,1.646,95
2023-10-26T00:00:00.000Z,4,5,4,4,4,0.278,95
2023-10-27T00:00:00.000Z,4,5,4,4,4,0.382,96
2023-10-28T00:00:00.000Z,3,5,4,4,4,0.374,93
2023-10-29T00:00:00.000Z,3,4,4,4,4,0.103,94
2023-10-30T00:00:00.000Z,3,5,4,4,4,0.177,95
2023-10-31T00:00:00.000Z,3,6,4,4,4,0.346,97
2023-11-01T00:00:00.000Z,4,5,4,4,4,0.305,96
2023-11-02T00:00:00.000Z,4,5,4,4,4,0.261,95
2023-11-03T00:00:00.000Z,3,20,4,4,4,4.08,107
2023-11-04T00:00:00.000Z,3,5,4,4,4,0.373,99
2023-11-05T00:00:00.000Z,4,5,4,4,4,0.314,72
2023-11-06T00:00:00.000Z,3,4,4,4,4,0.144,94
2023-11-07T00:00:00.000Z,4,5,4,4,4,0.147,90
2023-11-08T00:00:00.000Z,3,4,4,4,4,0.177,93
2023-11-09T00:00:00.000Z,3,5,4,4,4,0.194,79
2023-11-10T00:00:00.000Z,3,5,4,4,4,0.302,93
2023-11-11T00:00:00.000Z,4,72,4,4,41.5,22.403,125
2023-11-12T00:00:00.000Z,4,5,4,4,4,0.342,59
2023-11-13T00:00:00.000Z,3,5,4,4,4,0.346,97
2023-11-14T00:00:00.000Z,4,5,4,4,4,0.163,73
2023-11-15T00:00:00.000Z,4,5,4,4,4,0.158,78
2023-11-16T00:00:00.000Z,4,14,4,4,4,2.32,98
2023-11-17T00:00:00.000Z,4,5,4,4,4,0.161,75
2023-11-18T00:00:00.000Z,4,5,4,4,4,0.281,81
2023-11-19T00:00:00.000Z,3,5,4,4,4,0.229,95
2023-11-20T00:00:00.000Z,3,5,4,4,4,0.284,97
2023-11-21T00:00:00.000Z,3,5,4,4,4,0.177,95
2023-11-22T00:00:00.000Z,4,5,4,4,4,0.392,95
2023-11-23T00:00:00.000Z,4,5,4,4,4,0.154,82
2023-11-24T00:00:00.000Z,4,5,4,4,4,0.292,85
2023-11-25T00:00:00.000Z,3,11,4,4,4,1.407,69
2023-11-26T00:00:00.000Z,4,13,4,4,4,1.901,91
2023-11-27T00:00:00.000Z,3,5,4,4,4,0.176,96
2023-11-28T00:00:00.000Z,3,5,4,4,4,0.249,96
2023-11-29T00:00:00.000Z,3,5,4,4,4,0.265,96
2023-11-30T00:00:00.000Z,3,5,4,4,4,0.309,98
2023-12-01T00:00:00.000Z,4,5,4,4,4,0.276,96
2023-12-02T00:00:00.000Z,4,15,4,4,4,2.326,98
2023-12-03T00:00:00.000Z,4,5,4,4,4,0.145,93
2023-12-04T00:00:00.000Z,4,5,4,4,4,0.149,88
2023-12-05T00:00:00.000Z,4,5,4,4,4,0.15,87
2023-12-06T00:00:00.000Z,3,15,4,4,4,1.678,99
2023-12-07T00:00:00.000Z,3,5,4,4,4,0.203,97
2023-12-08T00:00:00.000Z,3,4,4,4,4,0.198,98
2023-12-09T00:00:00.000Z,4,5,4,4,4,0.177,93
2023-12-10T00:00:00.000Z,3,5,4,4,4,0.279,98
2023-12-11T00:00:00.000Z,4,5,4,4,4,0.275,97
2023-12-12T00:00:00.000Z,3,4,4,4,4,0.197,99
2023-12-13T00:00:00.000Z,3,5,4,4,4,0.266,99
2023-12-14T00:00:00.000Z,4,5,4,4,4,0.144,94
2023-12-15T00:00:00.000Z,3,5,4,4,4,0.348,98
2023-12-16T00:00:00.000Z,4,5,4,4,4,0.247,92
2023-12-17T00:00:00.000Z,4,5,4,4,4,0.291,96
2023-12-18T00:00:00.000Z,4,31,4,4,4,5.075,101
2023-12-19T00:00:00.000Z,4,23,4,4,4,4.011,108
2023-12-20T00:00:00.000Z,3,5,4,4,4,0.228,96
2023-12-21T00:00:00.000Z,3,5,4,4,4,0.266,95
2023-12-22T00:00:00.000Z,3,29,4,4,5,6.117,118
2023-12-23T00:00:00.000Z,4,4,4,4,4,0,91
2023-12-24T00:00:00.000Z,4,5,4,4,4,0.103,94
2023-12-25T00:00:00.000Z,3,4,4,4,4,0.198,98
2023-12-26T00:00:00.000Z,4,5,4,4,4,0.204,92
2023-12-27T00:00:00.000Z,3,4,4,4,4,0.147,91
2023-12-28T00:00:00.000Z,3,5,4,4,4,0.228,94
2023-12-29T00:00:00.000Z,3,22,4,4,4,4.32,105
2023-12-30T00:00:00.000Z,4,5,4,4,4,0.28,93
2023-12-31T00:00:00.000Z,3,5,4,4,4,0.332,92
2024-01-01T00:00:00.000Z,3,4,4,4,4,0.174,96
2024-01-02T00:00:00.000Z,3,5,4,4,4,0.229,95
2024-01-03T00:00:00.000Z,3,4,4,4,4,0.172,98
2024-01-04T00:00:00.000Z,3,8,4,4,4,0.683,97
2024-01-05T00:00:00.000Z,4,5,4,4,4,0.15,87
2024-01-06T00:00:00.000Z,4,4,4,4,4,0,82
2024-01-07T00:00:00.000Z,4,5,4,4,4,0.35,91
2024-01-08T00:00:00.000Z,3,4,4,4,4,0.112,78
2024-01-09T00:00:00.000Z,4,5,4,4,4,0.144,94
2024-01-10T00:00:00.000Z,3,4,4,4,4,0.255,100
2024-01-11T00:00:00.000Z,3,5,4,4,4,0.227,95
2024-01-12T00:00:00.000Z,3,4,4,4,4,0.142,97
2024-01-13T00:00:00.000Z,3,5,4,4,4,0.351,99
2024-01-14T00:00:00.000Z,4,30,4,4,5,6.014,102
2024-01-15T00:00:00.000Z,3,4,4,4,4,0.105,89
2024-01-16T00:00:00.000Z,3,5,4,4,4,0.203,97
2024-01-17T00:00:00.000Z,3,5,4,4,4,0.338,96
2024-01-18T00:00:00.000Z,4,5,4,4,5,0.448,101
2024-01-19T00:00:00.000Z,4,11,4,4,4,1.336,96
2024-01-20T00:00:00.000Z,3,5,4,4,4,0.249,94
2024-01-21T00:00:00.000Z,4,5,4,4,4,0.222,96
2024-01-22T00:00:00.000Z,4,5,4,4,4,0.247,92
2024-01-23T00:00:00.000Z,3,4,4,4,4,0.143,96
2024-01-24T00:00:00.000Z,3,4,4,4,4,0.218,60
2024-01-25T00:00:00.000Z,3,5,4,4,4,0.265,96
2024-01-26T00:00:00.000Z,3,7,4,4,4,0.523,95
2024-01-27T00:00:00.000Z,3,17,4,4,4,2.159,85
2024-01-28T00:00:00.000Z,3,5,4,4,4,0.228,76
2024-01-29T00:00:00.000Z,3,4,4,4,4,0.125,63
2024-01-30T00:00:00.000Z,3,5,4,4,4,0.263,84
2024-01-31T00:00:00.000Z,3,5,4,4,4,0.248,65
2024-02-01T00:00:00.000Z,3,5,4,4,4,0.264,97
2024-02-02T00:00:00.000Z,4,5,4,4,4,0.371,97
2024-02-03T00:00:00.000Z,3,5,4,4,4,0.177,95
2024-02-04T00:00:00.000Z,4,4,4,4,4,0,58
2024-02-05T00:00:00.000Z,3,5,4,4,4,0.298,88
2024-02-06T00:00:00.000Z,3,5,4,4,4,0.327,95
2024-02-07T00:00:00.000Z,4,5,4,4,4,0.326,83
2024-02-08T00:00:00.000Z,4,5,4,4,4,0.222,77
2024-02-09T00:00:00.000Z,3,5,4,4,4,0.26,74
2024-02-10T00:00:00.000Z,3,4,4,4,4,0.159,77
2024-02-11T00:00:00.000Z,3,4,4,4,4,0.18,89
2024-02-12T00:00:00.000Z,3,5,4,4,4,0.25,96
2024-02-13T00:00:00.000Z,4,21,4,4,4,3.98,102
2024-02-14T00:00:00.000Z,3,5,4,4,4,0.314,67
2024-02-15T00:00:00.000Z,4,5,4,4,4,0.327,82
2024-02-16T00:00:00.000Z,4,8,4,4,4,0.607,94
2024-02-17T00:00:00.000Z,3,4,4,4,4,0.271,50
2024-02-18T00:00:00.000Z,3,4,4,4,4,0.147,91
2024-02-19T00:00:00.000Z,4,5,4,4,4,0.147,90
2024-02-20T00:00:00.000Z,3,5,4,4,4,0.264,100
2024-02-21T00:00:00.000Z,3,4,4,4,4,0.102,95
2024-02-22T00:00:00.000Z,4,4,4,4,4,0,93
2024-02-23T00:00:00.000Z,4,5,4,4,5,0.461,98
2024-02-24T00:00:00.000Z,3,5,4,4,5,0.507,107
2024-02-25T00:00:00.000Z,3,92,5,4,41,27.058,131
2024-02-26T00:00:00.000Z,3,5,4,4,4,0.422,106
2024-02-27T00:00:00.000Z,3,8,4,4,4,0.727,103
2024-02-28T00:00:00.000Z,3,5,4,4,5,0.531,105
2024-02-29T00:00:00.000Z,3,8,4,4,4,0.77,98
2024-03-01T00:00:00.000Z,3,6,4,4,4,0.481,103
2024-03-02T00:00:00.000Z,3,6,4,4,5,0.628,107
2024-03-03T00:00:00.000Z,3,5,4,4,5,0.504,102
2024-03-04T00:00:00.000Z,3,5,4,4,5,0.464,95
2024-03-05T00:00:00.000Z,3,5,4,4,4,0.44,100
2024-03-06T00:00:00.000Z,4,5,4,4,5,0.444,100
2024-03-07T00:00:00.000Z,3,5,4,4,4,0.435,102
2024-03-08T00:00:00.000Z,3,5,4,4,4,0.404,98
2024-03-09T00:00:00.000Z,3,5,4,4,4,0.247,96
2024-03-10T00:00:00.000Z,4,5,4,4,4,0.279,94
2024-03-11T00:00:00.000Z,4,5,4,4,4,0.144,95
2024-03-12T00:00:00.000Z,3,5,4,4,4,0.297,96
2024-03-13T00:00:00.000Z,4,5,4,4,4,0.387,98
2024-03-14T00:00:00.000Z,4,5,4,4,4,0.374,95
2024-03-15T00:00:00.000Z,4,5,4,4,4,0.32,95
2024-03-16T00:00:00.000Z,3,5,4,4,4,0.439,99
2024-03-17T00:00:00.000Z,4,5,4,4,4,0.307,95
2024-03-18T00:00:00.000Z,4,5,4,4,4,0.305,96
2024-03-19T00:00:00.000Z,4,5,4,4,4,0.329,97
2024-03-20T00:00:00.000Z,4,5,4,4,5,0.495,103
2024-03-21T00:00:00.000Z,3,6,4,4,4,0.373,99
2024-03-22T00:00:00.000Z,4,5,4,4,4,0.202,94
2024-03-23T00:00:00.000Z,3,5,4,4,4,0.176,96
2024-03-24T00:00:00.000Z,4,5,4,4,4,0.243,95
2024-03-25T00:00:00.000Z,3,5,4,4,4,0.301,98
2024-03-26T00:00:00.000Z,4,6,4,4,4,0.395,98
2024-03-27T00:00:00.000Z,4,5,4,4,4,0.379,98
2024-03-28T00:00:00.000Z,4,5,4,4,4,0.305,96
2024-03-29T00:00:00.000Z,4,57,4,4,15,17.742,78
2024-03-30T00:00:00.000Z,3,4,4,4,4,0.103,94
2024-03-31T00:00:00.000Z,3,39,4,4,16,11.947,115
2024-04-01T00:00:00.000Z,3,29,4,4,4,6.437,110
2024-04-02T00:00:00.000Z,3,13,4,4,4,1.335,98
2024-04-03T00:00:00.000Z,3,79,4,4,4,17.243,114
2024-04-04T00:00:00.000Z,4,72,4,4,4,15.008,102
2024-04-05T00:00:00.000Z,4,164,4,4,27,38.167,124
2024-04-06T00:00:00.000Z,3,5,4,4,4,0.177,95
2024-04-07T00:00:00.000Z,3,5,4,4,4,0.235,89
2024-04-08T00:00:00.000Z,4,17,4,4,4,2.834,102
2024-04-09T00:00:00.000Z,3,30,4,4,4,6.633,106
2024-04-10T00:00:00.000Z,3,5,4,4,4,0.226,98
2024-04-11T00:00:00.000Z,3,7,4,4,4,0.636,97
2024-04-12T00:00:00.000Z,3,10,4,4,4,1.048,98
2024-04-13T00:00:00.000Z,3,5,4,4,4,0.297,102
2024-04-14T00:00:00.000Z,3,9,4,4,4,1.409,99
2024-04-15T00:00:00.000Z,3,5,4,4,4,0.202,98
2024-04-16T00:00:00.000Z,3,5,4,4,4,0.227,95
2024-04-17T00:00:00.000Z,3,4,4,4,4,0.102,95
2024-04-18T00:00:00.000Z,3,17,4,4,4,2.037,100
2024-04-19T00:00:00.000Z,3,5,4,4,4,0.204,96
2024-04-20T00:00:00.000Z,3,5,4,4,4,0.28,97
2024-04-21T00:00:00.000Z,4,10,4,4,4,0.971,97
2024-04-22T00:00:00.000Z,3,6,4,4,4,0.394,95
2024-04-23T00:00:00.000Z,3,5,4,4,4,0.203,97
2024-04-24T00:00:00.000Z,3,19,4,4,4,3.817,87
2024-04-25T00:00:00.000Z,3,4,4,4,4,0.142,97
2024-04-26T00:00:00.000Z,4,19,4,4,4,3.183,103
2024-04-27T00:00:00.000Z,3,9,4,4,4,0.888,85
2024-04-28T00:00:00.000Z,3,9,4,4,4,0.937,82
2024-04-29T00:00:00.000Z,3,11,4,4,4,1.174,98
2024-04-30T00:00:00.000Z,3,25,4,4,4,4.277,105
2024-05-01T00:00:00.000Z,3,27,4,4,4,5.316,97
2024-05-02T00:00:00.000Z,3,15,4,4,4,1.951,99
2024-05-03T00:00:00.000Z,4,44,4,4,9.5,12.243,121
2024-05-04T00:00:00.000Z,3,25,4,4,5,5.014,71
2024-05-05T00:00:00.000Z,4,15,4,4,4,2.284,85
2024-05-06T00:00:00.000Z,3,5,4,4,4,0.31,100
2024-05-07T00:00:00.000Z,4,5,4,4,4,0.384,100
2024-05-08T00:00:00.000Z,3,5,4,4,4,0.267,98
2024-05-09T00:00:00.000Z,4,5,4,4,4,0.145,93
2024-05-10T00:00:00.000Z,3,5,4,4,4,0.26,88
2024-05-11T00:00:00.000Z,4,22,4,4,4,3.891,79
2024-05-12T00:00:00.000Z,3,5,4,4,4,0.309,93
2024-05-13T00:00:00.000Z,4,34,4,4,9,8.786,119
2024-05-14T00:00:00.000Z,3,5,4,4,4,0.27,92
2024-05-15T00:00:00.000Z,3,8,4,4,4,0.712,103
2024-05-16T00:00:00.000Z,4,13,4,4,4,2.265,95
2024-05-17T00:00:00.000Z,3,5,4,4,4,0.274,79
2024-05-18T00:00:00.000Z,4,6,4,4,4,0.406,78
2024-05-19T00:00:00.000Z,4,5,4,4,4,0.145,93
2024-05-20T00:00:00.000Z,3,9,4,4,4,0.925,92
2024-05-21T00:00:00.000Z,3,25,4,4,5,5.314,112
2024-05-22T00:00:00.000Z,3,14,4,4,4,1.542,94
2024-05-23T00:00:00.000Z,3,11,4,4,4,1.208,87
2024-05-24T00:00:00.000Z,3,5,4,4,4,0.334,86
2024-05-25T00:00:00.000Z,3,5,4,4,4,0.324,76
2024-05-26T00:00:00.000Z,4,5,4,4,4,0.339,53
2024-05-27T00:00:00.000Z,3,5,4,4,4,0.3,94
2024-05-28T00:00:00.000Z,3,139,4,4,49,42.239,142
2024-05-29T00:00:00.000Z,3,7,4,4,4,0.536,79
2024-05-30T00:00:00.000Z,3,10,4,4,4,1.044,73
2024-05-31T00:00:00.000Z,3,9,4,4,4,1.208,98
2024-06-01T00:00:00.000Z,3,5,4,4,4,0.278,87
2024-06-02T00:00:00.000Z,3,38,4,4,5,8.901,103
2024-06-03T00:00:00.000Z,3,5,4,4,4,0.218,84
2024-06-04T00:00:00.000Z,3,4,4,4,4,0.147,91
2024-06-05T00:00:00.000Z,3,5,4,4,4,0.205,95
2024-06-06T00:00:00.000Z,3,6,4,4,4,0.346,97
2024-06-07T00:00:00.000Z,3,5,4,4,4,0.228,96
2024-06-08T00:00:00.000Z,3,5,4,4,4,0.312,101
2024-06-09T00:00:00.000Z,4,5,4,4,4,0.146,92
2024-06-10T00:00:00.000Z,3,5,4,4,4,0.244,100
2024-06-11T00:00:00.000Z,4,5,4,4,4,0.144,94
2024-06-12T00:00:00.000Z,3,4,4,4,4,0.103,94
2024-06-13T00:00:00.000Z,3,7,4,4,4,0.663,98
2024-06-14T00:00:00.000Z,4,5,4,4,4,0.379,86
2024-06-15T00:00:00.000Z,4,5,4,4,4,0.3,70
2024-06-16T00:00:00.000Z,4,15,4,4,4,2.418,92
2024-06-17T00:00:00.000Z,3,5,4,4,4,0.217,85
2024-06-18T00:00:00.000Z,4,16,4,4,4,2.436,102
2024-06-19T00:00:00.000Z,3,5,4,4,4,0.307,90
2024-06-20T00:00:00.000Z,4,5,4,4,4,0.305,77
2024-06-21T00:00:00.000Z,3,5,4,4,4,0.266,84
2024-06-22T00:00:00.000Z,3,5,4,4,4,0.205,95
2024-06-23T00:00:00.000Z,4,5,4,4,4,0.201,95
2024-06-24T00:00:00.000Z,3,5,4,4,4,0.297,96
2024-06-25T00:00:00.000Z,3,15,4,4,4,1.852,99
2024-06-26T00:00:00.000Z,3,5,4,4,4,0.29,83
2024-06-27T00:00:00.000Z,3,15,4,4,4.5,2.807,96
2024-06-28T00:00:00.000Z,4,9,4,4,4,0.902,87
2024-06-29T00:00:00.000Z,3,11,4,4,4,1.136,75
2024-06-30T00:00:00.000Z,3,15,4,4,4,2.405,96
2024-07-01T00:00:00.000Z,4,4,4,4,4,0,81
2024-07-02T00:00:00.000Z,4,5,4,4,4,0.149,88
2024-07-03T00:00:00.000Z,3,5,4,4,4,0.256,91
2024-07-04T00:00:00.000Z,4,5,4,4,4,0.174,64
2024-07-05T00:00:00.000Z,4,10,4,4,4,1.063,70
2024-07-06T00:00:00.000Z,3,11,4,4,4,1.258,91
2024-07-07T00:00:00.000Z,3,5,4,4,4,0.282,75
2024-07-08T00:00:00.000Z,3,29,4,4,5,7.311,92
2024-07-09T00:00:00.000Z,3,5,4,4,4,0.183,89
2024-07-10T00:00:00.000Z,3,13,4,4,4,1.669,86
2024-07-11T00:00:00.000Z,3,4,4,4,4,0.232,70
2024-07-12T00:00:00.000Z,3,42,4,4,6.5,10.457,97
2024-07-13T00:00:00.000Z,3,37,4,4,5,6.386,70
2024-07-14T00:00:00.000Z,3,9,4,4,4,0.697,58
2024-07-15T00:00:00.000Z,3,34,4,4,7,7.656,75
2024-07-16T00:00:00.000Z,3,4,4,4,4,0.116,73
2024-07-17T00:00:00.000Z,3,19,4,4,4,2.811,83
2024-07-18T00:00:00.000Z,3,22,4,4,8,5.652,90
2024-07-19T00:00:00.000Z,3,258,21,4,124.5,81.972,177
2024-07-20T00:00:00.000Z,3,12,4,4,4,1.758,102
2024-07-21T00:00:00.000Z,3,6,4,4,4,0.387,85
2024-07-22T00:00:00.000Z,3,5,4,4,4,0.206,94
2024-07-23T00:00:00.000Z,3,5,4,4,4,0.265,96
2024-07-24T00:00:00.000Z,3,5,4,4,4,0.299,95
2024-07-25T00:00:00.000Z,3,4,4,4,4,0.144,94
2024-07-26T00:00:00.000Z,4,5,4,4,4,0.222,96
2024-07-27T00:00:00.000Z,3,6,4,4,4,0.408,99
2024-07-28T00:00:00.000Z,3,5,4,4,4,0.247,96
2024-07-29T00:00:00.000Z,3,52,4,4,7.5,12.262,121
2024-07-30T00:00:00.000Z,3,5,4,4,4,0.203,97
2024-07-31T00:00:00.000Z,3,5,4,4,4,0.31,100
2024-08-01T00:00:00.000Z,3,5,4,4,4,0.335,98
2024-08-02T00:00:00.000Z,3,15,4,4,4,2.021,100
2024-08-03T00:00:00.000Z,4,60,4,4,5,17.348,119
2024-08-04T00:00:00.000Z,3,26,4,4,4,2.836,101
2024-08-05T00:00:00.000Z,3,4,4,4,4,0.144,94
2024-08-06T00:00:00.000Z,3,164,5.5,4,78.5,56.188,168
2024-08-07T00:00:00.000Z,3,24,4,4,4,4.165,109
2024-08-08T00:00:00.000Z,3,11,4,4,4,0.749,98
2024-08-09T00:00:00.000Z,3,5,4,4,4,0.287,95
2024-08-10T00:00:00.000Z,3,5,4,4,4,0.204,96
2024-08-11T00:00:00.000Z,3,5,4,4,4,0.265,96
2024-08-12T00:00:00.000Z,3,30,4,4,9,7.312,118
2024-08-13T00:00:00.000Z,3,4,4,4,4,0.104,92
2024-08-14T00:00:00.000Z,3,5,4,4,4,0.21,90
2024-08-15T00:00:00.000Z,4,5,4,4,4,0.227,92
2024-08-16T00:00:00.000Z,4,5,4,4,4,0.252,88
2024-08-17T00:00:00.000Z,3,4,4,4,4,0.153,83
2024-08-18T00:00:00.000Z,3,4,4,4,4,0.168,69
2024-08-19T00:00:00.000Z,3,5,4,4,4,0.319,98
2024-08-20T00:00:00.000Z,3,14,4,4,4,2.825,93
2024-08-21T00:00:00.000Z,3,23,4,4,5,5.145,106
2024-08-22T00:00:00.000Z,3,63,4,4,4,7.217,97
2024-08-23T00:00:00.000Z,3,22,4,4,4,3.731,99
2024-08-24T00:00:00.000Z,3,6,4,4,4,0.295,79
2024-08-25T00:00:00.000Z,3,5,4,4,4,0.343,89
2024-08-26T00:00:00.000Z,4,5,4,4,4,0.147,90
2024-08-27T00:00:00.000Z,3,5,4,4,4,0.312,68
2024-08-28T00:00:00.000Z,4,10,4,4,4,1.165,58
2024-08-29T00:00:00.000Z,3,5,4,4,4,0.351,65
2024-08-30T00:00:00.000Z,4,19,4,4,6,3.133,102
2024-08-31T00:00:00.000Z,3,11,4,4,5,1.717,91
2024-09-01T00:00:00.000Z,4,40,4,4,20,11.743,84
2024-09-02T00:00:00.000Z,4,5,4,4,4,0.303,78
2024-09-03T00:00:00.000Z,3,38,4,4,7.5,8.449,108
2024-09-04T00:00:00.000Z,4,28,4,4,4,4.581,88
2024-09-05T00:00:00.000Z,4,18,4,4,5,3.566,61
2024-09-06T00:00:00.000Z,3,14,4,4,4,2.166,83
2024-09-07T00:00:00.000Z,3,6,4,4,5,0.562,69
2024-09-08T00:00:00.000Z,4,15,4,4,4,2.481,96
2024-09-09T00:00:00.000Z,3,5,4,4,4,0.198,51
2024-09-10T00:00:00.000Z,3,12,4,4,4,1.685,70
2024-09-11T00:00:00.000Z,3,4,4,4,4,0.104,91
2024-09-12T00:00:00.000Z,3,5,4,4,4,0.222,81
2024-09-13T00:00:00.000Z,3,31,4,4,5,6.098,96
2024-09-14T00:00:00.000Z,3,5,4,4,4,0.244,50
2024-09-15T00:00:00.000Z,3,31,4,4,5,6.58,108
2024-09-16T00:00:00.000Z,3,5,4,4,4,0.187,85
2024-09-17T00:00:00.000Z,3,60,4,4,14,14.074,136
2024-09-18T00:00:00.000Z,4,99,8,4,65,34.514,147
2024-09-19T00:00:00.000Z,3,13,4,4,4,1.483,89
2024-09-20T00:00:00.000Z,3,67,8,4,32,19.568,154
2024-09-21T00:00:00.000Z,3,25,4,4,6.5,4.292,112
2024-09-22T00:00:00.000Z,3,62,7,4,36,18.733,143
2024-09-23T00:00:00.000Z,3,9,4,4,4,0.592,100
2024-09-24T00:00:00.000Z,3,5,4,4,4,0.328,100
2024-09-25T00:00:00.000Z,4,54,4,4,5,11.587,112
2024-09-26T00:00:00.000Z,4,5,4,4,4,0.244,94
2024-09-27T00:00:00.000Z,4,5,4,4,4,0.146,92
2024-09-28T00:00:00.000Z,3,5,4,4,4,0.324,97
2024-09-29T00:00:00.000Z,4,27,5,4,14,6.547,125
2024-09-30T00:00:00.000Z,3,5,4,4,4,0.228,96
2024-10-01T00:00:00.000Z,3,5,4,4,4,0.345,95
2024-10-02T00:00:00.000Z,4,5,4,4,4,0.365,95
2024-10-03T00:00:00.000Z,3,5,4,4,4,0.342,97
2024-10-04T00:00:00.000Z,4,9,4,4,4,1.054,100
2024-10-05T00:00:00.000Z,3,25,4,4,12,5.342,124
2024-10-06T00:00:00.000Z,4,67,4,4,33,19.092,151
2024-10-07T00:00:00.000Z,3,28,4,4,4,5.314,105
2024-10-08T00:00:00.000Z,3,12,4,4,4,1.401,101
2024-10-09T00:00:00.000Z,4,5,4,4,4,0.144,95
2024-10-10T00:00:00.000Z,4,5,4,4,4,0.202,94
2024-10-11T00:00:00.000Z,3,5,4,4,4,0.324,97
2024-10-12T00:00:00.000Z,4,5,4,4,4,0.332,95
2024-10-13T00:00:00.000Z,3,5,4,4,4,0.322,98
2024-10-14T00:00:00.000Z,4,5,4,4,4,0.203,93
2024-10-15T00:00:00.000Z,4,5,4,4,4,0.365,95
2024-10-16T00:00:00.000Z,4,5,4,4,4,0.177,93
2024-10-17T00:00:00.000Z,4,5,4,4,4,0.244,94
2024-10-18T00:00:00.000Z,4,5,4,4,4,0.332,95
2024-10-19T00:00:00.000Z,4,9,4,4,5,1.166,97
2024-10-20T00:00:00.000Z,3,5,4,4,4,0.286,96
2024-10-21T00:00:00.000Z,4,5,4,4,4,0.28,93
2024-10-22T00:00:00.000Z,4,5,4,4,4,0.348,99
2024-10-23T00:00:00.000Z,4,24,4,4,5,5.585,110
2024-10-24T00:00:00.000Z,3,5,4,4,4,0.268,94
2024-10-25T00:00:00.000Z,4,5,4,4,4,0.371,85
2024-10-26T00:00:00.000Z,4,5,4,4,4,0.39,96
2024-10-27T00:00:00.000Z,4,5,4,4,4,0.145,93
2024-10-28T00:00:00.000Z,4,5,4,4,4,0.246,93
2024-10-29T00:00:00.000Z,3,5,4,4,4,0.387,97
2024-10-30T00:00:00.000Z,4,5,4,4,4,0.387,98
2024-10-31T00:00:00.000Z,3,6,4,4,4,0.426,95
2024-11-01T00:00:00.000Z,4,5,4,4,4,0.385,94
2024-11-02T00:00:00.000Z,4,5,4,4,4,0.356,67
2024-11-03T00:00:00.000Z,3,5,4,4,4,0.206,93
2024-11-04T00:00:00.000Z,4,4,4,4,4,0,89
2024-11-06T00:00:00.000Z,3,5,4,4,4,0.294,81
2024-11-07T00:00:00.000Z,4,5,4,4,4,0.393,63
2024-11-08T00:00:00.000Z,3,73,11,4,47,23.544,150
2024-11-09T00:00:00.000Z,4,8,4,4,4,0.773,97
2024-11-10T00:00:00.000Z,3,5,4,4,4,0.387,98
2024-11-11T00:00:00.000Z,3,5,4,4,4,0.204,96
2024-11-12T00:00:00.000Z,3,27,4,4,4,5.081,109
2024-11-13T00:00:00.000Z,3,100,4,4,29,30.815,131
2024-11-14T00:00:00.000Z,3,5,4,4,4,0.355,99
2024-11-15T00:00:00.000Z,4,5,4,4,4,0.221,78
2024-11-16T00:00:00.000Z,3,9,4,4,4,0.879,99
2024-11-17T00:00:00.000Z,4,12,4,4,4,1.186,93
2024-11-18T00:00:00.000Z,3,5,4,4,4,0.348,97
2024-11-19T00:00:00.000Z,4,5,4,4,4,0.331,96
2024-11-20T00:00:00.000Z,3,5,4,4,4,0.418,100
2024-11-21T00:00:00.000Z,3,4,4,4,4,0.144,95
2024-11-22T00:00:00.000Z,3,4,4,4,4,0.172,98
2024-11-23T00:00:00.000Z,3,28,4,4,4,5.027,109
2024-11-24T00:00:00.000Z,3,5,4,4,4,0.211,90
2024-11-25T00:00:00.000Z,4,5,4,4,4,0.146,92
2024-11-26T00:00:00.000Z,3,5,4,4,4,0.228,96
2024-11-27T00:00:00.000Z,3,5,4,4,4,0.245,99
2024-11-28T00:00:00.000Z,3,5,4,4,4,0.175,98
2024-11-29T00:00:00.000Z,3,5,4,4,4,0.25,95
2024-11-30T00:00:00.000Z,3,9,4,4,4,0.751,101
2024-12-01T00:00:00.000Z,3,23,4,4,4,4.943,114
2024-12-02T00:00:00.000Z,3,4,4,4,4,0.157,79
2024-12-03T00:00:00.000Z,3,4,4,4,4,0.182,87
2024-12-04T00:00:00.000Z,3,5,4,4,4,0.25,95
2024-12-05T00:00:00.000Z,3,5,4,4,4,0.266,98
2024-12-06T00:00:00.000Z,3,5,4,4,4,0.28,88
2024-12-07T00:00:00.000Z,3,5,4,4,4,0.271,95
2024-12-08T00:00:00.000Z,3,5,4,4,4,0.178,94
2024-12-09T00:00:00.000Z,4,6,4,4,4,0.368,92
2024-12-10T00:00:00.000Z,4,5,4,4,4,0.223,95
2024-12-11T00:00:00.000Z,3,5,4,4,4,0.336,97
2024-12-12T00:00:00.000Z,3,5,4,4,4,0.205,95
2024-12-13T00:00:00.000Z,3,5,4,4,4,0.204,96
2024-12-14T00:00:00.000Z,4,4,4,4,4,0,88
2024-12-15T00:00:00.000Z,3,4,4,4,4,0.22,98
2024-12-16T00:00:00.000Z,3,132,4,4,23,41.392,132
2024-12-17T00:00:00.000Z,4,4,4,4,4,0,91
2024-12-18T00:00:00.000Z,3,5,4,4,4,0.3,94
2024-12-19T00:00:00.000Z,3,5,4,4,4,0.247,98
2024-12-20T00:00:00.000Z,4,4,4,4,4,0,79
2024-12-21T00:00:00.000Z,4,5,4,4,4,0.243,95
2024-12-22T00:00:00.000Z,3,5,4,4,4,0.344,96
2024-12-23T00:00:00.000Z,3,35,4,4,8,8.59,119
2024-12-24T00:00:00.000Z,3,5,4,4,4,0.251,95
2024-12-25T00:00:00.000Z,3,4,4,4,4,0.104,91
2024-12-26T00:00:00.000Z,3,5,4,4,4,0.177,95
2024-12-27T00:00:00.000Z,3,8,4,4,4,0.589,94
2024-12-28T00:00:00.000Z,3,5,4,4,4,0.186,86
2024-12-29T00:00:00.000Z,4,5,4,4,4,0.159,77
2024-12-30T00:00:00.000Z,3,5,4,4,4,0.224,80
2024-12-31T00:00:00.000Z,3,4,4,4,4,0.145,93
2025-01-01T00:00:00.000Z,3,5,4,4,4,0.245,99
2025-01-02T00:00:00.000Z,3,4,4,4,4,0.103,94
2025-01-03T00:00:00.000Z,3,4,4,4,4,0.103,93
2025-01-04T00:00:00.000Z,3,4,4,4,4,0.145,93
2025-01-05T00:00:00.000Z,3,31,4,4,4,5.916,107
2025-01-06T00:00:00.000Z,3,5,4,4,4,0.253,93
2025-01-07T00:00:00.000Z,3,5,4,4,4,0.231,92
2025-01-08T00:00:00.000Z,4,5,4,4,4,0.15,87
2025-01-09T00:00:00.000Z,3,5,4,4,4,0.232,93
2025-01-10T00:00:00.000Z,3,5,4,4,4,0.144,96
2025-01-11T00:00:00.000Z,3,5,4,4,4,0.267,98
2025-01-12T00:00:00.000Z,4,4,4,4,4,0,95
2025-01-13T00:00:00.000Z,3,5,4,4,4,0.235,90
2025-01-14T00:00:00.000Z,3,10,4,4,4,0.787,67
2025-01-15T00:00:00.000Z,4,4,4,4,4,0,93
2025-01-16T00:00:00.000Z,4,5,4,4,4,0.2,96
2025-01-17T00:00:00.000Z,3,4,4,4,4,0.144,95
2025-01-18T00:00:00.000Z,3,4,4,4,4,0.145,93
2025-01-19T00:00:00.000Z,3,4,4,4,4,0.146,92
2025-01-20T00:00:00.000Z,3,4,4,4,4,0.275,97
2025-01-21T00:00:00.000Z,4,4,4,4,4,0,93
2025-01-22T00:00:00.000Z,3,54,4,4,12,15.788,130
2025-01-23T00:00:00.000Z,3,5,4,4,4,0.239,86
2025-01-24T00:00:00.000Z,4,9,4,4,4,0.977,96
2025-01-25T00:00:00.000Z,3,5,4,4,4,0.244,84
2025-01-26T00:00:00.000Z,3,5,4,4,4,0.317,99
2025-01-27T00:00:00.000Z,3,5,4,4,4,0.178,94
2025-01-28T00:00:00.000Z,3,5,4,4,4,0.205,95
2025-01-29T00:00:00.000Z,3,5,4,4,4,0.272,93
2025-01-30T00:00:00.000Z,3,5,4,4,4,0.398,70
2025-01-31T00:00:00.000Z,3,5,4,4,4,0.358,101
2025-02-01T00:00:00.000Z,3,5,4,4,4,0.247,98
2025-02-02T00:00:00.000Z,4,4,4,4,4,0,55
2025-02-03T00:00:00.000Z,3,4,4,4,4,0.126,62
2025-02-04T00:00:00.000Z,3,5,4,4,5,0.606,13
2025-02-05T00:00:00.000Z,3,11,4,4,5,1.735,104
2025-02-06T00:00:00.000Z,3,8,4,4,5,0.854,96
2025-02-07T00:00:00.000Z,3,42,4,4,5,11.451,113
2025-02-08T00:00:00.000Z,3,17,4,4,6,3.823,81
2025-02-09T00:00:00.000Z,3,5,4,4,4,0.433,75
2025-02-10T00:00:00.000Z,3,6,4,4,5,0.601,97
2025-02-11T00:00:00.000Z,3,5,4,4,4,0.463,100
2025-02-12T00:00:00.000Z,3,37,4,4,5,8.186,109
2025-02-13T00:00:00.000Z,3,5,4,4,4,0.447,76
2025-02-14T00:00:00.000Z,4,5,4,4,5,0.449,75
2025-02-15T00:00:00.000Z,3,18,4,4,5,2.705,102
2025-02-16T00:00:00.000Z,3,5,4,4,4,0.46,86
2025-02-17T00:00:00.000Z,3,5,4,4,5,0.533,90
2025-02-18T00:00:00.000Z,3,8,4,4,5,0.78,101
2025-02-19T00:00:00.000Z,3,5,4,4,4,0.445,98
2025-02-20T00:00:00.000Z,3,5,4,4,5,0.536,93
2025-02-21T00:00:00.000Z,3,5,4,4,5,0.497,103
2025-02-22T00:00:00.000Z,3,5,4,4,4,0.488,63
2025-02-23T00:00:00.000Z,3,5,4,4,5,0.489,99
2025-02-24T00:00:00.000Z,3,5,4,4,5,0.502,108
2025-02-25T00:00:00.000Z,3,5,4,4,5,0.477,100
2025-02-26T00:00:00.000Z,3,5,4,4,4,0.488,95
2025-02-27T00:00:00.000Z,3,5,4,4,4,0.404,73
2025-02-28T00:00:00.000Z,4,4,4,4,4,0,16
2025-03-01T00:00:00.000Z,3,5,4,4,4,0.243,67
2025-03-02T00:00:00.000Z,3,5,4,4,4,0.337,81
2025-03-03T00:00:00.000Z,3,5,4,4,4,0.419,90
2025-03-04T00:00:00.000Z,3,4,4,4,4,0.124,64
2025-03-05T00:00:00.000Z,3,4,4,4,4,0.154,41
2025-03-06T00:00:00.000Z,4,4,4,4,4,0,13
2025-03-07T00:00:00.000Z,3,4,4,4,4,0.158,39
2025-03-08T00:00:00.000Z,3,5,4,4,4,0.375,57
2025-03-09T00:00:00.000Z,3,5,4,4,4,0.205,71
2025-03-10T00:00:00.000Z,4,4,4,4,4,0,81
2025-03-11T00:00:00.000Z,3,4,4,4,4,0.197,74
2025-03-12T00:00:00.000Z,3,5,4,4,4,0.275,66
2025-03-13T00:00:00.000Z,4,5,4,4,4,0.214,83
2025-03-14T00:00:00.000Z,4,72,5,4,14,14.922,121
2025-03-15T00:00:00.000Z,3,4,4,4,4,0.202,94
2025-03-16T00:00:00.000Z,4,5,4,4,4,0.293,95
2025-03-17T00:00:00.000Z,3,144,4,4,25,26.292,139
2025-03-18T00:00:00.000Z,3,5,4,4,4,0.361,99
2025-03-19T00:00:00.000Z,3,4,4,4,4,0.102,95
2025-03-20T00:00:00.000Z,4,5,4,4,4,0.406,96
2025-03-21T00:00:00.000Z,4,5,4,4,4,0.15,87
2025-03-22T00:00:00.000Z,3,5,4,4,4,0.286,96
2025-03-23T00:00:00.000Z,3,5,4,4,4,0.359,97
2025-03-24T00:00:00.000Z,4,5,4,4,4,0.406,96
2025-03-25T00:00:00.000Z,4,6,4,4,4,0.32,91
2025-03-26T00:00:00.000Z,4,17,4,4,4,2.931,101
2025-03-27T00:00:00.000Z,3,5,4,4,4,0.343,34
2025-03-28T00:00:00.000Z,3,14,4,4,4,1.986,78
2025-03-29T00:00:00.000Z,4,34,4,4,8,9.019,70
2025-03-30T00:00:00.000Z,4,5,4,4,4,0.356,47
2025-03-31T00:00:00.000Z,4,5,4,4,4,0.314,81
2025-04-01T00:00:00.000Z,4,5,4,4,4,0.249,75
2025-04-02T00:00:00.000Z,4,5,4,4,4,0.352,62
2025-04-03T00:00:00.000Z,3,5,4,4,4,0.294,81
2025-04-04T00:00:00.000Z,3,5,4,4,4,0.249,94
2025-04-05T00:00:00.000Z,4,5,4,4,4,0.229,54
2025-04-06T00:00:00.000Z,4,33,4,4,5,5.23,89
2025-04-07T00:00:00.000Z,3,5,4,4,4,0.334,88
2025-04-08T00:00:00.000Z,4,5,4,4,4,0.178,92
2025-04-09T00:00:00.000Z,4,5,4,4,4,0.338,99
2025-04-10T00:00:00.000Z,3,5,4,4,4,0.36,80
2025-04-11T00:00:00.000Z,3,5,4,4,4,0.345,99
2025-04-12T00:00:00.000Z,3,5,4,4,4,0.288,92
2025-04-13T00:00:00.000Z,3,4,4,4,4,0.175,95
2025-04-14T00:00:00.000Z,3,4,4,4,4,0.12,68
2025-04-15T00:00:00.000Z,4,5,4,4,4,0.31,65
2025-04-16T00:00:00.000Z,4,4,4,4,4,0,82
2025-04-17T00:00:00.000Z,3,12,4,4,4,0.956,94
2025-04-18T00:00:00.000Z,3,5,4,4,4,0.178,63
2025-04-19T00:00:00.000Z,4,5,4,4,4,0.269,51
2025-04-20T00:00:00.000Z,4,5,4,4,4,0.3,80
2025-04-21T00:00:00.000Z,4,11,4,4,4,1.373,82
2025-04-22T00:00:00.000Z,4,5,4,4,4,0.19,80
2025-04-23T00:00:00.000Z,3,5,4,4,4,0.393,84
2025-04-24T00:00:00.000Z,3,6,4,4,4,0.37,88
2025-04-25T00:00:00.000Z,3,18,4,4,4,3.026,100
2025-04-26T00:00:00.000Z,3,5,4,4,4,0.213,66
2025-04-27T00:00:00.000Z,4,24,4,4,4,5.43,92
2025-04-28T00:00:00.000Z,3,56,4,4,18,14.156,106
2025-04-29T00:00:00.000Z,3,5,4,4,4,0.265,83
2025-04-30T00:00:00.000Z,3,18,4,4,4,3.127,82
2025-05-01T00:00:00.000Z,3,7,4,4,4,0.539,75
2025-05-02T00:00:00.000Z,4,56,4,4,4,12.002,90
2025-05-03T00:00:00.000Z,3,5,4,4,4,0.378,76
2025-05-04T00:00:00.000Z,3,5,4,4,4,0.247,80
2025-05-05T00:00:00.000Z,4,5,4,4,4,0.326,83
2025-05-06T00:00:00.000Z,4,5,4,4,4,0.387,82
2025-05-07T00:00:00.000Z,3,112,5,4,25,33.363,154
2025-05-08T00:00:00.000Z,4,35,4,4,5,8.495,95
2025-05-09T00:00:00.000Z,4,9,4,4,4,0.843,101
2025-05-10T00:00:00.000Z,3,5,4,4,4,0.421,102
2025-05-11T00:00:00.000Z,4,5,4,4,4,0.395,98
2025-05-12T00:00:00.000Z,3,5,4,4,4,0.391,96
2025-05-13T00:00:00.000Z,4,19,4,4,8,4.075,107
2025-05-14T00:00:00.000Z,4,16,4,4,5,3.268,112
2025-05-15T00:00:00.000Z,3,16,4,4,4,1.866,99
2025-05-16T00:00:00.000Z,3,31,4,4,7.5,6.848,117
2025-05-17T00:00:00.000Z,3,149,9,4,81,49.068,166
2025-05-18T00:00:00.000Z,4,45,4,4,12,10.037,123
2025-05-19T00:00:00.000Z,3,6,4,4,4,0.405,96
2025-05-20T00:00:00.000Z,4,9,4,4,5,1.32,101
2025-05-21T00:00:00.000Z,3,69,5,4,13,15.267,158
2025-05-22T00:00:00.000Z,3,5,4,4,4,0.297,86
2025-05-23T00:00:00.000Z,4,106,4,4,29,31.78,114
2025-05-24T00:00:00.000Z,4,115,10,4,46.5,31.086,181
2025-05-25T00:00:00.000Z,3,104,4,4,41,32.718,137
2025-05-26T00:00:00.000Z,4,90,10,4,37,26.708,160
2025-05-27T00:00:00.000Z,3,69,4,4,5,15.903,118
2025-05-28T00:00:00.000Z,4,5,4,4,4,0.175,95
2025-05-29T00:00:00.000Z,3,5,4,4,4,0.28,97
2025-05-30T00:00:00.000Z,3,55,4,4,13,13.623,124
2025-05-31T00:00:00.000Z,3,23,4,4,5,4.22,119
2025-06-01T00:00:00.000Z,3,17,4,4,4,2.522,108
2025-06-02T00:00:00.000Z,3,34,4,4,9,7.896,115
2025-06-03T00:00:00.000Z,3,14,4,4,4,2.316,91
2025-06-04T00:00:00.000Z,4,7,4,4,4,0.549,85
2025-06-05T00:00:00.000Z,3,5,4,4,4,0.299,67
2025-06-06T00:00:00.000Z,4,43,4,4,4,10.335,63
2025-06-07T00:00:00.000Z,4,39,5,4,14,9.125,114
2025-06-08T00:00:00.000Z,3,5,4,4,4,0.194,53
2025-06-09T00:00:00.000Z,3,5,4,4,4,0.33,77
2025-06-10T00:00:00.000Z,4,34,4,4,5,8.125,101
2025-06-11T00:00:00.000Z,4,15,4,4,4,2.058,88
2025-06-12T00:00:00.000Z,4,438,5,4,87.5,108.817,153
2025-06-13T00:00:00.000Z,3,8,4,4,4,0.704,104
2025-06-14T00:00:00.000Z,4,9,4,4,4,0.756,98
2025-06-15T00:00:00.000Z,4,5,4,4,4,0.223,95
2025-06-16T00:00:00.000Z,4,8,4,4,4,0.636,101
2025-06-17T00:00:00.000Z,4,6,4,4,4,0.433,100
2025-06-18T00:00:00.000Z,4,6,4,4,4,0.409,100
2025-06-19T00:00:00.000Z,3,19,4,4,4,3.653,113
2025-06-20T00:00:00.000Z,4,9,4,4,4,0.877,97
2025-06-21T00:00:00.000Z,3,5,4,4,4,0.201,98
2025-06-22T00:00:00.000Z,3,13,4,4,4,1.565,103
2025-06-23T00:00:00.000Z,3,15,4,4,4,1.919,106
2025-06-24T00:00:00.000Z,3,12,4,4,4,1.632,106
2025-06-25T00:00:00.000Z,4,25,4,4,5,6.183,121
2025-06-26T00:00:00.000Z,3,22,4,4,4,3.58,106
2025-06-27T00:00:00.000Z,4,362,4,4,18,54.799,125
2025-06-28T00:00:00.000Z,4,67,5,4,15,15.701,143
2025-06-29T00:00:00.000Z,3,11,4,4,4,0.764,97
2025-06-30T00:00:00.000Z,4,5,4,4,4,0.303,88
2025-07-01T00:00:00.000Z,3,5,4,4,4,0.297,90
2025-07-02T00:00:00.000Z,4,19,4,4,5,3.635,87
2025-07-03T00:00:00.000Z,4,392,29.5,4,183,128.02,218
2025-07-04T00:00:00.000Z,3,40,4,4,13,9.837,131
2025-07-05T00:00:00.000Z,3,5,4,4,4,0.28,62
2025-07-06T00:00:00.000Z,3,109,4,4,9,21.75,131
2025-07-07T00:00:00.000Z,3,23,4,4,4,3.676,102
2025-07-08T00:00:00.000Z,3,80,4,4,8,17.051,135
2025-07-09T00:00:00.000Z,3,7,4,4,4,0.479,98
2025-07-10T00:00:00.000Z,3,17,4,4,4,2.975,109
2025-07-11T00:00:00.000Z,4,26,4,4,4,5.021,108
2025-07-12T00:00:00.000Z,3,150,5,4,76.5,50.156,160
2025-07-13T00:00:00.000Z,4,37,4,4,9.5,9.107,124
2025-07-14T00:00:00.000Z,4,21,4,4,4,4.186,104
2025-07-15T00:00:00.000Z,3,5,4,4,4,0.237,87
2025-07-16T00:00:00.000Z,3,85,4,4,4,12.826,105
2025-07-17T00:00:00.000Z,3,98,4,4,13,17.366,100
2025-07-18T00:00:00.000Z,4,32,4,4,4,7.244,99
2025-07-19T00:00:00.000Z,4,5,4,4,4,0.278,83
2025-07-20T00:00:00.000Z,4,9,4,4,4.5,1.043,100
2025-07-21T00:00:00.000Z,3,5,4,4,4,0.369,85
2025-07-22T00:00:00.000Z,4,46,5,4,14,11.426,135
2025-07-23T00:00:00.000Z,3,57,4,4,7,11.23,127
2025-07-24T00:00:00.000Z,4,8,4,4,4,0.664,95
2025-07-25T00:00:00.000Z,4,62,4,4,6,15.276,113
2025-07-26T00:00:00.000Z,3,5,4,4,4,0.267,97
2025-07-27T00:00:00.000Z,3,5,4,4,4,0.253,93
2025-07-28T00:00:00.000Z,4,25,4,4,4,4.998,113
2025-07-29T00:00:00.000Z,4,312,4,4,32,52.623,144
2025-07-30T00:00:00.000Z,4,13,4,4,4,1.155,98
2025-07-31T00:00:00.000Z,3,39,4,4,4,6.289,111
2025-08-01T00:00:00.000Z,3,5,4,4,4,0.358,98
2025-08-02T00:00:00.000Z,3,6,4,4,4,0.38,101
2025-08-03T00:00:00.000Z,3,80,4,4,36,25.655,130
2025-08-04T00:00:00.000Z,4,24,4,4,5,5.165,97
2025-08-05T00:00:00.000Z,3,120,4,4,16,24.013,133
2025-08-06T00:00:00.000Z,3,9,4,4,4,0.845,105
2025-08-07T00:00:00.000Z,3,5,4,4,4,0.31,97
2025-08-08T00:00:00.000Z,4,6,4,4,4,0.389,97
2025-08-09T00:00:00.000Z,4,5,4,4,4,0.353,96
2025-08-10T00:00:00.000Z,3,5,4,4,4,0.268,94
2025-08-11T00:00:00.000Z,3,9,4,4,4,0.85,87
2025-08-12T00:00:00.000Z,4,10,4,4,4,1.18,98
2025-08-13T00:00:00.000Z,3,5,4,4,4,0.411,104
2025-08-14T00:00:00.000Z,4,7,4,4,4,0.54,100
2025-08-15T00:00:00.000Z,4,60,4,4,22,15.619,133
2025-08-16T00:00:00.000Z,3,5,4,4,4,0.292,89
2025-08-17T00:00:00.000Z,4,93,4,4,14,25.639,131
2025-08-18T00:00:00.000Z,4,5,4,4,4,0.324,84
2025-08-19T00:00:00.000Z,4,4,4,4,4,0,11