date, pm25, so2
2025/8/1, 47, 
2025/8/2, 41, 
2025/8/3, 60, 
2025/8/4, 27, 
2025/8/5, 22, 
2025/8/6, 34, 
2025/8/7, 30, 
2025/8/8, 42, 
2025/8/9, 47, 
2025/8/10, 55, 
2025/8/11, 37, 
2025/8/12, 30, 
2025/8/13, 11, 
2025/8/14, 45, 
2025/8/15, 25, 
2025/8/16, 18, 
2025/8/17, 38, 
2025/8/18, 26, 
2025/8/19, 44, 
2025/7/1, 41, 
2025/7/2, 2, 
2025/7/3, 39, 
2025/7/4, 65, 
2025/7/5, 53, 
2025/7/6, 43, 
2025/7/7, 50, 
2025/7/8, 37, 
2025/7/9, 16, 
2025/7/10, 9, 
2025/7/11, 7, 
2025/7/12, 61, 
2025/7/13, 31, 
2025/7/14, 23, 
2025/7/15, 43, 
2025/7/16, 43, 
2025/7/17, 53, 
2025/7/18, 48, 
2025/7/19, 34, 
2025/7/20, 54, 
2025/7/21, 29, 
2025/7/22, 6, 
2025/7/23, 22, 
2025/7/24, 46, 
2025/7/25, 25, 
2025/7/26, 5, 
2025/7/27, 3, 
2025/7/28, 9, 
2025/7/29, 38, 
2025/7/30, 27, 
2025/7/31, 33, 
2025/4/1, 3, 
2025/4/2, 29, 
2025/4/3, 57, 
2025/4/4, 39, 
2025/4/5, 8, 
2025/4/6, 17, 
2025/4/7, 7, 
2025/4/8, 36, 
2025/4/9, 71, 
2025/4/10, 63, 
2025/4/11, 65, 
2025/4/12, 65, 
2025/4/13, 64, 
2025/4/14, 49, 
2025/4/15, 26, 
2025/4/16, 31, 
2025/4/17, 34, 
2025/4/18, 45, 
2025/4/19, 46, 
2025/4/20, 27, 
2025/4/21, 13, 
2025/4/22, 8, 
2025/4/23, 10, 
2025/4/24, 25, 
2025/4/25, 37, 
2025/4/26, 25, 
2025/4/27, 34, 
2025/4/28, 21, 
2025/4/29, 24, 
2025/4/30, 6, 
2025/5/1, 19, 
2025/5/2, 48, 
2025/5/3, 64, 
2025/5/4, 61, 
2025/5/5, 40, 
2025/5/6, 33, 
2025/5/7, 8, 
2025/5/8, 14, 
2025/5/9, 30, 
2025/5/10, 137, 
2025/5/12, 26, 
2025/5/13, 39, 
2025/5/14, 44, 
2025/5/15, 52, 
2025/5/16, 55, 
2025/5/17, 32, 
2025/5/18, 13, 
2025/5/19, 28, 
2025/5/20, 41, 
2025/5/21, 36, 
2025/5/22, 47, 
2025/5/23, 14, 
2025/5/24, 31, 
2025/5/25, 37, 
2025/5/26, 25, 
2025/5/27, 27, 
2025/5/28, 5, 
2025/5/29, 51, 
2025/5/31, 106, 
2025/6/1, 86, 
2025/6/2, 83, 
2025/6/3, 45, 
2025/6/4, 24, 
2025/6/5, 52, 
2025/6/6, 26, 
2025/6/7, 9, 
2025/6/8, 8, 
2025/6/9, 32, 
2025/6/10, 33, 
2025/6/11, 34, 
2025/6/12, 81, 
2025/6/13, 64, 
2025/6/14, 74, 
2025/6/15, 43, 
2025/6/16, 27, 
2025/6/17, 22, 
2025/6/18, 59, 
2025/6/19, 51, 
2025/6/20, 62, 
2025/6/21, 56, 
2025/6/22, 60, 
2025/6/23, 21, 
2025/6/24, 10, 
2025/6/25, 5, 
2025/6/26, 18, 
2025/6/27, 49, 
2025/6/28, 60, 
2025/6/29, 58, 
2025/6/30, 52, 
2025/1/1, 7, 
2025/1/2, 6, 
2025/1/3, 11, 
2025/1/4, 14, 
2025/1/5, 7, 
2025/1/6, 6, 
2025/1/7, 11, 
2025/1/8, 7, 
2025/1/9, 7, 
2025/1/10, 13, 
2025/1/11, 6, 
2025/1/12, 8, 
2025/1/13, 13, 
2025/1/15, 14, 
2025/1/16, 8, 
2025/1/17, 8, 
2025/1/18, 7, 
2025/1/19, 8, 
2025/1/20, 12, 
2025/1/21, 14, 
2025/1/22, 15, 
2025/1/23, 14, 
2025/1/24, 11, 
2025/1/25, 10, 
2025/1/26, 8, 
2025/1/27, 12, 
2025/1/28, 14, 
2025/1/29, 11, 
2025/1/30, 17, 
2025/1/31, 21, 
2025/2/1, 19, 
2025/2/2, 14, 
2025/2/3, 14, 
2025/2/4, 17, 
2025/2/5, 30, 
2025/2/6, 22, 
2025/2/7, 24, 
2025/2/8, 43, 
2025/2/9, 19, 
2025/2/10, 5, 
2025/2/11, 4, 
2025/2/12, 7, 
2025/2/13, 9, 
2025/2/14, 12, 
2025/2/15, 5, 
2025/2/16, 4, 
2025/2/17, 9, 
2025/2/18, 9, 
2025/2/19, 6, 
2025/2/20, 8, 
2025/2/21, 18, 
2025/2/22, 16, 
2025/2/23, 13, 
2025/2/24, 10, 
2025/2/25, 20, 
2025/2/26, 23, 
2025/2/27, 15, 
2025/2/28, 8, 
2025/3/1, 8, 
2025/3/2, 39, 
2025/3/3, 43, 
2025/3/4, 33, 
2025/3/5, 12, 
2025/3/6, 35, 
2025/3/7, 40, 
2025/3/8, 7, 
2025/3/9, 12, 
2025/3/10, 10, 
2025/3/11, 28, 
2025/3/12, 18, 
2025/3/13, 22, 
2025/3/14, 20, 
2025/3/15, 21, 
2025/3/16, 14, 
2025/3/17, 6, 
2025/3/18, 10, 
2025/3/19, 13, 
2025/3/20, 10, 
2025/3/21, 9, 
2025/3/22, 16, 
2025/3/23, 23, 
2025/3/24, 27, 
2025/3/25, 20, 
2025/3/26, 23, 
2025/3/27, 29, 
2025/3/28, 34, 
2025/3/29, 35, 
2025/3/30, 13, 
2025/3/31, 2, 
2024/10/1, 14, 
2024/10/2, 15, 
2024/10/3, 20, 
2024/10/4, 12, 
2024/10/5, 9, 
2024/10/6, 8, 
2024/10/7, 15, 
2024/10/8, 4, 
2024/10/9, 6, 
2024/10/10, 11, 
2024/10/11, 9, 
2024/10/12, 6, 
2024/10/13, 12, 
2024/10/14, 9, 
2024/10/15, 10, 
2024/10/16, 5, 
2024/10/17, 9, 
2024/10/18, 8, 
2024/10/19, 3, 
2024/10/20, 7, 
2024/10/21, 16, 
2024/10/22, 15, 
2024/10/23, 10, 
2024/10/24, 3, 
2024/10/25, 1, 
2024/10/26, 5, 
2024/10/27, 7, 
2024/10/28, 4, 
2024/10/29, 2, 
2024/10/30, 6, 
2024/10/31, 5, 
2024/11/1, 3, 
2024/11/2, 7, 
2024/11/3, 8, 
2024/11/12, 11, 
2024/11/13, 12, 
2024/11/14, 6, 
2024/11/15, 7, 
2024/11/16, 12, 
2024/11/17, 7, 
2024/11/18, 2, 
2024/11/19, 4, 
2024/11/20, 8, 
2024/11/21, 10, 
2024/11/22, 11, 
2024/11/23, 12, 
2024/11/24, 10, 
2024/11/25, 10, 
2024/11/26, 11, 
2024/11/27, 5, 
2024/11/28, 6, 
2024/11/29, 11, 
2024/11/30, 7, 
2024/12/1, 4, 
2024/12/2, 5, 
2024/12/3, 6, 
2024/12/4, 11, 
2024/12/5, 12, 
2024/12/6, 12, 
2024/12/7, 7, 
2024/12/8, 4, 
2024/12/9, 4, 
2024/12/10, 4, 
2024/12/11, 4, 
2024/12/12, 5, 
2024/12/13, 6, 
2024/12/14, 5, 
2024/12/15, 6, 
2024/12/16, 12, 
2024/12/17, 7, 
2024/12/18, 5, 
2024/12/19, 6, 
2024/12/20, 16, 
2024/12/21, 28, 
2024/12/22, 5, 
2024/12/23, 5, 
2024/12/24, 1, 
2024/12/25, 7, 
2024/12/26, 10, 
2024/12/27, 16, 
2024/12/28, 4, 
2024/12/29, 2, 
2024/7/1, 29, 
2024/7/2, 32, 
2024/7/3, 44, 
2024/7/4, 46, 
2024/7/5, 88, 
2024/7/6, 53, 
2024/7/7, 44, 
2024/7/8, 24, 
2024/7/9, 10, 
2024/7/10, 31, 
2024/7/11, 30, 
2024/7/12, 24, 
2024/7/13, 14, 
2024/7/14, 6, 
2024/7/15, 4, 
2024/7/16, 10, 
2024/7/17, 43, 
2024/7/18, 12, 
2024/7/19, 15, 
2024/7/20, 4, 
2024/7/21, 18, 
2024/7/22, 17, 
2024/7/23, 44, 
2024/7/24, 30, 
2024/7/25, 26, 
2024/7/26, 39, 
2024/7/27, 17, 
2024/7/28, 1, 
2024/7/29, 27, 
2024/7/30, 50, 
2024/7/31, 49, 
2024/8/1, 40, 
2024/8/2, 49, 
2024/8/3, 50, 
2024/8/4, 47, 
2024/8/5, 43, 
2024/8/6, 30, 
2024/8/7, 53, 
2024/8/8, 48, 
2024/8/9, 46, 
2024/8/10, 42, 
2024/8/11, 41, 
2024/8/12, 45, 
2024/8/13, 43, 
2024/8/14, 36, 
2024/8/15, 46, 
2024/8/16, 40, 
2024/8/17, 30, 
2024/8/18, 30, 
2024/8/19, 39, 
2024/8/20, 28, 
2024/8/21, 14, 
2024/8/22, 27, 
2024/8/23, 23, 
2024/8/24, 23, 
2024/8/25, 18, 
2024/8/26, 9, 
2024/8/27, 18, 
2024/8/28, 4, 
2024/8/29, 11, 
2024/8/30, 12, 
2024/8/31, 7, 
2024/9/1, 13, 
2024/9/2, 4, 
2024/9/3, 19, 
2024/9/4, 31, 
2024/9/5, 28, 
2024/9/6, 10, 
2024/9/7, 17, 
2024/9/8, 19, 
2024/9/9, 26, 
2024/9/10, 22, 
2024/9/11, 16, 
2024/9/12, 11, 
2024/9/13, 15, 
2024/9/14, 10, 
2024/9/15, 7, 
2024/9/16, 4, 
2024/9/17, 10, 
2024/9/18, 21, 
2024/9/19, 7, 
2024/9/20, 2, 
2024/9/21, 11, 
2024/9/22, 8, 
2024/9/23, 15, 
2024/9/24, 12, 
2024/9/25, 9, 
2024/9/26, 7, 
2024/9/27, 25, 
2024/9/28, 19, 
2024/9/29, 17, 
2024/9/30, 13, 
2024/4/1, 36, 
2024/4/2, 13, 
2024/4/3, 5, 
2024/4/4, 16, 
2024/4/5, 52, 
2024/4/6, 18, 
2024/4/7, 6, 
2024/4/8, 12, 
2024/4/9, 5, 
2024/4/10, 3, 
2024/4/11, 4, 
2024/4/12, 24, 
2024/4/13, 57, 
2024/4/14, 58, 
2024/4/15, 50, 
2024/4/16, 58, 
2024/4/17, 55, 
2024/4/18, 42, 
2024/4/19, 32, 
2024/4/20, 59, 
2024/4/21, 59, 
2024/4/22, 98, 
2024/4/23, 81, 
2024/4/24, 11, 
2024/4/25, 11, 
2024/4/26, 30, 
2024/4/27, 61, 
2024/4/28, 67, 
2024/4/29, 37, 
2024/4/30, 20, 
2024/5/1, 35, 
2024/5/2, 44, 
2024/5/3, 66, 
2024/5/4, 65, 
2024/5/5, 90, 
2024/5/6, 28, 
2024/5/7, 62, 
2024/5/8, 56, 
2024/5/9, 28, 
2024/5/10, 12, 
2024/5/11, 16, 
2024/5/12, 18, 
2024/5/13, 34, 
2024/5/14, 34, 
2024/5/15, 44, 
2024/5/16, 49, 
2024/5/17, 29, 
2024/5/18, 13, 
2024/5/19, 34, 
2024/5/20, 27, 
2024/5/21, 49, 
2024/5/22, 51, 
2024/5/23, 59, 
2024/5/24, 60, 
2024/5/25, 57, 
2024/5/26, 62, 
2024/5/27, 64, 
2024/5/28, 67, 
2024/5/29, 61, 
2024/5/30, 40, 
2024/5/31, 21, 
2024/6/1, 17, 
2024/6/2, 16, 
2024/6/3, 23, 
2024/6/4, 20, 
2024/6/5, 37, 
2024/6/6, 46, 
2024/6/7, 33, 
2024/6/8, 36, 
2024/6/9, 67, 
2024/6/10, 44, 
2024/6/11, 23, 
2024/6/12, 7, 
2024/6/13, 31, 
2024/6/14, 27, 
2024/6/15, 30, 
2024/6/16, 22, 
2024/6/17, 31, 
2024/6/18, 50, 
2024/6/19, 51, 
2024/6/20, 40, 
2024/6/21, 41, 
2024/6/22, 47, 
2024/6/23, 60, 
2024/6/24, 45, 
2024/6/25, 52, 
2024/6/26, 64, 
2024/6/27, 30, 
2024/6/28, 32, 
2024/6/29, 40, 
2024/6/30, 10, 
2024/1/1, 14, 
2024/1/2, 18, 
2024/1/3, 12, 
2024/1/4, 22, 
2024/1/5, 12, 
2024/1/6, 10, 
2024/1/7, 14, 
2024/1/8, 5, 
2024/1/9, 3, 
2024/1/10, 11, 
2024/1/11, 16, 
2024/1/12, 19, 
2024/1/13, 26, 
2024/1/14, 20, 
2024/1/15, 8, 
2024/1/16, 5, 
2024/1/17, 7, 
2024/1/18, 7, 
2024/1/19, 7, 
2024/1/20, 12, 
2024/1/21, 11, 
2024/1/22, 6, 
2024/1/23, 17, 
2024/1/24, 14, 
2024/1/25, 17, 
2024/1/26, 8, 
2024/1/27, 9, 
2024/1/28, 7, 
2024/1/29, 12, 
2024/1/30, 14, 
2024/1/31, 19, 
2024/2/1, 11, 
2024/2/2, 10, 
2024/2/3, 10, 
2024/2/4, 10, 
2024/2/5, 10, 
2024/2/6, 10, 
2024/2/7, 16, 
2024/2/8, 16, 
2024/2/9, 20, 
2024/2/10, 19, 
2024/2/11, 6, 
2024/2/12, 15, 
2024/2/13, 13, 
2024/2/14, 11, 
2024/2/15, 14, 
2024/2/16, 23, 
2024/2/17, 23, 
2024/2/18, 26, 
2024/2/19, 13, 
2024/2/20, 12, 
2024/2/21, 12, 
2024/2/22, 14, 
2024/2/23, 29, 
2024/2/24, 14, 
2024/2/25, 17, 
2024/2/26, 25, 
2024/2/27, 19, 
2024/2/28, 26, 
2024/2/29, 24, 
2024/3/1, 17, 
2024/3/2, 10, 
2024/3/3, 10, 
2024/3/4, 12, 
2024/3/5, 16, 
2024/3/6, 25, 
2024/3/7, 19, 
2024/3/8, 29, 
2024/3/9, 25, 
2024/3/10, 24, 
2024/3/11, 25, 
2024/3/12, 19, 
2024/3/13, 19, 
2024/3/14, 26, 
2024/3/15, 7, 
2024/3/16, 7, 
2024/3/17, 10, 
2024/3/18, 19, 
2024/3/19, 31, 
2024/3/20, 6, 
2024/3/21, 7, 
2024/3/22, 13, 
2024/3/23, 20, 
2024/3/24, 23, 
2024/3/25, 106, 
2024/3/26, 10, 
2024/3/27, 92, 
2024/3/30, 43, 
2024/3/31, 52, 
2023/10/1, 24, 
2023/10/2, 36, 
2023/10/3, 17, 
2023/10/4, 3, 
2023/10/5, 9, 
2023/10/6, 5, 
2023/10/7, 18, 
2023/10/8, 20, 
2023/10/9, 18, 
2023/10/10, 18, 
2023/10/11, 20, 
2023/10/12, 15, 
2023/10/13, 14, 
2023/10/14, 14, 
2023/10/15, 22, 
2023/10/16, 4, 
2023/10/17, 13, 
2023/10/18, 16, 
2023/10/19, 15, 
2023/10/20, 19, 
2023/10/21, 21, 
2023/10/22, 5, 
2023/10/23, 10, 
2023/10/24, 14, 
2023/10/25, 8, 
2023/10/26, 6, 
2023/10/27, 16, 
2023/10/28, 18, 
2023/10/29, 15, 
2023/10/30, 10, 
2023/10/31, 9, 
2023/11/1, 6, 
2023/11/2, 13, 
2023/11/3, 16, 
2023/11/4, 20, 
2023/11/7, 20, 
2023/11/8, 20, 
2023/11/9, 10, 
2023/11/10, 18, 
2023/11/11, 27, 
2023/11/12, 13, 
2023/11/13, 5, 
2023/11/14, 12, 
2023/11/15, 16, 
2023/11/16, 10, 
2023/11/17, 3, 
2023/11/18, 9, 
2023/11/20, 17, 
2023/11/21, 14, 
2023/11/22, 26, 
2023/11/23, 31, 
2023/11/24, 7, 
2023/11/25, 8, 
2023/11/26, 12, 
2023/11/27, 13, 
2023/11/28, 14, 
2023/11/29, 5, 
2023/11/30, 1, 
2023/12/1, 2, 
2023/12/2, 6, 
2023/12/3, 3, 
2023/12/4, 7, 
2023/12/5, 12, 
2023/12/6, 8, 
2023/12/7, 11, 
2023/12/8, 15, 
2023/12/9, 20, 
2023/12/10, 21, 
2023/12/11, 29, 
2023/12/12, 31, 
2023/12/13, 36, 
2023/12/14, 9, 
2023/12/15, 6, 
2023/12/16, 6, 
2023/12/17, 9, 
2023/12/18, 15, 
2023/12/19, 10, 
2023/12/20, 9, 
2023/12/21, 4, 
2023/12/22, 7, 
2023/12/23, 10, 
2023/12/24, 10, 
2023/12/25, 8, 
2023/12/26, 17, 
2023/12/27, 25, 
2023/12/28, 16, 
2023/12/29, 8, 
2023/12/30, 8, 
2023/12/31, 11, 
2023/7/1, 8, 
2023/7/2, 49, 
2023/7/3, 56, 
2023/7/4, 31, 
2023/7/5, 24, 
2023/7/6, 44, 
2023/7/7, 13, 
2023/7/8, 16, 
2023/7/9, 18, 
2023/7/10, 18, 
2023/7/11, 52, 
2023/7/12, 124, 
2023/7/17, 61, 
2023/7/18, 46, 
2023/7/19, 47, 
2023/7/20, 37, 
2023/7/21, 32, 
2023/7/22, 54, 
2023/7/23, 61, 
2023/7/24, 75, 
2023/7/25, 62, 
2023/7/26, 60, 
2023/7/27, 48, 
2023/7/28, 39, 
2023/7/29, 47, 
2023/7/30, 27, 
2023/7/31, 16, 
2023/8/1, 23, 
2023/8/2, 51, 
2023/8/3, 60, 
2023/8/4, 69, 
2023/8/5, 12, 
2023/8/6, 49, 
2023/8/7, 54, 
2023/8/8, 62, 
2023/8/9, 52, 
2023/8/10, 37, 
2023/8/11, 53, 
2023/8/12, 44, 
2023/8/13, 27, 
2023/8/14, 27, 
2023/8/15, 46, 
2023/8/16, 53, 
2023/8/17, 47, 
2023/8/18, 24, 
2023/8/21, 34, 
2023/8/22, 38, 
2023/8/23, 40, 
2023/8/24, 56, 
2023/8/25, 49, 
2023/8/26, 56, 
2023/8/27, 47, 
2023/8/28, 39, 
2023/8/29, 42, 
2023/8/30, 53, 
2023/8/31, 10, 
2023/9/1, 24, 
2023/9/2, 53, 
2023/9/3, 35, 
2023/9/4, 27, 
2023/9/5, 18, 
2023/9/6, 33, 
2023/9/7, 21, 
2023/9/8, 8, 
2023/9/9, 24, 
2023/9/10, 20, 
2023/9/11, 31, 
2023/9/12, 34, 
2023/9/13, 31, 
2023/9/14, 28, 
2023/9/15, 29, 
2023/9/16, 29, 
2023/9/17, 25, 
2023/9/18, 25, 
2023/9/19, 35, 
2023/9/20, 12, 
2023/9/21, 9, 
2023/9/22, 24, 
2023/9/23, 27, 
2023/9/24, 30, 
2023/9/25, 28, 
2023/9/26, 26, 
2023/9/27, 30, 
2023/9/28, 28, 
2023/9/29, 22, 
2023/9/30, 21, 
2023/4/1, 10, 
2023/4/2, 20, 
2023/4/3, 25, 
2023/4/4, 23, 
2023/4/5, 56, 
2023/4/6, 63, 
2023/4/7, 20, 
2023/4/8, 34, 
2023/4/11, 22, 
2023/4/12, 36, 
2023/4/13, 15, 
2023/4/14, 28, 
2023/4/15, 32, 
2023/4/16, 7, 
2023/4/17, 21, 
2023/4/18, 34, 
2023/4/19, 29, 
2023/4/20, 23, 
2023/4/21, 41, 
2023/4/22, 54, 
2023/4/23, 65, 
2023/4/24, 61, 
2023/4/25, 43, 
2023/4/26, 45, 
2023/4/27, 34, 
2023/4/28, 20, 
2023/4/29, 9, 
2023/4/30, 32, 
2023/5/1, 28, 
2023/5/2, 37, 
2023/5/3, 12, 
2023/5/4, 38, 
2023/5/5, 49, 
2023/5/6, 36, 
2023/5/7, 4, 
2023/5/8, 4, 
2023/5/9, 6, 
2023/5/10, 40, 
2023/5/11, 55, 
2023/5/12, 51, 
2023/5/13, 61, 
2023/5/14, 65, 
2023/5/15, 63, 
2023/5/16, 46, 
2023/5/17, 25, 
2023/5/18, 46, 
2023/5/19, 43, 
2023/5/20, 31, 
2023/5/21, 11, 
2023/5/22, 52, 
2023/5/23, 70, 
2023/5/24, 68, 
2023/5/25, 61, 
2023/5/26, 16, 
2023/5/27, 34, 
2023/5/28, 35, 
2023/5/29, 30, 
2023/5/30, 40, 
2023/5/31, 40, 
2023/6/1, 26, 
2023/6/2, 43, 
2023/6/3, 35, 
2023/6/4, 51, 
2023/6/5, 47, 
2023/6/6, 28, 
2023/6/7, 45, 
2023/6/8, 17, 
2023/6/9, 24, 
2023/6/14, 50, 
2023/6/15, 32, 
2023/6/16, 42, 
2023/6/17, 78, 
2023/6/18, 18, 
2023/6/19, 31, 
2023/6/20, 63, 
2023/6/21, 46, 
2023/6/22, 32, 
2023/6/23, 22, 
2023/6/24, 32, 
2023/6/25, 50, 
2023/6/26, 25, 
2023/6/27, 50, 
2023/6/28, 46, 
2023/6/29, 13, 
2023/6/30, 16, 
2023/1/2, 14, 
2023/1/3, 13, 
2023/1/4, 9, 
2023/1/5, 5, 
2023/1/6, 4, 
2023/1/7, 5, 
2023/1/8, 8, 
2023/1/9, 9, 
2023/1/10, 14, 
2023/1/11, 13, 
2023/1/12, 18, 
2023/1/13, 24, 
2023/1/14, 27, 
2023/1/15, 15, 
2023/1/16, 24, 
2023/1/17, 18, 
2023/1/18, 20, 
2023/1/19, 11, 
2023/1/20, 15, 
2023/1/21, 13, 
2023/1/22, 12, 
2023/1/23, 18, 
2023/1/24, 15, 
2023/1/25, 15, 
2023/1/26, 14, 
2023/1/27, 12, 
2023/1/28, 18, 
2023/1/29, 28, 
2023/1/30, 32, 
2023/1/31, 22, 
2023/2/1, 9, 
2023/2/2, 7, 
2023/2/3, 6, 
2023/2/4, 8, 
2023/2/5, 12, 
2023/2/6, 14, 
2023/2/7, 11, 
2023/2/8, 14, 
2023/2/9, 17, 
2023/2/10, 19, 
2023/2/11, 21, 
2023/3/2, 13, 
2023/3/3, 25, 
2023/3/4, 31, 
2023/3/5, 17, 
2023/3/6, 6, 
2023/3/7, 10, 
2023/3/8, 6, 
2023/3/9, 8, 
2023/3/10, 12, 
2023/3/11, 18, 
2023/3/12, 13, 
2023/3/13, 29, 
2023/3/14, 21, 
2023/3/15, 21, 
2023/3/16, 15, 
2023/3/17, 4, 
2023/3/18, 9, 
2023/3/19, 16, 
2023/3/20, 11, 
2023/3/21, 15, 
2023/3/22, 21, 
2023/3/23, 29, 
2023/3/24, 34, 
2023/3/25, 49, 
2023/3/26, 31, 
2023/3/27, 24, 
2023/3/28, 23, 
2023/3/29, 11, 
2023/3/30, 5, 
2023/3/31, 8, 
2022/10/1, 7, 
2022/10/2, 12, 
2022/10/3, 21, 
2022/10/4, 15, 
2022/10/5, 12, 
2022/10/6, 12, 
2022/10/7, 14, 
2022/10/8, 6, 
2022/10/9, 3, 
2022/10/10, 17, 
2022/10/11, 18, 
2022/10/12, 28, 
2022/10/13, 15, 
2022/10/14, 12, 
2022/10/15, 15, 
2022/10/16, 19, 
2022/10/17, 16, 
2022/10/18, 15, 
2022/10/19, 27, 
2022/10/20, 20, 
2022/10/21, 11, 
2022/10/22, 9, 
2022/10/23, 15, 
2022/10/24, 2, 
2022/10/25, 5, 
2022/10/26, 9, 
2022/10/27, 4, 
2022/10/28, 4, 
2022/10/29, 4, 
2022/10/30, 8, 
2022/10/31, 6, 
2022/11/1, 3, 
2022/11/2, 4, 
2022/11/3, 5, 
2022/11/4, 7, 
2022/11/5, 14, 
2022/11/6, 11, 
2022/11/7, 9, 
2022/11/8, 8, 
2022/11/9, 11, 
2022/11/10, 13, 
2022/11/11, 11, 
2022/11/12, 9, 
2022/11/13, 4, 
2022/11/14, 5, 
2022/11/15, 5, 
2022/11/16, 4, 
2022/11/17, 4, 
2022/11/18, 11, 
2022/11/23, 2, 
2022/11/24, 7, 
2022/11/25, 7, 
2022/11/26, 7, 
2022/11/27, 6, 
2022/11/28, 7, 
2022/11/29, 5, 
2022/11/30, 10, 
2022/12/1, 15, 
2022/12/2, 11, 
2022/12/3, 15, 
2022/12/4, 20, 
2022/12/5, 17, 
2022/12/6, 4, 
2022/12/7, 10, 
2022/12/8, 6, 
2022/12/9, 6, 
2022/12/10, 10, 
2022/12/11, 10, 
2022/12/12, 7, 
2022/12/13, 8, 
2022/12/14, 6, 
2022/12/15, 7, 
2022/12/16, 6, 
2022/12/17, 2, 
2022/12/18, 3, 
2022/12/19, 3, 
2022/12/20, 8, 
2022/12/21, 9, 
2022/12/22, 11, 
2022/12/23, 12, 
2022/12/24, 11, 
2022/12/25, 11, 
2022/12/26, 13, 
2022/12/27, 16, 
2022/12/28, 11, 
2022/12/29, 12, 
2022/12/30, 11, 
2022/12/31, 9, 
2023/1/1, 13, 
2022/7/1, 37, 
2022/7/2, 46, 
2022/7/3, 52, 
2022/7/4, 50, 
2022/7/5, 53, 
2022/7/6, 60, 
2022/7/7, 40, 
2022/7/8, 8, 
2022/7/9, 44, 
2022/7/10, 62, 
2022/7/11, 48, 
2022/7/12, 32, 
2022/7/13, 20, 
2022/7/14, 36, 
2022/7/15, 38, 
2022/7/16, 41, 
2022/7/17, 17, 
2022/7/18, 14, 
2022/7/19, 47, 
2022/7/20, 44, 
2022/7/21, 40, 
2022/7/22, 42, 
2022/7/23, 43, 
2022/7/24, 42, 
2022/7/25, 43, 
2022/7/26, 9, 
2022/7/27, 11, 
2022/7/28, 24, 
2022/7/29, 37, 
2022/7/30, 49, 
2022/7/31, 32, 
2022/8/1, 15, 
2022/8/2, 13, 
2022/8/3, 22, 
2022/8/4, 34, 
2022/8/5, 31, 
2022/8/6, 20, 
2022/8/7, 41, 
2022/8/8, 42, 
2022/8/9, 49, 
2022/8/10, 43, 
2022/8/11, 23, 
2022/8/12, 34, 
2022/8/13, 28, 
2022/8/14, 29, 
2022/8/15, 18, 
2022/8/16, 20, 
2022/8/17, 41, 
2022/8/18, 29, 
2022/8/19, 16, 
2022/8/20, 16, 
2022/8/21, 34, 
2022/8/22, 23, 
2022/8/23, 7, 
2022/8/24, 15, 
2022/8/25, 9, 
2022/8/26, 43, 
2022/8/27, 40, 
2022/8/28, 31, 
2022/8/29, 37, 
2022/8/30, 12, 
2022/8/31, 25, 
2022/9/1, 16, 
2022/9/2, 22, 
2022/9/3, 18, 
2022/9/4, 34, 
2022/9/5, 34, 
2022/9/6, 29, 
2022/9/7, 18, 
2022/9/8, 20, 
2022/9/9, 20, 
2022/9/10, 7, 
2022/9/11, 13, 
2022/9/12, 11, 
2022/9/13, 24, 
2022/9/14, 29, 
2022/9/15, 24, 
2022/9/16, 22, 
2022/9/17, 23, 
2022/9/18, 11, 
2022/9/19, 16, 
2022/9/20, 39, 
2022/9/21, 21, 
2022/9/22, 33, 
2022/9/23, 25, 
2022/9/24, 9, 
2022/9/25, 32, 
2022/9/26, 15, 
2022/9/27, 16, 
2022/9/28, 15, 
2022/9/29, 12, 
2022/9/30, 8, 
2022/4/1, 5, 
2022/4/2, 8, 
2022/4/3, 12, 
2022/4/4, 7, 
2022/4/5, 21, 
2022/4/6, 35, 
2022/4/7, 14, 
2022/4/8, 5, 
2022/4/9, 9, 
2022/4/10, 11, 
2022/4/11, 13, 
2022/4/12, 11, 
2022/4/13, 30, 
2022/4/14, 25, 
2022/4/15, 31, 
2022/4/16, 37, 
2022/4/17, 31, 
2022/4/18, 28, 
2022/4/19, 11, 
2022/4/20, 13, 
2022/4/21, 16, 
2022/4/22, 32, 
2022/4/23, 38, 
2022/4/24, 36, 
2022/4/25, 39, 
2022/4/26, 30, 
2022/4/27, 19, 
2022/4/28, 13, 
2022/4/29, 25, 
2022/4/30, 12, 
2022/5/1, 28, 
2022/5/2, 21, 
2022/5/3, 28, 
2022/5/4, 30, 
2022/5/5, 13, 
2022/5/6, 26, 
2022/5/7, 10, 
2022/5/8, 17, 
2022/5/9, 30, 
2022/5/10, 31, 
2022/5/11, 18, 
2022/5/12, 25, 
2022/5/13, 20, 
2022/5/14, 24, 
2022/5/15, 37, 
2022/5/16, 8, 
2022/5/17, 13, 
2022/5/18, 9, 
2022/5/25, 56, 
2022/5/26, 42, 
2022/5/27, 41, 
2022/5/28, 34, 
2022/5/29, 50, 
2022/5/30, 36, 
2022/5/31, 7, 
2022/6/1, 15, 
2022/6/2, 50, 
2022/6/3, 32, 
2022/6/4, 17, 
2022/6/5, 6, 
2022/6/8, 4, 
2022/6/9, 5, 
2022/6/10, 6, 
2022/6/11, 8, 
2022/6/12, 5, 
2022/6/13, 27, 
2022/6/14, 37, 
2022/6/16, 15, 
2022/6/17, 33, 
2022/6/18, 54, 
2022/6/19, 62, 
2022/6/20, 29, 
2022/6/21, 33, 
2022/6/22, 43, 
2022/6/23, 35, 
2022/6/24, 59, 
2022/6/25, 53, 
2022/6/26, 64, 
2022/6/27, 16, 
2022/6/28, 55, 
2022/6/29, 43, 
2022/6/30, 29, 
2022/1/4, 9, 
2022/1/5, 6, 
2022/1/6, 3, 
2022/1/7, 3, 
2022/1/8, 9, 
2022/1/9, 13, 
2022/1/10, 16, 
2022/1/11, 11, 
2022/1/12, 5, 
2022/1/13, 2, 
2022/1/14, 4, 
2022/1/15, 6, 
2022/1/16, 10, 
2022/1/17, 6, 
2022/1/18, 6, 
2022/1/19, 5, 
2022/1/20, 1, 
2022/1/21, 3, 
2022/1/22, 3, 
2022/1/23, 4, 
2022/1/24, 5, 
2022/1/25, 8, 
2022/1/26, 14, 
2022/1/27, 8, 
2022/1/28, 7, 
2022/1/29, 8, 
2022/1/30, 6, 
2022/1/31, 8, 
2022/2/1, 11, 
2022/2/2, 4, 
2022/2/3, 2, 
2022/2/4, 1, 
2022/2/5, 1, 
2022/2/6, 5, 
2022/2/7, 5, 
2022/2/8, 4, 
2022/2/9, 6, 
2022/2/10, 10, 
2022/2/11, 10, 
2022/2/12, 6, 
2022/2/13, 3, 
2022/2/14, 6, 
2022/2/15, 13, 
2022/2/16, 20, 
2022/2/17, 17, 
2022/2/18, 10, 
2022/2/19, 16, 
2022/2/20, 17, 
2022/2/21, 7, 
2022/2/22, 18, 
2022/2/23, 9, 
2022/2/24, 11, 
2022/2/25, 24, 
2022/2/26, 5, 
2022/2/27, 12, 
2022/2/28, 12, 
2022/3/1, 10, 
2022/3/2, 6, 
2022/3/4, 10, 
2022/3/5, 9, 
2022/3/6, 7, 
2022/3/7, 2, 
2022/3/8, 6, 
2022/3/9, 4, 
2022/3/10, 7, 
2022/3/11, 10, 
2022/3/12, 18, 
2022/3/13, 18, 
2022/3/14, 18, 
2022/3/15, 19, 
2022/3/16, 10, 
2022/3/17, 16, 
2022/3/18, 16, 
2022/3/19, 11, 
2022/3/20, 23, 
2022/3/21, 31, 
2022/3/22, 44, 
2022/3/23, 10, 
2022/3/24, 12, 
2022/3/25, 32, 
2022/3/26, 33, 
2022/3/27, 18, 
2022/3/28, 19, 
2022/3/29, 31, 
2022/3/30, 66, 
2022/3/31, 8, 
2021/10/1, 11, 
2021/10/2, 15, 
2021/10/3, 30, 
2021/10/4, 11, 
2021/10/5, 19, 
2021/10/6, 21, 
2021/10/7, 7, 
2021/10/8, 15, 
2021/10/9, 16, 
2021/10/10, 5, 
2021/10/11, 8, 
2021/10/12, 9, 
2021/10/13, 6, 
2021/10/14, 4, 
2021/10/15, 7, 
2021/10/16, 4, 
2021/10/17, 11, 
2021/10/18, 11, 
2021/10/19, 4, 
2021/10/20, 9, 
2021/10/21, 10, 
2021/10/22, 11, 
2021/10/23, 12, 
2021/10/24, 5, 
2021/10/25, 4, 
2021/10/26, 11, 
2021/10/27, 11, 
2021/10/28, 10, 
2021/10/29, 5, 
2021/10/30, 6, 
2021/10/31, 10, 
2021/11/1, 16, 
2021/11/2, 16, 
2021/11/3, 10, 
2021/11/4, 10, 
2021/11/5, 5, 
2021/11/6, 7, 
2021/11/7, 8, 
2021/11/8, 8, 
2021/11/9, 10, 
2021/11/10, 6, 
2021/11/11, 6, 
2021/11/12, 3, 
2021/11/13, 4, 
2021/11/14, 7, 
2021/11/15, 5, 
2021/11/16, 7, 
2021/11/17, 30, 
2021/11/18, 9, 
2021/11/19, 13, 
2021/11/20, 9, 
2021/11/21, 8, 
2021/11/22, 14, 
2021/11/23, 5, 
2021/11/24, 3, 
2021/11/25, 2, 
2021/11/26, 1, 
2021/11/27, 2, 
2021/11/28, 3, 
2021/11/29, 4, 
2021/11/30, 4, 
2021/12/1, 4, 
2021/12/2, 6, 
2021/12/3, 5, 
2021/12/4, 3, 
2021/12/5, 3, 
2021/12/6, 2, 
2021/12/7, 4, 
2021/12/8, 4, 
2021/12/9, 2, 
2021/12/10, 1, 
2021/12/11, 5, 
2021/12/12, 2, 
2021/12/13, 3, 
2021/12/14, 6, 
2021/12/15, 4, 
2021/12/16, 4, 
2021/12/17, 4, 
2021/12/18, 6, 
2021/12/19, 3, 
2021/12/20, 2, 
2021/12/21, 2, 
2021/12/22, 3, 
2021/12/23, 4, 
2021/12/24, 4, 
2021/12/25, 4, 
2021/7/6, 34, 
2021/7/7, 34, 
2021/7/8, 38, 
2021/7/9, 25, 
2021/7/10, 70, 
2021/7/11, 61, 
2021/7/12, 33, 
2021/7/13, 37, 
2021/7/14, 112, 
2021/7/15, 7, 
2021/7/16, 3, 
2021/7/17, 2, 
2021/7/18, 3, 
2021/7/19, 5, 
2021/7/22, 38, 
2021/7/23, 19, 
2021/7/24, 25, 
2021/7/27, 5, 
2021/7/28, 6, 
2021/7/29, 22, 
2021/7/30, 34, 
2021/7/31, 19, 
2021/8/1, 20, 
2021/8/2, 35, 
2021/8/3, 15, 
2021/8/4, 4, 
2021/8/5, 6, 
2021/8/6, 12, 
2021/8/11, 8, 
2021/8/12, 25, 
2021/8/13, 35, 
2021/8/14, 47, 
2021/8/15, 40, 
2021/8/16, 4, 
2021/8/17, 2, 
2021/8/18, 36, 
2021/8/19, 38, 
2021/8/20, 6, 
2021/8/21, 3, 
2021/8/22, 1, 
2021/8/23, 1, 
2021/8/25, 1, 
2021/8/26, 1, 
2021/8/27, 1, 
2021/8/28, 2, 
2021/8/29, 1, 
2021/8/30, 2, 
2021/8/31, 2, 
2021/9/1, 1, 
2021/9/2, 1, 
2021/9/3, 1, 
2021/9/7, 1, 
2021/9/8, 1, 
2021/9/9, 1, 
2021/9/10, 1, 
2021/9/11, 1, 
2021/9/12, 1, 
2021/9/17, 16, 
2021/9/18, 6, 
2021/9/19, 9, 
2021/9/20, 8, 
2021/9/21, 5, 
2021/9/22, 19, 
2021/9/23, 33, 
2021/9/24, 23, 
2021/9/25, 5, 
2021/9/26, 22, 
2021/9/27, 23, 
2021/9/28, 26, 
2021/9/29, 13, 
2021/9/30, 15, 
2021/4/1, 25, 
2021/4/2, 61, 
2021/4/3, 58, 
2021/4/4, 48, 
2021/4/5, 36, 
2021/4/6, 36, 
2021/4/7, 44, 
2021/4/8, 55, 
2021/4/9, 26, 
2021/4/10, 8, 
2021/4/11, 4, 
2021/4/12, 18, 
2021/4/13, 43, 
2021/4/14, 20, 
2021/4/15, 22, 
2021/4/16, 15, 
2021/4/17, 54, 
2021/4/18, 38, 
2021/4/19, 43, 
2021/4/20, 23, 
2021/4/21, 6, 
2021/4/22, 26, 
2021/4/23, 31, 
2021/4/24, 35, 
2021/4/25, 40, 
2021/4/26, 26, 
2021/4/27, 42, 
2021/4/28, 62, 
2021/4/29, 71, 
2021/4/30, 65, 
2021/5/2, 64, 
2021/5/3, 25, 
2021/5/4, 20, 
2021/5/5, 7, 
2021/5/6, 20, 
2021/5/7, 28, 
2021/5/8, 46, 
2021/5/9, 41, 
2021/5/10, 23, 
2021/5/11, 8, 
2021/5/12, 27, 
2021/5/13, 26, 
2021/5/14, 6, 
2021/5/15, 4, 
2021/5/16, 25, 
2021/5/17, 21, 
2021/5/18, 37, 
2021/5/19, 37, 
2021/5/20, 37, 
2021/5/26, 85, 
2021/5/27, 41, 
2021/5/28, 23, 
2021/5/29, 52, 
2021/5/30, 73, 
2021/5/31, 61, 
2021/6/1, 51, 
2021/6/2, 41, 
2021/6/3, 21, 
2021/6/4, 26, 
2021/6/5, 36, 
2021/6/6, 31, 
2021/6/7, 11, 
2021/6/8, 18, 
2021/6/9, 14, 
2021/6/10, 24, 
2021/6/11, 54, 
2021/6/12, 32, 
2021/6/13, 34, 
2021/6/14, 48, 
2021/6/15, 22, 
2021/6/22, 23, 
2021/6/23, 20, 
2021/6/24, 9, 
2021/6/25, 9, 
2021/6/26, 11, 
2021/6/27, 112, 
2021/6/28, 48, 
2021/6/29, 53, 
2021/6/30, 35, 
2021/1/4, 18, 
2021/1/5, 8, 
2021/1/6, 4, 
2021/1/7, 6, 
2021/1/8, 7, 
2021/1/9, 5, 
2021/1/10, 11, 
2021/1/11, 11, 
2021/1/12, 7, 
2021/1/13, 11, 
2021/1/14, 9, 
2021/1/15, 8, 
2021/1/16, 4, 
2021/1/17, 7, 
2021/1/18, 8, 
2021/1/19, 6, 
2021/1/20, 11, 
2021/1/21, 14, 
2021/1/22, 14, 
2021/1/23, 9, 
2021/1/24, 11, 
2021/1/25, 14, 
2021/1/26, 10, 
2021/1/27, 26, 
2021/1/28, 10, 
2021/1/29, 4, 
2021/1/30, 9, 
2021/1/31, 15, 
2021/2/1, 20, 
2021/2/2, 7, 
2021/2/3, 11, 
2021/2/4, 12, 
2021/2/5, 6, 
2021/2/6, 4, 
2021/2/7, 5, 
2021/2/8, 7, 
2021/2/9, 6, 
2021/2/11, 1, 
2021/2/16, 11, 
2021/2/17, 9, 
2021/2/18, 8, 
2021/2/19, 7, 
2021/2/20, 7, 
2021/2/21, 11, 
2021/2/22, 9, 
2021/2/23, 8, 
2021/2/24, 11, 
2021/2/25, 15, 
2021/2/26, 6, 
2021/2/27, 15, 
2021/2/28, 10, 
2021/3/1, 15, 
2021/3/2, 5, 
2021/3/3, 5, 
2021/3/4, 5, 
2021/3/5, 10, 
2021/3/6, 10, 
2021/3/7, 14, 
2021/3/8, 11, 
2021/3/9, 5, 
2021/3/10, 10, 
2021/3/11, 16, 
2021/3/12, 20, 
2021/3/13, 14, 
2021/3/14, 3, 
2021/3/15, 4, 
2021/3/16, 13, 
2021/3/17, 21, 
2021/3/18, 60, 
2021/3/19, 79, 
2021/3/20, 60, 
2021/3/21, 5, 
2021/3/22, 5, 
2021/3/23, 4, 
2021/3/24, 8, 
2021/3/25, 4, 
2021/3/26, 8, 
2021/3/27, 11, 
2021/3/28, 9, 
2021/3/29, 8, 
2021/3/30, 15, 
2021/3/31, 15, 
2020/10/1, 18, 
2020/10/2, 27, 
2020/10/3, 24, 
2020/10/4, 23, 
2020/10/5, 12, 
2020/10/6, 12, 
2020/10/7, 22, 
2020/10/8, 8, 
2020/10/9, 6, 
2020/10/10, 29, 
2020/10/11, 21, 
2020/10/12, 12, 
2020/10/13, 14, 
2020/10/14, 15, 
2020/10/15, 19, 
2020/10/16, 10, 
2020/10/17, 8, 
2020/10/18, 6, 
2020/10/19, 7, 
2020/10/20, 12, 
2020/10/21, 12, 
2020/10/22, 13, 
2020/10/23, 14, 
2020/10/24, 7, 
2020/10/25, 3, 
2020/10/26, 2, 
2020/10/27, 3, 
2020/10/28, 5, 
2020/10/29, 5, 
2020/10/30, 7, 
2020/10/31, 5, 
2020/11/1, 7, 
2020/11/2, 12, 
2020/11/3, 15, 
2020/11/4, 17, 
2020/11/5, 5, 
2020/11/6, 10, 
2020/11/7, 9, 
2020/11/8, 10, 
2020/11/9, 13, 
2020/11/10, 15, 
2020/11/11, 16, 
2020/11/12, 13, 
2020/11/13, 3, 
2020/11/14, 7, 
2020/11/15, 9, 
2020/11/16, 8, 
2020/11/17, 9, 
2020/11/18, 13, 
2020/11/19, 16, 
2020/11/20, 21, 
2020/11/21, 16, 
2020/11/22, 17, 
2020/11/23, 12, 
2020/11/24, 6, 
2020/11/25, 12, 
2020/11/26, 14, 
2020/11/27, 18, 
2020/11/28, 20, 
2020/11/29, 8, 
2020/11/30, 7, 
2020/12/1, 13, 
2020/12/2, 8, 
2020/12/3, 9, 
2020/12/4, 9, 
2020/12/5, 8, 
2020/12/6, 7, 
2020/12/7, 4, 
2020/12/8, 6, 
2020/12/9, 9, 
2020/12/10, 9, 
2020/12/11, 7, 
2020/12/12, 6, 
2020/12/13, 2, 
2020/12/14, 6, 
2020/12/15, 10, 
2020/12/16, 11, 
2020/12/17, 12, 
2020/12/18, 8, 
2020/12/19, 4, 
2020/12/20, 6, 
2020/12/21, 7, 
2020/12/22, 5, 
2020/12/23, 4, 
2020/12/24, 7, 
2020/12/25, 7, 
2020/12/26, 12, 
2020/12/27, 9, 
2020/12/28, 7, 
2020/12/29, 9, 
2020/12/30, 9, 
2020/12/31, 11, 
2021/1/1, 19, 
2020/7/1, 36, 
2020/7/2, 18, 
2020/7/3, 27, 
2020/7/7, 45, 
2020/7/8, 38, 
2020/7/9, 57, 
2020/7/10, 48, 
2020/7/12, 41, 
2020/7/13, 30, 
2020/7/14, 37, 
2020/7/21, 43, 
2020/7/22, 38, 
2020/7/23, 64, 
2020/7/24, 48, 
2020/7/25, 37, 
2020/7/26, 37, 
2020/7/27, 22, 
2020/7/28, 12, 
2020/7/29, 45, 
2020/7/30, 46, 
2020/7/31, 48, 
2020/8/1, 60, 
2020/8/2, 61, 
2020/8/3, 47, 
2020/8/4, 13, 
2020/8/5, 7, 
2020/8/6, 53, 
2020/8/7, 33, 
2020/8/8, 18, 
2020/8/9, 29, 
2020/8/10, 72, 
2020/8/11, 44, 
2020/8/12, 36, 
2020/8/13, 34, 
2020/8/14, 10, 
2020/8/26, 10, 
2020/8/27, 6, 
2020/8/28, 42, 
2020/8/29, 54, 
2020/8/30, 36, 
2020/8/31, 10, 
2020/9/1, 49, 
2020/9/2, 31, 
2020/9/3, 23, 
2020/9/4, 40, 
2020/9/5, 39, 
2020/9/6, 37, 
2020/9/7, 28, 
2020/9/8, 36, 
2020/9/9, 18, 
2020/9/10, 13, 
2020/9/11, 26, 
2020/9/12, 19, 
2020/9/13, 14, 
2020/9/14, 17, 
2020/9/15, 29, 
2020/9/16, 24, 
2020/9/17, 39, 
2020/9/18, 35, 
2020/9/19, 20, 
2020/9/20, 12, 
2020/9/21, 18, 
2020/9/22, 18, 
2020/9/23, 13, 
2020/9/24, 11, 
2020/9/25, 10, 
2020/9/26, 4, 
2020/9/27, 11, 
2020/9/28, 30, 
2020/9/29, 22, 
2020/9/30, 19, 
2020/4/1, 27, 
2020/4/2, 7, 
2020/4/3, 5, 
2020/4/4, 4, 
2020/4/5, 5, 
2020/4/6, 3, 
2020/4/7, 13, 
2020/4/8, 17, 
2020/4/9, 15, 
2020/4/10, 8, 
2020/4/11, 6, 
2020/4/12, 10, 
2020/4/13, 36, 
2020/4/14, 43, 
2020/4/15, 31, 
2020/4/16, 20, 
2020/4/17, 15, 
2020/4/18, 20, 
2020/4/19, 37, 
2020/4/20, 28, 
2020/4/21, 36, 
2020/4/22, 47, 
2020/4/23, 36, 
2020/4/24, 35, 
2020/4/25, 38, 
2020/4/26, 27, 
2020/4/27, 41, 
2020/4/28, 37, 
2020/4/29, 16, 
2020/4/30, 3, 
2020/5/1, 6, 
2020/5/2, 7, 
2020/5/3, 19, 
2020/5/4, 32, 
2020/5/5, 40, 
2020/5/6, 26, 
2020/5/7, 24, 
2020/5/8, 36, 
2020/5/9, 48, 
2020/5/10, 24, 
2020/5/11, 45, 
2020/5/12, 47, 
2020/5/13, 34, 
2020/5/14, 38, 
2020/5/15, 52, 
2020/5/16, 47, 
2020/5/17, 46, 
2020/5/18, 33, 
2020/5/19, 34, 
2020/5/20, 26, 
2020/5/21, 25, 
2020/5/22, 19, 
2020/5/23, 34, 
2020/5/24, 35, 
2020/5/25, 27, 
2020/5/26, 39, 
2020/5/27, 48, 
2020/5/28, 43, 
2020/5/29, 53, 
2020/5/30, 34, 
2020/5/31, 29, 
2020/6/1, 21, 
2020/6/2, 3, 
2020/6/3, 17, 
2020/6/4, 50, 
2020/6/5, 62, 
2020/6/6, 47, 
2020/6/7, 49, 
2020/6/8, 62, 
2020/6/9, 51, 
2020/6/10, 42, 
2020/6/11, 59, 
2020/6/12, 59, 
2020/6/13, 54, 
2020/6/14, 11, 
2020/6/15, 16, 
2020/6/16, 15, 
2020/6/17, 50, 
2020/6/18, 40, 
2020/6/19, 49, 
2020/6/20, 13, 
2020/6/21, 30, 
2020/6/22, 26, 
2020/6/23, 14, 
2020/6/24, 35, 
2020/6/25, 30, 
2020/6/26, 43, 
2020/6/27, 51, 
2020/6/28, 54, 
2020/6/29, 46, 
2020/6/30, 51, 
2020/1/1, 21, 
2020/1/2, 18, 
2020/1/3, 275, 
2020/1/4, 237, 
2020/1/5, 234, 
2020/1/6, 532, 
2020/1/7, 459, 
2020/1/8, 196, 
2020/1/9, 191, 
2020/1/10, 104, 
2020/1/11, 9, 
2020/1/12, 142, 
2020/1/13, 212, 
2020/1/14, 361, 
2020/1/15, 327, 
2020/1/16, 74, 
2020/1/17, 114, 
2020/1/18, 131, 
2020/1/19, 68, 
2020/1/20, 29, 
2020/1/21, 14, 
2020/1/22, 26, 
2020/1/23, 30, 
2020/1/24, 8, 
2020/1/25, 7, 
2020/1/26, 9, 
2020/1/28, 8, 
2020/1/29, 6, 
2020/1/30, 39, 
2020/1/31, 50, 
2020/2/1, 69, 
2020/2/2, 4, 
2020/2/3, 5, 
2020/2/4, 27, 
2020/2/5, 53, 
2020/2/6, 85, 
2020/2/7, 126, 
2020/2/8, 43, 
2020/2/9, 12, 
2020/2/10, 3, 
2020/2/11, 7, 
2020/2/12, 32, 
2020/2/13, 18, 
2020/2/14, 9, 
2020/2/15, 6, 
2020/2/16, 5, 
2020/2/17, 6, 
2020/2/18, 11, 
2020/2/19, 7, 
2020/2/20, 2, 
2020/2/21, 3, 
2020/2/22, 15, 
2020/2/23, 10, 
2020/2/24, 6, 
2020/2/25, 7, 
2020/2/26, 7, 
2020/2/27, 5, 
2020/2/28, 2, 
2020/2/29, 3, 
2020/3/1, 5, 
2020/3/2, 4, 
2020/3/3, 2, 
2020/3/4, 12, 
2020/3/5, 3, 
2020/3/6, 16, 
2020/3/7, 9, 
2020/3/8, 9, 
2020/3/9, 4, 
2020/3/10, 5, 
2020/3/11, 5, 
2020/3/12, 4, 
2020/3/13, 3, 
2020/3/14, 2, 
2020/3/15, 4, 
2020/3/16, 7, 
2020/3/17, 2, 
2020/3/18, 11, 
2020/3/19, 11, 
2020/3/20, 14, 
2020/3/21, 11, 
2020/3/22, 16, 
2020/3/23, 14, 
2020/3/24, 26, 
2020/3/25, 38, 
2020/3/26, 14, 
2020/3/27, 30, 
2020/3/28, 44, 
2020/3/29, 25, 
2020/3/30, 20, 
2020/3/31, 18, 
2019/10/1, 34, 
2019/10/2, 31, 
2019/10/3, 27, 
2019/10/4, 27, 
2019/10/5, 25, 
2019/10/6, 29, 
2019/10/7, 14, 
2019/10/8, 6, 
2019/10/9, 6, 
2019/10/10, 16, 
2019/10/11, 31, 
2019/10/12, 17, 
2019/10/13, 15, 
2019/10/14, 15, 
2019/10/15, 16, 
2019/10/16, 21, 
2019/10/17, 18, 
2019/10/18, 11, 
2019/10/19, 15, 
2019/10/20, 15, 
2019/10/21, 21, 
2019/10/22, 15, 
2019/10/23, 22, 
2019/10/24, 21, 
2019/10/25, 21, 
2019/10/26, 19, 
2019/10/27, 12, 
2019/10/28, 9, 
2019/10/29, 7, 
2019/10/30, 9, 
2019/10/31, 16, 
2019/11/1, 28, 
2019/11/2, 53, 
2019/11/3, 13, 
2019/11/4, 7, 
2019/11/5, 1, 
2019/11/6, 4, 
2019/11/7, 15, 
2019/11/8, 7, 
2019/11/9, 1, 
2019/11/11, 4, 
2019/11/12, 8, 
2019/11/13, 10, 
2019/11/14, 6, 
2019/11/15, 5, 
2019/11/16, 9, 
2019/11/17, 12, 
2019/11/18, 8, 
2019/11/19, 12, 
2019/11/20, 17, 
2019/11/21, 74, 
2019/11/22, 79, 
2019/11/23, 16, 
2019/11/24, 16, 
2019/11/25, 17, 
2019/11/26, 21, 
2019/11/27, 13, 
2019/11/28, 13, 
2019/11/29, 15, 
2019/11/30, 15, 
2019/12/1, 6, 
2019/12/3, 7, 
2019/12/4, 10, 
2019/12/5, 10, 
2019/12/6, 11, 
2019/12/7, 14, 
2019/12/8, 11, 
2019/12/9, 48, 
2019/12/10, 90, 
2019/12/11, 29, 
2019/12/12, 32, 
2019/12/13, 11, 
2019/12/14, 7, 
2019/12/15, 7, 
2019/12/16, 9, 
2019/12/17, 64, 
2019/12/18, 155, 
2019/12/20, 126, 
2019/12/21, 179, 
2019/12/24, 115, 
2019/12/25, 142, 
2019/12/26, 100, 
2019/12/27, 91, 
2019/12/28, 93, 
2019/12/29, 56, 
2019/7/2, 49, 
2019/7/3, 30, 
2019/7/4, 49, 
2019/7/5, 49, 
2019/7/6, 40, 
2019/7/7, 41, 
2019/7/8, 16, 
2019/7/9, 29, 
2019/7/10, 32, 
2019/7/11, 13, 
2019/7/12, 14, 
2019/7/13, 6, 
2019/7/14, 11, 
2019/7/15, 9, 
2019/7/16, 8, 
2019/7/17, 9, 
2019/7/18, 10, 
2019/7/19, 27, 
2019/7/20, 32, 
2019/7/21, 32, 
2019/7/22, 47, 
2019/7/23, 58, 
2019/7/24, 20, 
2019/7/25, 26, 
2019/7/26, 37, 
2019/7/27, 47, 
2019/8/1, 38, 
2019/8/2, 52, 
2019/8/3, 35, 
2019/8/4, 24, 
2019/8/5, 34, 
2019/8/6, 39, 
2019/8/7, 39, 
2019/8/8, 12, 
2019/8/9, 4, 
2019/8/10, 1, 
2019/8/12, 7, 
2019/8/13, 17, 
2019/8/14, 20, 
2019/8/15, 43, 
2019/8/16, 33, 
2019/8/17, 13, 
2019/8/18, 33, 
2019/8/19, 8, 
2019/8/20, 10, 
2019/8/21, 11, 
2019/8/22, 12, 
2019/8/28, 51, 
2019/8/29, 15, 
2019/8/30, 40, 
2019/8/31, 53, 
2019/9/1, 43, 
2019/9/2, 44, 
2019/9/3, 34, 
2019/9/4, 58, 
2019/9/5, 45, 
2019/9/6, 25, 
2019/9/7, 10, 
2019/9/8, 8, 
2019/9/9, 13, 
2019/9/10, 17, 
2019/9/11, 50, 
2019/9/12, 51, 
2019/9/13, 42, 
2019/9/14, 54, 
2019/9/15, 52, 
2019/9/16, 28, 
2019/9/17, 17, 
2019/9/18, 36, 
2019/9/19, 28, 
2019/9/20, 30, 
2019/9/21, 35, 
2019/9/22, 16, 
2019/9/23, 21, 
2019/9/24, 24, 
2019/9/25, 34, 
2019/9/26, 43, 
2019/9/27, 33, 
2019/9/28, 13, 
2019/9/29, 34, 
2019/9/30, 12, 
2019/4/1, 5, 
2019/4/2, 9, 
2019/4/3, 7, 
2019/4/4, 10, 
2019/4/5, 13, 
2019/4/6, 10, 
2019/4/7, 12, 
2019/4/8, 11, 
2019/4/9, 10, 
2019/4/10, 5, 
2019/4/11, 17, 
2019/4/12, 24, 
2019/4/13, 53, 
2019/4/14, 50, 
2019/4/15, 51, 
2019/4/16, 31, 
2019/4/17, 34, 
2019/4/18, 26, 
2019/4/19, 26, 
2019/4/20, 37, 
2019/4/21, 37, 
2019/4/22, 11, 
2019/4/23, 13, 
2019/4/24, 19, 
2019/4/25, 29, 
2019/4/26, 18, 
2019/4/27, 10, 
2019/4/28, 45, 
2019/4/29, 17, 
2019/4/30, 52, 
2019/5/1, 39, 
2019/5/2, 8, 
2019/5/3, 9, 
2019/5/4, 31, 
2019/5/5, 17, 
2019/5/6, 37, 
2019/5/7, 48, 
2019/5/8, 18, 
2019/5/9, 13, 
2019/5/10, 12, 
2019/5/11, 2, 
2019/5/12, 9, 
2019/5/13, 52, 
2019/5/14, 44, 
2019/5/15, 56, 
2019/5/16, 53, 
2019/5/17, 59, 
2019/5/18, 60, 
2019/5/19, 62, 
2019/5/20, 63, 
2019/5/21, 60, 
2019/5/22, 56, 
2019/5/23, 47, 
2019/5/24, 43, 
2019/5/25, 31, 
2019/5/26, 24, 
2019/5/27, 4, 
2019/5/28, 4, 
2019/5/29, 4, 
2019/5/30, 3, 
2019/5/31, 16, 
2019/6/1, 42, 
2019/6/2, 71, 
2019/6/3, 22, 
2019/6/4, 6, 
2019/6/5, 21, 
2019/6/6, 25, 
2019/6/7, 42, 
2019/6/8, 53, 
2019/6/9, 81, 
2019/6/10, 47, 
2019/6/11, 67, 
2019/6/12, 49, 
2019/6/13, 26, 
2019/6/14, 34, 
2019/6/15, 44, 
2019/6/16, 53, 
2019/6/17, 58, 
2019/6/18, 65, 
2019/6/19, 25, 
2019/6/20, 46, 
2019/6/21, 52, 
2019/6/22, 46, 
2019/6/23, 77, 
2019/6/24, 68, 
2019/6/25, 61, 
2019/6/26, 65, 
2019/6/27, 64, 
2019/1/1, 12, 
2019/1/2, 18, 
2019/1/3, 19, 
2019/1/4, 17, 
2019/1/5, 27, 
2019/1/6, 10, 
2019/1/7, 11, 
2019/1/8, 16, 
2019/1/9, 15, 
2019/1/10, 10, 
2019/1/11, 11, 
2019/1/12, 11, 
2019/1/13, 18, 
2019/1/14, 27, 
2019/1/15, 30, 
2019/1/16, 26, 
2019/1/17, 28, 
2019/1/18, 19, 
2019/1/19, 17, 
2019/1/20, 15, 
2019/1/21, 14, 
2019/1/22, 16, 
2019/1/23, 21, 
2019/1/24, 19, 
2019/1/25, 29, 
2019/1/26, 35, 
2019/1/27, 12, 
2019/1/28, 13, 
2019/1/29, 15, 
2019/1/30, 14, 
2019/1/31, 11, 
2019/2/1, 17, 
2019/2/2, 12, 
2019/2/3, 8, 
2019/2/4, 11, 
2019/2/5, 50, 
2019/2/6, 17, 
2019/2/7, 11, 
2019/2/8, 9, 
2019/2/9, 6, 
2019/2/10, 1, 
2019/2/11, 3, 
2019/2/12, 4, 
2019/2/13, 1, 
2019/2/15, 2, 
2019/2/16, 7, 
2019/2/17, 8, 
2019/2/18, 8, 
2019/2/19, 9, 
2019/2/20, 5, 
2019/2/21, 10, 
2019/2/22, 16, 
2019/2/23, 24, 
2019/2/24, 21, 
2019/2/25, 20, 
2019/2/26, 26, 
2019/2/27, 29, 
2019/2/28, 32, 
2019/3/1, 33, 
2019/3/2, 29, 
2019/3/3, 20, 
2019/3/4, 22, 
2019/3/5, 15, 
2019/3/6, 11, 
2019/3/7, 47, 
2019/3/8, 106, 
2019/3/9, 58, 
2019/3/10, 87, 
2019/3/11, 52, 
2019/3/12, 11, 
2019/3/13, 44, 
2019/3/14, 139, 
2019/3/15, 151, 
2019/3/16, 169, 
2019/3/17, 76, 
2019/3/18, 145, 
2019/3/19, 91, 
2019/3/20, 86, 
2019/3/22, 57, 
2019/3/23, 27, 
2019/3/24, 7, 
2019/3/25, 4, 
2019/3/26, 8, 
2019/3/27, 16, 
2019/3/28, 11, 
2019/3/29, 14, 
2019/3/30, 5, 
2018/7/1, 47, 
2018/7/2, 67, 
2018/7/3, 58, 
2018/7/4, 62, 
2018/7/5, 52, 
2018/7/6, 20, 
2018/7/7, 20, 
2018/7/8, 19, 
2018/7/9, 17, 
2018/7/10, 53, 
2018/7/11, 65, 
2018/7/12, 109, 
2018/7/25, 41, 
2018/7/26, 51, 
2018/7/27, 54, 
2018/7/28, 53, 
2018/7/29, 30, 
2018/7/30, 13, 
2018/7/31, 26, 
2018/8/1, 28, 
2018/8/2, 51, 
2018/8/3, 34, 
2018/8/4, 20, 
2018/8/5, 15, 
2018/8/6, 11, 
2018/8/7, 11, 
2018/8/8, 17, 
2018/8/9, 32, 
2018/8/10, 43, 
2018/8/11, 15, 
2018/8/12, 4, 
2018/8/13, 7, 
2018/8/14, 15, 
2018/8/15, 36, 
2018/8/16, 28, 
2018/8/17, 42, 
2018/8/18, 49, 
2018/8/19, 5, 
2018/8/20, 8, 
2018/8/21, 8, 
2018/8/22, 27, 
2018/8/23, 34, 
2018/8/24, 54, 
2018/8/25, 54, 
2018/8/26, 58, 
2018/8/30, 47, 
2018/8/31, 32, 
2018/9/1, 19, 
2018/9/2, 9, 
2018/9/3, 32, 
2018/9/4, 55, 
2018/9/5, 47, 
2018/9/6, 17, 
2018/9/7, 11, 
2018/9/8, 31, 
2018/9/9, 47, 
2018/9/10, 42, 
2018/9/11, 47, 
2018/9/12, 25, 
2018/9/13, 44, 
2018/9/14, 33, 
2018/9/15, 33, 
2018/9/16, 12, 
2018/9/17, 37, 
2018/9/18, 32, 
2018/9/19, 19, 
2018/9/20, 24, 
2018/9/21, 27, 
2018/9/22, 27, 
2018/9/23, 31, 
2018/9/24, 17, 
2018/9/25, 33, 
2018/9/26, 23, 
2018/9/27, 31, 
2018/9/28, 28, 
2018/9/29, 10, 
2018/9/30, 17, 
2018/10/1, 23, 
2018/10/2, 25, 
2018/10/3, 26, 
2018/10/4, 22, 
2018/10/5, 15, 
2018/10/6, 23, 
2018/10/7, 21, 
2018/4/1, 23, 
2018/4/2, 22, 
2018/4/3, 22, 
2018/4/4, 35, 
2018/4/5, 46, 
2018/4/6, 57, 
2018/4/7, 45, 
2018/4/8, 39, 
2018/4/9, 43, 
2018/4/10, 41, 
2018/4/11, 45, 
2018/4/12, 48, 
2018/4/13, 40, 
2018/4/14, 42, 
2018/4/15, 33, 
2018/4/16, 21, 
2018/4/17, 26, 
2018/4/18, 38, 
2018/4/19, 47, 
2018/4/20, 51, 
2018/4/21, 57, 
2018/4/22, 61, 
2018/4/23, 51, 
2018/4/24, 60, 
2018/4/25, 66, 
2018/4/26, 46, 
2018/4/27, 32, 
2018/4/28, 55, 
2018/4/29, 59, 
2018/4/30, 62, 
2018/5/1, 77, 
2018/5/2, 83, 
2018/5/3, 65, 
2018/5/4, 19, 
2018/5/5, 26, 
2018/5/6, 47, 
2018/5/7, 58, 
2018/5/8, 58, 
2018/5/9, 113, 
2018/5/10, 53, 
2018/5/11, 22, 
2018/5/12, 34, 
2018/5/13, 16, 
2018/5/14, 38, 
2018/5/15, 51, 
2018/5/16, 28, 
2018/5/17, 42, 
2018/5/18, 27, 
2018/5/19, 52, 
2018/5/20, 44, 
2018/5/21, 20, 
2018/5/22, 12, 
2018/5/23, 21, 
2018/5/24, 50, 
2018/5/25, 46, 
2018/5/26, 65, 
2018/5/27, 69, 
2018/5/28, 65, 
2018/5/29, 49, 
2018/5/30, 36, 
2018/5/31, 12, 
2018/6/1, 28, 
2018/6/2, 56, 
2018/6/3, 76, 
2018/6/4, 63, 
2018/6/5, 71, 
2018/6/6, 74, 
2018/6/7, 70, 
2018/6/8, 64, 
2018/6/9, 53, 
2018/6/10, 61, 
2018/6/11, 60, 
2018/6/12, 41, 
2018/6/13, 32, 
2018/6/14, 34, 
2018/6/15, 34, 
2018/6/16, 33, 
2018/6/17, 33, 
2018/6/18, 38, 
2018/6/19, 43, 
2018/6/20, 62, 
2018/6/21, 70, 
2018/6/22, 67, 
2018/6/23, 77, 
2018/6/24, 62, 
2018/6/25, 62, 
2018/6/26, 64, 
2018/6/27, 57, 
2018/6/28, 50, 
2018/6/29, 59, 
2018/6/30, 55, 
2018/1/1, 13, 
2018/1/2, 12, 
2018/1/3, 10, 
2018/1/4, 12, 
2018/1/5, 13, 
2018/1/6, 12, 
2018/1/7, 15, 
2018/1/8, 24, 
2018/1/9, 21, 
2018/1/10, 15, 
2018/1/11, 18, 
2018/1/12, 21, 
2018/1/13, 13, 
2018/1/14, 3, 
2018/1/15, 5, 
2018/1/16, 12, 
2018/1/17, 16, 
2018/1/18, 15, 
2018/1/19, 13, 
2018/1/20, 13, 
2018/1/21, 19, 
2018/1/22, 18, 
2018/1/23, 19, 
2018/1/24, 16, 
2018/1/25, 19, 
2018/1/26, 15, 
2018/1/27, 17, 
2018/1/28, 20, 
2018/1/29, 23, 
2018/1/30, 12, 
2018/1/31, 3, 
2018/2/1, 4, 
2018/2/2, 10, 
2018/2/3, 13, 
2018/2/4, 53, 
2018/2/5, 70, 
2018/2/23, 8, 
2018/2/24, 7, 
2018/2/25, 5, 
2018/2/26, 3, 
2018/2/27, 2, 
2018/2/28, 10, 
2018/3/1, 11, 
2018/3/2, 13, 
2018/3/3, 25, 
2018/3/4, 15, 
2018/3/5, 15, 
2018/3/6, 19, 
2018/3/7, 9, 
2018/3/8, 11, 
2018/3/9, 9, 
2018/3/10, 12, 
2018/3/11, 15, 
2018/3/12, 16, 
2018/3/13, 14, 
2018/3/14, 14, 
2018/3/15, 21, 
2018/3/16, 17, 
2018/3/17, 13, 
2018/3/18, 9, 
2018/3/19, 11, 
2018/3/20, 12, 
2018/3/21, 5, 
2018/3/22, 5, 
2018/3/23, 4, 
2018/3/24, 4, 
2018/3/25, 1, 
2018/3/28, 5, 
2018/3/29, 19, 
2018/3/30, 23, 
2018/3/31, 21, 
2017/10/1, 35, 
2017/10/2, 33, 
2017/10/3, 36, 
2017/10/4, 24, 
2017/10/5, 25, 
2017/10/6, 18, 
2017/10/7, 21, 
2017/10/8, 22, 
2017/10/9, 27, 
2017/10/10, 23, 
2017/10/14, 5, 
2017/10/15, 20, 
2017/10/16, 28, 
2017/10/17, 15, 
2017/10/18, 16, 
2017/10/19, 20, 
2017/10/20, 14, 
2017/10/21, 16, 
2017/10/22, 7, 
2017/10/23, 4, 
2017/10/24, 12, 
2017/10/25, 11, 
2017/10/26, 6, 
2017/10/27, 7, 
2017/10/30, 15, 
2017/10/31, 15, 
2017/11/1, 25, 
2017/11/2, 22, 
2017/11/3, 22, 
2017/11/4, 22, 
2017/11/5, 20, 
2017/11/6, 26, 
2017/11/7, 22, 
2017/11/8, 24, 
2017/11/9, 27, 
2017/11/16, 15, 
2017/11/17, 4, 
2017/11/18, 8, 
2017/11/19, 8, 
2017/11/20, 11, 
2017/11/21, 16, 
2017/11/22, 18, 
2017/11/23, 20, 
2017/11/24, 19, 
2017/11/25, 16, 
2017/11/26, 15, 
2017/11/27, 5, 
2017/11/28, 15, 
2017/11/29, 19, 
2017/11/30, 20, 
2017/12/1, 16, 
2017/12/2, 4, 
2017/12/12, 13, 
2017/12/13, 15, 
2017/12/14, 14, 
2017/12/15, 13, 
2017/12/17, 14, 
2017/12/18, 15, 
2017/12/19, 17, 
2017/12/20, 11, 
2017/12/21, 8, 
2017/12/22, 11, 
2017/12/23, 14, 
2017/12/24, 14, 
2017/12/25, 15, 
2017/12/26, 14, 
2017/12/27, 14, 
2017/12/28, 18, 
2017/12/29, 17, 
2017/12/30, 10, 
2017/7/1, 76, 
2017/7/2, 81, 
2017/7/3, 65, 
2017/7/4, 35, 
2017/7/5, 31, 
2017/7/6, 60, 
2017/7/7, 49, 
2017/7/8, 59, 
2017/7/9, 32, 
2017/7/10, 61, 
2017/7/11, 59, 
2017/7/12, 66, 
2017/7/13, 59, 
2017/7/14, 52, 
2017/7/15, 76, 
2017/7/16, 75, 
2017/7/17, 53, 
2017/7/18, 34, 
2017/7/19, 13, 
2017/7/20, 13, 
2017/7/21, 46, 
2017/7/22, 64, 
2017/7/23, 56, 
2017/7/24, 32, 
2017/7/25, 43, 
2017/7/26, 25, 
2017/7/27, 52, 
2017/7/28, 31, 
2017/7/29, 53, 
2017/7/30, 29, 
2017/7/31, 47, 
2017/8/1, 55, 
2017/8/2, 65, 
2017/8/3, 54, 
2017/8/4, 30, 
2017/8/5, 26, 
2017/8/6, 30, 
2017/8/7, 11, 
2017/8/9, 30, 
2017/8/10, 56, 
2017/8/11, 27, 
2017/8/15, 59, 
2017/8/16, 23, 
2017/8/17, 28, 
2017/8/18, 9, 
2017/8/19, 6, 
2017/8/20, 26, 
2017/8/21, 47, 
2017/8/22, 149, 
2017/8/23, 65, 
2017/8/24, 14, 
2017/8/25, 39, 
2017/8/26, 55, 
2017/8/27, 12, 
2017/8/28, 14, 
2017/8/29, 45, 
2017/8/30, 32, 
2017/8/31, 34, 
2017/9/1, 51, 
2017/9/2, 51, 
2017/9/3, 32, 
2017/9/4, 21, 
2017/9/5, 7, 
2017/9/10, 56, 
2017/9/11, 45, 
2017/9/12, 40, 
2017/9/13, 30, 
2017/9/14, 7, 
2017/9/15, 12, 
2017/9/16, 15, 
2017/9/17, 27, 
2017/9/18, 40, 
2017/9/19, 15, 
2017/9/20, 43, 
2017/9/21, 39, 
2017/9/22, 37, 
2017/9/23, 39, 
2017/9/24, 26, 
2017/9/25, 36, 
2017/9/26, 25, 
2017/9/27, 31, 
2017/9/28, 29, 
2017/9/29, 8, 
2017/9/30, 16, 
2017/4/1, 8, 
2017/4/2, 14, 
2017/4/3, 23, 
2017/4/4, 17, 
2017/4/5, 30, 
2017/4/6, 25, 
2017/4/7, 25, 
2017/4/8, 32, 
2017/4/9, 21, 
2017/4/10, 4, 
2017/4/14, 39, 
2017/4/15, 29, 
2017/4/16, 53, 
2017/4/17, 52, 
2017/4/18, 48, 
2017/4/19, 66, 
2017/4/20, 79, 
2017/4/21, 69, 
2017/4/23, 37, 
2017/4/24, 51, 
2017/4/25, 63, 
2017/4/26, 27, 
2017/4/27, 14, 
2017/4/28, 32, 
2017/4/29, 32, 
2017/4/30, 54, 
2017/5/1, 58, 
2017/5/2, 55, 
2017/5/3, 35, 
2017/5/4, 58, 
2017/5/5, 62, 
2017/5/6, 67, 
2017/5/7, 35, 
2017/5/8, 33, 
2017/5/9, 53, 
2017/5/10, 72, 
2017/5/11, 71, 
2017/5/12, 79, 
2017/5/13, 79, 
2017/5/14, 82, 
2017/5/15, 78, 
2017/5/16, 76, 
2017/5/19, 65, 
2017/5/20, 58, 
2017/5/21, 80, 
2017/5/22, 84, 
2017/5/23, 126, 
2017/5/24, 86, 
2017/5/25, 55, 
2017/5/26, 49, 
2017/5/27, 65, 
2017/5/28, 52, 
2017/5/29, 19, 
2017/5/30, 31, 
2017/5/31, 18, 
2017/6/1, 59, 
2017/6/2, 79, 
2017/6/3, 94, 
2017/6/4, 92, 
2017/6/5, 81, 
2017/6/6, 56, 
2017/6/7, 33, 
2017/6/8, 50, 
2017/6/9, 56, 
2017/6/10, 70, 
2017/6/11, 90, 
2017/6/12, 84, 
2017/6/13, 70, 
2017/6/14, 77, 
2017/6/15, 64, 
2017/6/16, 78, 
2017/6/17, 93, 
2017/6/18, 72, 
2017/6/19, 81, 
2017/6/20, 74, 
2017/6/21, 84, 
2017/6/22, 68, 
2017/6/23, 82, 
2017/6/24, 75, 
2017/6/25, 42, 
2017/6/26, 63, 
2017/6/27, 66, 
2017/6/28, 65, 
2017/6/29, 66, 
2017/6/30, 41, 
2017/1/3, 3, 
2017/1/4, 9, 
2017/1/5, 5, 
2017/1/6, 8, 
2017/1/7, 11, 
2017/1/8, 13, 
2017/1/9, 11, 
2017/1/10, 10, 
2017/1/11, 12, 
2017/1/12, 6, 
2017/1/13, 11, 
2017/1/14, 11, 
2017/1/15, 10, 
2017/1/16, 8, 
2017/1/17, 8, 
2017/1/18, 5, 
2017/1/19, 6, 
2017/1/20, 4, 
2017/1/21, 1, 
2017/1/22, 2, 
2017/1/23, 22, 
2017/1/24, 21, 
2017/1/25, 18, 
2017/1/26, 18, 
2017/1/27, 20, 
2017/1/28, 29, 
2017/1/29, 24, 
2017/1/30, 26, 
2017/1/31, 36, 
2017/2/1, 44, 
2017/2/2, 37, 
2017/2/3, 16, 
2017/2/4, 21, 
2017/2/5, 29, 
2017/2/6, 28, 
2017/2/7, 38, 
2017/2/18, 22, 
2017/2/19, 21, 
2017/2/20, 39, 
2017/2/21, 47, 
2017/2/22, 57, 
2017/2/23, 52, 
2017/3/9, 12, 
2017/3/10, 14, 
2017/3/11, 19, 
2017/3/12, 21, 
2017/3/13, 10, 
2017/3/14, 9, 
2017/3/15, 8, 
2017/3/16, 7, 
2017/3/17, 15, 
2017/3/18, 22, 
2017/3/19, 18, 
2017/3/20, 13, 
2017/3/21, 14, 
2017/3/22, 14, 
2017/3/23, 8, 
2017/3/25, 4, 
2017/3/26, 11, 
2017/3/27, 15, 
2017/3/28, 11, 
2017/3/29, 17, 
2017/3/30, 19, 
2017/3/31, 4, 
2016/10/2, 8, 
2016/10/3, 4, 
2016/10/4, 4, 
2016/10/5, 11, 
2016/10/6, 23, 
2016/10/7, 16, 
2016/10/8, 11, 
2016/10/9, 10, 
2016/10/10, 10, 
2016/10/11, 6, 
2016/10/12, 2, 
2016/10/13, 6, 
2016/10/14, 11, 
2016/10/15, 8, 
2016/10/16, 10, 
2016/10/17, 4, 
2016/10/19, 2, 
2016/10/20, 4, 
2016/10/21, 5, 
2016/10/22, 3, 
2016/10/23, 2, 
2016/10/24, 3, 
2016/10/25, 4, 
2016/10/26, 5, 
2016/10/27, 4, 
2016/10/28, 6, 
2016/10/29, 15, 
2016/10/30, 28, 
2016/10/31, 10, 
2016/11/1, 10, 
2016/11/2, 5, 
2016/11/3, 9, 
2016/11/4, 8, 
2016/11/5, 15, 
2016/11/6, 20, 
2016/11/7, 19, 
2016/11/8, 13, 
2016/11/9, 11, 
2016/11/10, 20, 
2016/11/11, 19, 
2016/11/12, 14, 
2016/11/13, 12, 
2016/11/15, 4, 
2016/11/16, 7, 
2016/11/17, 9, 
2016/11/18, 11, 
2016/11/19, 14, 
2016/11/20, 7, 
2016/11/21, 7, 
2016/11/22, 9, 
2016/11/23, 2, 
2016/11/24, 2, 
2016/11/25, 6, 
2016/11/26, 9, 
2016/11/27, 7, 
2016/11/28, 7, 
2016/11/29, 4, 
2016/11/30, 10, 
2016/12/1, 44, 
2016/12/2, 27, 
2016/12/3, 13, 
2016/12/4, 10, 
2016/12/5, 12, 
2016/12/6, 21, 
2016/12/7, 16, 
2016/12/8, 13, 
2016/12/9, 9, 
2016/12/10, 7, 
2016/12/11, 6, 
2016/12/12, 7, 
2016/12/13, 15, 
2016/12/14, 16, 
2016/12/15, 23, 
2016/12/16, 12, 
2016/12/17, 7, 
2016/12/18, 14, 
2016/12/19, 44, 
2016/7/1, 9, 
2016/7/2, 13, 
2016/7/3, 7, 
2016/7/4, 14, 
2016/7/5, 13, 
2016/7/6, 7, 
2016/7/7, 3, 
2016/7/8, 16, 
2016/7/9, 4, 
2016/7/10, 3, 
2016/7/11, 5, 
2016/7/12, 1, 
2016/7/13, 4, 
2016/7/14, 10, 
2016/7/15, 9, 
2016/7/16, 17, 
2016/7/17, 35, 
2016/7/18, 33, 
2016/7/19, 18, 
2016/7/20, 20, 
2016/7/21, 22, 
2016/7/22, 18, 
2016/7/23, 8, 
2016/7/24, 11, 
2016/7/25, 6, 
2016/7/26, 14, 
2016/7/27, 12, 
2016/7/28, 10, 
2016/7/29, 8, 
2016/7/30, 4, 
2016/7/31, 6, 
2016/8/1, 28, 
2016/8/2, 7, 
2016/8/3, 12, 
2016/8/4, 14, 
2016/8/5, 16, 
2016/8/6, 20, 
2016/8/7, 28, 
2016/8/8, 21, 
2016/8/9, 22, 
2016/8/10, 7, 
2016/8/11, 8, 
2016/8/12, 26, 
2016/8/13, 15, 
2016/8/14, 19, 
2016/8/15, 24, 
2016/8/16, 17, 
2016/8/17, 29, 
2016/8/18, 32, 
2016/8/19, 13, 
2016/8/20, 5, 
2016/8/21, 8, 
2016/8/22, 6, 
2016/8/23, 9, 
2016/8/24, 13, 
2016/8/25, 13, 
2016/8/26, 4, 
2016/8/27, 12, 
2016/8/28, 18, 
2016/8/29, 16, 
2016/8/30, 25, 
2016/8/31, 9, 
2016/9/1, 4, 
2016/9/2, 7, 
2016/9/3, 8, 
2016/9/4, 4, 
2016/9/5, 11, 
2016/9/6, 28, 
2016/9/7, 23, 
2016/9/8, 19, 
2016/9/9, 18, 
2016/9/10, 12, 
2016/9/11, 11, 
2016/9/12, 8, 
2016/9/13, 14, 
2016/9/14, 8, 
2016/9/15, 1, 
2016/9/16, 3, 
2016/9/17, 13, 
2016/9/18, 15, 
2016/9/19, 3, 
2016/9/20, 3, 
2016/9/21, 1, 
2016/9/22, 3, 
2016/9/23, 2, 
2016/9/24, 11, 
2016/9/25, 6, 
2016/9/26, 7, 
2016/9/27, 2, 
2016/9/28, 7, 
2016/9/29, 3, 
2016/9/30, 1, 
2016/4/1, 55, 
2016/4/2, 48, 
2016/4/3, 28, 
2016/4/16, 53, 
2016/4/17, 72, 
2016/4/18, 98, 
2016/4/19, 67, 
2016/4/20, 57, 
2016/4/21, 60, 
2016/4/22, 49, 
2016/4/23, 15, 
2016/4/24, 19, 
2016/4/25, 38, 
2016/4/26, 27, 
2016/4/27, 25, 
2016/4/28, 31, 
2016/4/29, 50, 
2016/4/30, 20, 
2016/5/1, 15, 
2016/5/2, 8, 
2016/5/3, 12, 
2016/5/4, 14, 
2016/5/5, 22, 
2016/5/6, 37, 
2016/5/7, 51, 
2016/5/8, 43, 
2016/5/9, 8, 
2016/5/10, 5, 
2016/5/11, 21, 
2016/5/12, 10, 
2016/5/13, 6, 
2016/5/16, 27, 
2016/5/17, 25, 
2016/5/18, 37, 
2016/5/19, 40, 
2016/5/20, 17, 
2016/5/21, 30, 
2016/5/22, 52, 
2016/5/23, 44, 
2016/5/24, 13, 
2016/5/25, 30, 
2016/5/26, 14, 
2016/5/27, 7, 
2016/5/28, 14, 
2016/5/29, 11, 
2016/5/30, 25, 
2016/5/31, 26, 
2016/6/1, 17, 
2016/6/2, 21, 
2016/6/3, 29, 
2016/6/4, 21, 
2016/6/5, 11, 
2016/6/6, 19, 
2016/6/7, 10, 
2016/6/8, 7, 
2016/6/9, 7, 
2016/6/10, 8, 
2016/6/11, 9, 
2016/6/12, 22, 
2016/6/13, 33, 
2016/6/14, 31, 
2016/6/15, 32, 
2016/6/16, 39, 
2016/6/17, 29, 
2016/6/18, 27, 
2016/6/19, 46, 
2016/6/20, 17, 
2016/6/21, 7, 
2016/6/22, 7, 
2016/6/23, 8, 
2016/6/24, 3, 
2016/6/25, 5, 
2016/6/26, 27, 
2016/6/27, 28, 
2016/6/28, 21, 
2016/6/29, 18, 
2016/6/30, 34, 
2016/1/4, 1, 
2016/1/5, 1, 
2016/1/6, 3, 
2016/1/7, 7, 
2016/1/8, 12, 
2016/1/9, 14, 
2016/1/10, 15, 
2016/1/11, 13, 
2016/1/12, 12, 
2016/1/13, 20, 
2016/1/14, 16, 
2016/1/15, 21, 
2016/1/16, 29, 
2016/1/17, 12, 
2016/1/18, 11, 
2016/1/19, 12, 
2016/1/20, 16, 
2016/1/21, 17, 
2016/1/23, 12, 
2016/1/24, 9, 
2016/1/25, 18, 
2016/1/26, 32, 
2016/1/27, 32, 
2016/1/28, 18, 
2016/1/29, 17, 
2016/1/30, 7, 
2016/1/31, 8, 
2016/2/1, 6, 
2016/2/2, 16, 
2016/2/3, 17, 
2016/2/4, 19, 
2016/2/5, 24, 
2016/2/6, 19, 
2016/2/7, 18, 
2016/2/8, 20, 
2016/2/9, 25, 
2016/2/10, 22, 
2016/2/11, 29, 
2016/2/12, 28, 
2016/2/13, 26, 
2016/2/14, 21, 
2016/2/15, 17, 
2016/2/16, 9, 
2016/2/17, 6, 
2016/2/18, 2, 
2016/2/19, 3, 
2016/2/20, 5, 
2016/2/21, 22, 
2016/2/22, 12, 
2016/2/23, 12, 
2016/2/24, 12, 
2016/2/25, 9, 
2016/2/26, 4, 
2016/2/27, 14, 
2016/2/28, 11, 
2016/2/29, 95, 
2016/3/1, 521, 
2016/3/10, 13, 
2016/3/11, 16, 
2016/3/12, 26, 
2016/3/13, 29, 
2016/3/14, 19, 
2016/3/15, 14, 
2016/3/16, 10, 
2016/3/17, 10, 
2016/3/18, 16, 
2016/3/19, 8, 
2016/3/20, 7, 
2016/3/21, 3, 
2016/3/22, 2, 
2016/3/23, 6, 
2016/3/24, 14, 
2016/3/25, 19, 
2016/3/26, 14, 
2016/3/27, 11, 
2016/3/28, 22, 
2016/3/29, 37, 
2016/3/30, 36, 
2016/3/31, 38, 
2015/10/1, 17, 
2015/10/2, 18, 
2015/10/3, 22, 
2015/10/4, 22, 
2015/10/5, 20, 
2015/10/6, 24, 
2015/10/7, 28, 
2015/10/8, 25, 
2015/10/9, 32, 
2015/10/10, 31, 
2015/10/11, 27, 
2015/10/12, 20, 
2015/10/13, 18, 
2015/10/14, 26, 
2015/10/15, 30, 
2015/10/16, 21, 
2015/10/17, 23, 
2015/10/18, 23, 
2015/10/19, 23, 
2015/10/20, 25, 
2015/10/21, 22, 
2015/10/22, 18, 
2015/10/23, 10, 
2015/10/24, 18, 
2015/10/25, 23, 
2015/10/26, 30, 
2015/10/27, 20, 
2015/10/28, 19, 
2015/10/29, 20, 
2015/10/30, 22, 
2015/10/31, 23, 
2015/11/1, 18, 
2015/11/2, 22, 
2015/11/3, 12, 
2015/11/4, 12, 
2015/11/5, 15, 
2015/11/6, 21, 
2015/11/7, 13, 
2015/11/8, 14, 
2015/11/9, 15, 
2015/11/10, 15, 
2015/11/11, 16, 
2015/11/12, 20, 
2015/11/13, 17, 
2015/11/14, 15, 
2015/11/15, 18, 
2015/11/16, 17, 
2015/11/17, 15, 
2015/11/18, 18, 
2015/11/19, 11, 
2015/11/20, 25, 
2015/11/21, 21, 
2015/11/22, 6, 
2015/11/23, 4, 
2015/11/24, 2, 
2015/11/25, 6, 
2015/11/26, 9, 
2015/11/27, 5, 
2015/11/28, 9, 
2015/11/29, 8, 
2015/11/30, 7, 
2015/12/1, 10, 
2015/12/2, 9, 
2015/12/3, 8, 
2015/12/4, 6, 
2015/12/5, 11, 
2015/12/6, 11, 
2015/12/7, 13, 
2015/12/8, 12, 
2015/12/9, 8, 
2015/12/10, 6, 
2015/12/11, 7, 
2015/12/12, 11, 
2015/12/13, 12, 
2015/12/14, 10, 
2015/12/15, 13, 
2015/12/16, 17, 
2015/12/17, 13, 
2015/12/18, 13, 
2015/12/19, 16, 
2015/12/20, 12, 
2015/12/21, 13, 
2015/12/22, 13, 
2015/12/23, 11, 
2015/12/24, 10, 
2015/12/25, 14, 
2015/12/26, 7, 
2015/12/27, 5, 
2015/12/28, 11, 
2015/12/29, 13, 
2015/12/30, 12, 
2015/7/13, 1, 
2015/7/14, 4, 
2015/7/15, 4, 
2015/7/16, 4, 
2015/7/17, 3, 
2015/7/18, 6, 
2015/7/19, 19, 
2015/7/20, 12, 
2015/7/21, 11, 
2015/7/22, 5, 
2015/7/23, 4, 
2015/7/24, 23, 
2015/7/25, 7, 
2015/7/26, 7, 
2015/7/27, 6, 
2015/7/28, 13, 
2015/7/29, 16, 
2015/7/30, 28, 
2015/7/31, 14, 
2015/8/1, 21, 
2015/8/2, 8, 
2015/8/3, 5, 
2015/8/4, 16, 
2015/8/5, 6, 
2015/8/6, 6, 
2015/8/7, 11, 
2015/8/8, 14, 
2015/8/9, 32, 
2015/8/10, 30, 
2015/8/11, 13, 
2015/8/12, 19, 
2015/8/13, 9, 
2015/8/14, 9, 
2015/8/15, 20, 
2015/8/16, 39, 
2015/8/17, 17, 
2015/8/18, 8, 
2015/8/19, 20, 
2015/8/20, 26, 
2015/8/21, 15, 
2015/8/22, 23, 
2015/8/23, 22, 
2015/8/24, 13, 
2015/8/25, 6, 
2015/8/26, 7, 
2015/8/27, 10, 
2015/8/28, 5, 
2015/8/29, 5, 
2015/8/30, 7, 
2015/8/31, 17, 
2015/9/1, 25, 
2015/9/2, 26, 
2015/9/3, 14, 
2015/9/4, 8, 
2015/9/5, 19, 
2015/9/6, 31, 
2015/9/7, 11, 
2015/9/8, 6, 
2015/9/9, 8, 
2015/9/10, 5, 
2015/9/11, 14, 
2015/9/12, 26, 
2015/9/13, 26, 
2015/9/14, 18, 
2015/9/15, 9, 
2015/9/16, 8, 
2015/9/17, 8, 
2015/9/18, 6, 
2015/9/19, 17, 
2015/9/20, 17, 
2015/9/21, 24, 
2015/9/22, 10, 
2015/9/23, 8, 
2015/9/24, 10, 
2015/9/25, 6, 
2015/9/26, 13, 
2015/9/27, 38, 
2015/9/28, 32, 
2015/9/29, 19, 
2015/9/30, 20, 
2015/7/9, , 6
2015/7/10, , 5
2015/7/11, , 1
2015/7/12, , 