# Sensor Waterloo Court, Hoppers Crossing, Australia (uRad Monitor/8200000c)
# https://aqicn.org/station/@110227/
# Daily pm25
date,min,max,median,q1,q3,stdev,count
2020-03-26T00:00:00.000Z,1,3,2,2,2,0.373,921
2020-03-27T00:00:00.000Z,1,3,2,2,2,0.439,1440
2020-03-28T00:00:00.000Z,1,3,2,2,2,0.337,1443
2020-03-29T00:00:00.000Z,1,4,2,2,3,0.483,1383
2020-03-30T00:00:00.000Z,1,3,2,2,2,0.377,1387
2020-03-31T00:00:00.000Z,1,3,2,2,3,0.542,1336
2020-04-01T00:00:00.000Z,1,3,2,2,2,0.477,1329
2020-04-02T00:00:00.000Z,1,3,2,2,2,0.368,473
2020-04-03T00:00:00.000Z,1,3,2,2,2,0.391,256
2020-04-04T00:00:00.000Z,1,3,2,2,2,0.395,259
2020-04-05T00:00:00.000Z,1,3,2,2,2,0.446,255
2020-04-06T00:00:00.000Z,1,3,2,2,2,0.483,264
2020-04-07T00:00:00.000Z,1,3,2,2,2,0.415,259
2020-04-08T00:00:00.000Z,1,3,2,2,2,0.464,264
2020-04-09T00:00:00.000Z,1,3,2,2,2,0.507,261
2020-04-10T00:00:00.000Z,1,3,2,2,2,0.397,251
2020-04-11T00:00:00.000Z,1,3,2,2,2,0.363,256
2020-04-12T00:00:00.000Z,1,3,2,2,2,0.455,279
2020-04-13T00:00:00.000Z,1,3,2,2,2,0.383,256
2020-04-14T00:00:00.000Z,1,3,2,2,2,0.412,253
2020-04-15T00:00:00.000Z,1,3,2,2,2,0.468,261
2020-04-16T00:00:00.000Z,1,3,2,2,2,0.441,254
2020-04-17T00:00:00.000Z,1,3,2,2,2,0.39,258
2020-04-18T00:00:00.000Z,1,3,2,2,2,0.394,167
2020-04-19T00:00:00.000Z,1,3,2,2,2,0.459,263
2020-04-20T00:00:00.000Z,1,3,2,2,2,0.373,257
2020-04-21T00:00:00.000Z,1,3,2,2,2,0.397,256
2020-04-22T00:00:00.000Z,1,3,2,2,2,0.361,256
2020-04-23T00:00:00.000Z,1,3,2,2,2,0.377,253
2020-04-24T00:00:00.000Z,1,3,2,2,2,0.433,258
2020-04-25T00:00:00.000Z,1,3,2,2,3,0.523,260
2020-04-26T00:00:00.000Z,1,3,2,2,2,0.494,261
2020-04-27T00:00:00.000Z,1,3,2,2,2,0.413,257
2020-04-28T00:00:00.000Z,1,3,2,2,2,0.369,251
2020-04-29T00:00:00.000Z,1,3,2,2,2,0.452,258
2020-04-30T00:00:00.000Z,1,3,2,2,2,0.446,265
2020-05-01T00:00:00.000Z,1,3,2,2,2,0.437,255
2020-05-02T00:00:00.000Z,1,3,2,2,3,0.491,258
2020-05-03T00:00:00.000Z,1,3,2,2,2,0.45,253
2020-05-04T00:00:00.000Z,1,3,2,2,2,0.462,254
2020-05-05T00:00:00.000Z,1,3,2,2,2,0.426,260
2020-05-06T00:00:00.000Z,1,3,2,2,2,0.409,253
2020-05-07T00:00:00.000Z,1,3,2,2,2,0.37,276
2020-05-08T00:00:00.000Z,1,3,2,2,2,0.389,286
2020-05-09T00:00:00.000Z,1,3,2,2,2,0.426,273
2020-05-10T00:00:00.000Z,2,3,2,2,2,0.41,131
2020-05-11T00:00:00.000Z,1,3,2,2,2,0.439,186
2020-05-12T00:00:00.000Z,1,3,2,2,3,0.471,264
2020-05-13T00:00:00.000Z,1,3,2,2,2,0.416,275
2020-05-14T00:00:00.000Z,1,3,2,2,2,0.418,268
2020-05-15T00:00:00.000Z,1,3,2,2,3,0.449,273
2020-05-16T00:00:00.000Z,1,3,2,2,2,0.476,272
2020-05-17T00:00:00.000Z,1,3,2,2,2,0.434,270
2020-05-18T00:00:00.000Z,1,3,2,2,2,0.411,273
2020-05-19T00:00:00.000Z,1,3,2,2,2,0.36,274
2020-05-20T00:00:00.000Z,1,3,2,2,2,0.472,277
2020-05-21T00:00:00.000Z,1,3,2,2,2,0.435,265
2020-05-22T00:00:00.000Z,1,3,2,2,3,0.486,285
2020-05-23T00:00:00.000Z,1,3,2,2,2,0.373,1009
2020-05-24T00:00:00.000Z,1,3,2,2,2,0.366,1366
2020-05-25T00:00:00.000Z,1,3,2,2,3,0.54,1290
2020-05-26T00:00:00.000Z,1,3,2,2,2,0.354,1356
2020-05-27T00:00:00.000Z,1,3,2,2,2,0.406,1367
2020-05-28T00:00:00.000Z,1,3,2,2,3,0.5,1367
2020-05-29T00:00:00.000Z,1,3,2,2,3,0.439,1348
2020-05-30T00:00:00.000Z,1,3,2,2,2,0.423,1368
2020-05-31T00:00:00.000Z,1,3,2,2,2,0.303,1374
2020-06-01T00:00:00.000Z,1,3,2,2,3,0.442,1227
2020-06-02T00:00:00.000Z,1,3,2,2,3,0.438,1365
2020-06-03T00:00:00.000Z,1,3,2,2,2,0.435,1349
2020-06-04T00:00:00.000Z,1,3,2,2,3,0.449,1355
2020-06-05T00:00:00.000Z,1,3,2,2,3,0.477,1382
2020-06-06T00:00:00.000Z,1,3,2,2,2,0.426,1370
2020-06-07T00:00:00.000Z,1,3,2,2,3,0.457,1355
2020-06-08T00:00:00.000Z,1,3,2,2,3,0.502,1359
2020-06-09T00:00:00.000Z,1,3,2,2,3,0.456,1375
2020-06-10T00:00:00.000Z,1,3,2,2,3,0.453,1370
2020-06-11T00:00:00.000Z,1,3,2,2,2,0.321,1362
2020-06-12T00:00:00.000Z,1,3,2,2,3,0.458,1367
2020-06-13T00:00:00.000Z,1,3,2,2,2,0.42,1376
2020-06-14T00:00:00.000Z,1,3,2,2,2,0.437,1344
2020-06-15T00:00:00.000Z,0,3,2,2,2,0.439,1282
2020-06-16T00:00:00.000Z,1,3,2,2,2,0.419,1365
2020-06-17T00:00:00.000Z,1,3,2,2,2,0.42,1385
2020-06-18T00:00:00.000Z,1,3,2,2,2,0.421,1360
2020-06-19T00:00:00.000Z,1,3,2,2,2,0.376,1363
2020-06-20T00:00:00.000Z,1,3,2,2,2,0.387,1366
2020-06-21T00:00:00.000Z,1,3,2,2,3,0.514,1361
2020-06-22T00:00:00.000Z,1,3,2,2,3,0.439,1353
2020-06-23T00:00:00.000Z,1,3,2,2,2,0.433,1360
2020-06-24T00:00:00.000Z,1,3,2,2,2,0.343,1372
2020-06-25T00:00:00.000Z,1,3,2,2,2,0.394,1344
2020-06-26T00:00:00.000Z,1,3,2,2,2,0.433,1353
2020-06-27T00:00:00.000Z,1,3,2,2,3,0.465,1318
2020-06-28T00:00:00.000Z,1,3,2,2,2,0.411,1340
2020-06-29T00:00:00.000Z,1,3,2,2,3,0.446,1282
2020-06-30T00:00:00.000Z,1,3,2,2,3,0.483,1281
2020-07-01T00:00:00.000Z,1,3,2,2,2,0.442,1215
2020-07-02T00:00:00.000Z,2,3,2,2,3,0.48,1269
2020-07-03T00:00:00.000Z,1,3,2,2,3,0.503,1304
2020-07-04T00:00:00.000Z,1,3,2,2,2,0.429,1323
2020-07-05T00:00:00.000Z,1,3,2,2,2,0.464,1242
2020-07-06T00:00:00.000Z,1,3,2,2,3,0.467,820
2020-07-07T00:00:00.000Z,1,3,2,2,3,0.514,1242
2020-07-08T00:00:00.000Z,1,3,2,2,3,0.472,1275
2020-07-09T00:00:00.000Z,1,3,2,2,2,0.412,1261
2020-07-10T00:00:00.000Z,1,3,2,2,2,0.402,1336
2020-07-11T00:00:00.000Z,1,3,2,2,3,0.484,1297
2020-07-12T00:00:00.000Z,1,3,2,2,2,0.413,1327
2020-07-13T00:00:00.000Z,1,3,2,2,3,0.462,1307
2020-07-14T00:00:00.000Z,1,3,2,2,2,0.416,1300
2020-07-15T00:00:00.000Z,1,3,2,2,2,0.401,1298
2020-07-16T00:00:00.000Z,1,3,2,2,2,0.369,1298
2020-07-17T00:00:00.000Z,1,3,2,2,3,0.445,1308
2020-07-18T00:00:00.000Z,1,3,2,2,3,0.479,1298
2020-07-19T00:00:00.000Z,1,3,2,2,2,0.435,1317
2020-07-20T00:00:00.000Z,1,3,2,2,3,0.453,1301
2020-07-21T00:00:00.000Z,1,3,2,2,2,0.382,1254
2020-07-22T00:00:00.000Z,1,3,2,2,2,0.437,1252
2020-07-23T00:00:00.000Z,1,3,2,2,2,0.472,1262
2020-07-24T00:00:00.000Z,2,3,2,2,3,0.442,1272
2020-07-25T00:00:00.000Z,1,3,2,2,3,0.499,1300
2020-07-26T00:00:00.000Z,1,3,2,2,2,0.423,1225
2020-07-27T00:00:00.000Z,1,3,2,2,3,0.443,1249
2020-07-28T00:00:00.000Z,1,3,2,2,2,0.451,1198
2020-07-29T00:00:00.000Z,1,3,2,2,3,0.493,1189
2020-07-30T00:00:00.000Z,2,3,2,2,2,0.368,1173
2020-07-31T00:00:00.000Z,1,3,2,2,3,0.469,1178
2020-08-01T00:00:00.000Z,1,3,2,2,2,0.396,1170
2020-08-02T00:00:00.000Z,1,3,2,2,2,0.371,1124
2020-08-03T00:00:00.000Z,1,3,2,2,2,0.405,1098
2020-08-04T00:00:00.000Z,2,3,2,2,3,0.484,1243
2020-08-05T00:00:00.000Z,1,3,2,2,3,0.483,1372
2020-08-06T00:00:00.000Z,1,3,2,2,3,0.518,1359
2020-08-07T00:00:00.000Z,1,3,2,2,2,0.415,1353
2020-08-08T00:00:00.000Z,2,3,2,2,2,0.357,1336
2020-08-09T00:00:00.000Z,1,3,2,2,2,0.418,1345
2020-08-10T00:00:00.000Z,2,3,2,2,3,0.445,1371
2020-08-11T00:00:00.000Z,1,3,2,2,2,0.309,1379
2020-08-12T00:00:00.000Z,1,3,2,2,2,0.36,1349
2020-08-13T00:00:00.000Z,1,3,2,2,2,0.286,1361
2020-08-14T00:00:00.000Z,1,3,2,2,2,0.394,1342
2020-08-15T00:00:00.000Z,1,3,2,2,2,0.407,1347
2020-08-16T00:00:00.000Z,1,3,2,2,2,0.306,1366
2020-08-17T00:00:00.000Z,1,3,2,2,2,0.413,1363
2020-08-18T00:00:00.000Z,1,3,2,2,2,0.429,1362
2020-08-19T00:00:00.000Z,1,3,2,2,2,0.412,1356
2020-08-20T00:00:00.000Z,1,3,2,2,2,0.408,1364
2020-08-21T00:00:00.000Z,1,3,2,2,3,0.445,1363
2020-08-22T00:00:00.000Z,1,3,2,2,3,0.442,1298
2020-08-23T00:00:00.000Z,1,3,2,2,3,0.48,1324
2020-08-24T00:00:00.000Z,2,3,2,2,3,0.483,1283
2020-08-25T00:00:00.000Z,1,3,2,2,2,0.43,1298
2020-08-26T00:00:00.000Z,1,3,2,2,2,0.421,1292
2020-08-27T00:00:00.000Z,1,3,2,2,3,0.487,1344
2020-08-28T00:00:00.000Z,1,3,2,2,3,0.442,1324
2020-08-29T00:00:00.000Z,1,3,2,2,2,0.426,1314
2020-08-30T00:00:00.000Z,1,3,2,2,2,0.399,1315
2020-08-31T00:00:00.000Z,2,3,2,2,2,0.431,1285
2020-09-01T00:00:00.000Z,1,3,2,2,2,0.336,1323
2020-09-02T00:00:00.000Z,1,3,2,2,2,0.393,1299
2020-09-03T00:00:00.000Z,1,3,2,2,2,0.425,1278
2020-09-04T00:00:00.000Z,1,3,2,2,3,0.505,1284
2020-09-05T00:00:00.000Z,1,3,2,2,2,0.336,1304
2020-09-06T00:00:00.000Z,1,3,2,2,2,0.46,1291
2020-09-07T00:00:00.000Z,1,3,2,2,2,0.358,1249
2020-09-08T00:00:00.000Z,1,3,2,2,2,0.422,1198
2020-09-09T00:00:00.000Z,1,3,2,2,2,0.315,1215
2020-09-10T00:00:00.000Z,1,3,2,2,2,0.389,1179
2020-09-11T00:00:00.000Z,1,3,2,2,2,0.429,1125
2020-09-12T00:00:00.000Z,1,3,2,2,2,0.42,1106
2020-09-13T00:00:00.000Z,1,3,2,2,2,0.356,1152
2020-09-14T00:00:00.000Z,1,3,2,2,2,0.274,1117
2020-09-15T00:00:00.000Z,1,3,2,2,2,0.409,499
2020-09-16T00:00:00.000Z,2,3,2,2,2,0.324,244
2020-09-17T00:00:00.000Z,1,3,2,2,2,0.333,242
2020-09-18T00:00:00.000Z,1,3,2,2,2,0.5,240
2020-09-19T00:00:00.000Z,1,3,2,2,2,0.346,240
2020-09-20T00:00:00.000Z,2,3,2,2,2,0.33,241
2020-09-21T00:00:00.000Z,1,3,2,2,2,0.404,807
2020-09-22T00:00:00.000Z,1,3,2,2,2,0.447,1220
2020-09-23T00:00:00.000Z,1,3,2,2,2,0.397,1201
2020-09-24T00:00:00.000Z,1,3,2,2,3,0.472,1228
2020-09-25T00:00:00.000Z,1,3,2,2,2,0.398,1065
2020-09-26T00:00:00.000Z,1,3,2,2,3,0.492,1254
2020-09-27T00:00:00.000Z,1,3,2,2,3,0.438,1246
2020-09-28T00:00:00.000Z,1,3,2,2,3,0.448,1261
2020-09-29T00:00:00.000Z,1,3,2,2,3,0.464,1251
2020-09-30T00:00:00.000Z,1,3,2,2,3,0.444,1221
2020-10-01T00:00:00.000Z,1,3,2,2,2,0.412,1129
2020-10-02T00:00:00.000Z,1,3,2,2,2,0.416,1016
2020-10-03T00:00:00.000Z,1,3,2,2,3,0.457,1091
2020-10-04T00:00:00.000Z,1,3,2,2,2,0.407,849
2020-10-05T00:00:00.000Z,2,3,2,2,3,0.435,1108
2020-10-06T00:00:00.000Z,2,3,2,2,3,0.437,1165
2020-10-07T00:00:00.000Z,2,3,2,2,3,0.439,1180
2020-10-08T00:00:00.000Z,1,3,2,2,2,0.428,1173
2020-10-09T00:00:00.000Z,1,3,2,2,2,0.427,1189
2020-10-10T00:00:00.000Z,1,3,2,2,2,0.311,1243
2020-10-11T00:00:00.000Z,1,3,2,2,2,0.397,1253
2020-10-12T00:00:00.000Z,1,3,2,2,2,0.357,1222
2020-10-13T00:00:00.000Z,1,3,2,2,2,0.385,1241
2020-10-14T00:00:00.000Z,1,3,2,2,2,0.477,1047
2020-10-15T00:00:00.000Z,1,3,1,1,2,0.512,1182
2020-10-16T00:00:00.000Z,1,2,1,1,2,0.483,1258
2020-10-17T00:00:00.000Z,1,2,1,1,2,0.482,1249
2020-10-18T00:00:00.000Z,0,2,1,1,2,0.488,1231
2020-10-19T00:00:00.000Z,0,2,1,1,2,0.495,1255
2020-10-20T00:00:00.000Z,0,2,1,1,2,0.481,1226
2020-10-21T00:00:00.000Z,0,2,2,1,2,0.5,1167
2020-10-22T00:00:00.000Z,1,2,1,1,2,0.481,1130
2020-10-23T00:00:00.000Z,1,2,1,1,2,0.497,1202
2020-10-24T00:00:00.000Z,1,2,1,1,2,0.493,1226
2020-10-25T00:00:00.000Z,0,2,1,1,2,0.497,1349
2020-10-26T00:00:00.000Z,0,2,1,1,2,0.499,1274
2020-10-27T00:00:00.000Z,1,2,2,1,2,0.5,1267
2020-10-28T00:00:00.000Z,1,2,1,1,2,0.498,1277
2020-10-29T00:00:00.000Z,1,2,1,1,2,0.496,1292
2020-10-30T00:00:00.000Z,0,2,1,1,2,0.502,1283
2020-10-31T00:00:00.000Z,1,2,1,1,2,0.486,1294
2020-11-01T00:00:00.000Z,1,2,1,1,2,0.498,1305
2020-11-02T00:00:00.000Z,1,2,1,1,2,0.499,1286
2020-11-03T00:00:00.000Z,0,2,1,1,2,0.496,1285
2020-11-04T00:00:00.000Z,1,2,1,1,2,0.447,1007
2020-11-05T00:00:00.000Z,0,2,1,1,2,0.48,1015
2020-11-06T00:00:00.000Z,1,2,2,1,2,0.484,1017
2020-11-07T00:00:00.000Z,0,2,2,1,2,0.501,1116
2020-11-08T00:00:00.000Z,1,2,1,1,2,0.5,1058
2020-11-09T00:00:00.000Z,0,3,1,1,2,0.484,972
2020-11-10T00:00:00.000Z,0,2,2,1,2,0.499,982
2020-11-11T00:00:00.000Z,0,2,1,1,2,0.501,1071
2020-11-12T00:00:00.000Z,1,2,2,1,2,0.488,1063
2020-11-13T00:00:00.000Z,1,2,1.5,1,2,0.5,1052
2020-11-14T00:00:00.000Z,0,2,2,1,2,0.498,1073
2020-11-15T00:00:00.000Z,1,2,2,1,2,0.5,964
2020-11-16T00:00:00.000Z,1,2,2,1,2,0.493,982
2020-11-17T00:00:00.000Z,1,2,2,1,2,0.5,1004
2020-11-18T00:00:00.000Z,1,2,1,1,2,0.496,1108
2020-11-19T00:00:00.000Z,1,3,2,1,2,0.495,1075
2020-11-20T00:00:00.000Z,1,2,2,1,2,0.479,1081
2020-11-21T00:00:00.000Z,1,2,2,1,2,0.5,1042
2020-11-22T00:00:00.000Z,1,2,1,1,2,0.492,1035
2020-11-23T00:00:00.000Z,1,2,2,1,2,0.499,939
2020-11-24T00:00:00.000Z,1,2,2,1,2,0.499,967
2020-11-25T00:00:00.000Z,1,2,2,1,2,0.494,977
2020-11-26T00:00:00.000Z,1,2,2,1,2,0.498,980
2020-11-27T00:00:00.000Z,1,2,2,1,2,0.485,942
2020-11-28T00:00:00.000Z,1,3,2,1,2,0.5,996
2020-11-29T00:00:00.000Z,1,2,2,1,2,0.49,1013
2020-11-30T00:00:00.000Z,1,2,2,1,2,0.5,878
2020-12-01T00:00:00.000Z,1,2,2,1,2,0.487,877
2020-12-02T00:00:00.000Z,1,2,2,1,2,0.482,956
2020-12-03T00:00:00.000Z,1,2,2,1,2,0.499,804
2020-12-04T00:00:00.000Z,1,2,2,1,2,0.5,674
2020-12-05T00:00:00.000Z,1,3,2,1,2,0.498,868
2020-12-06T00:00:00.000Z,1,2,1,1,2,0.498,1073
2020-12-07T00:00:00.000Z,1,2,2,1,2,0.5,972
2020-12-08T00:00:00.000Z,0,2,1,1,2,0.495,988
2020-12-09T00:00:00.000Z,1,2,2,1,2,0.498,1040
2020-12-10T00:00:00.000Z,1,2,2,1,2,0.485,1042
2020-12-11T00:00:00.000Z,1,2,2,1,2,0.498,1055
2020-12-12T00:00:00.000Z,1,2,2,1,2,0.451,1065
2020-12-13T00:00:00.000Z,1,4,2,1,2,0.486,1051
2020-12-14T00:00:00.000Z,1,2,2,1,2,0.473,1017
2020-12-15T00:00:00.000Z,1,2,2,1,2,0.493,1044
2020-12-16T00:00:00.000Z,0,2,2,1,2,0.448,1028
2020-12-17T00:00:00.000Z,1,2,2,1,2,0.497,939
2020-12-18T00:00:00.000Z,0,2,2,1,2,0.499,1043
2020-12-19T00:00:00.000Z,1,2,2,1,2,0.5,1011
2020-12-20T00:00:00.000Z,1,2,2,1,2,0.5,1063
2020-12-21T00:00:00.000Z,1,2,1,1,2,0.5,998
2020-12-22T00:00:00.000Z,1,2,2,1,2,0.499,1026
2020-12-23T00:00:00.000Z,1,2,1,1,2,0.499,1063
2020-12-24T00:00:00.000Z,1,2,1,1,2,0.494,1011
2020-12-25T00:00:00.000Z,1,2,2,1,2,0.492,1052
2020-12-26T00:00:00.000Z,1,2,2,1,2,0.473,1103
2020-12-27T00:00:00.000Z,1,2,1,1,2,0.499,1080
2020-12-28T00:00:00.000Z,1,2,1,1,2,0.496,1037
2020-12-29T00:00:00.000Z,1,2,2,1,2,0.498,1066
2020-12-30T00:00:00.000Z,1,2,1,1,2,0.495,1086
2020-12-31T00:00:00.000Z,1,2,2,1,2,0.485,1085
2021-01-01T00:00:00.000Z,1,2,2,1,2,0.463,1056
2021-01-02T00:00:00.000Z,1,3,2,2,2,0.454,1012
2021-01-03T00:00:00.000Z,1,3,2,1,2,0.53,1024
2021-01-04T00:00:00.000Z,1,2,1,1,2,0.5,1015
2021-01-05T00:00:00.000Z,1,2,2,1,2,0.492,960
2021-01-06T00:00:00.000Z,1,2,2,1,2,0.493,954
2021-01-07T00:00:00.000Z,1,2,2,1,2,0.467,1012
2021-01-08T00:00:00.000Z,1,2,2,1,2,0.495,966
2021-01-09T00:00:00.000Z,1,2,2,1,2,0.499,982
2021-01-10T00:00:00.000Z,1,2,2,1,2,0.488,1035
2021-01-11T00:00:00.000Z,1,2,2,1,2,0.478,963
2021-01-12T00:00:00.000Z,1,2,2,1,2,0.478,1008
2021-01-13T00:00:00.000Z,1,2,1,1,2,0.493,991
2021-01-14T00:00:00.000Z,0,2,1,1,2,0.504,943
2021-01-15T00:00:00.000Z,1,2,1,1,2,0.486,1035
2021-01-16T00:00:00.000Z,1,2,2,1,2,0.493,968
2021-01-17T00:00:00.000Z,1,2,2,1,2,0.496,958
2021-01-18T00:00:00.000Z,1,2,2,1,2,0.499,895
2021-01-19T00:00:00.000Z,1,2,1,1,2,0.49,870
2021-01-20T00:00:00.000Z,1,2,2,1,2,0.498,965
2021-01-21T00:00:00.000Z,1,2,2,1,2,0.472,929
2021-01-22T00:00:00.000Z,1,2,2,1,2,0.492,984
2021-01-23T00:00:00.000Z,1,2,2,1,2,0.443,989
2021-01-24T00:00:00.000Z,1,2,2,1,2,0.464,984
2021-01-25T00:00:00.000Z,1,2,2,1,2,0.483,953
2021-01-26T00:00:00.000Z,0,2,2,1,2,0.494,951
2021-01-27T00:00:00.000Z,0,3,1,1,2,0.55,946
2021-01-28T00:00:00.000Z,1,2,1,1,2,0.499,1003
2021-01-29T00:00:00.000Z,1,2,2,1,2,0.49,1001
2021-01-30T00:00:00.000Z,1,2,1,1,2,0.498,980
2021-01-31T00:00:00.000Z,1,2,2,1,2,0.499,998
2021-02-01T00:00:00.000Z,1,2,2,1,2,0.493,906
2021-02-02T00:00:00.000Z,1,2,2,1,2,0.498,890
2021-02-03T00:00:00.000Z,1,2,2,1,2,0.495,921
2021-02-04T00:00:00.000Z,1,2,2,1,2,0.434,935
2021-02-05T00:00:00.000Z,1,2,2,1,2,0.495,926
2021-02-06T00:00:00.000Z,1,2,2,1,2,0.494,954
2021-02-07T00:00:00.000Z,1,2,1,1,2,0.499,1002
2021-02-08T00:00:00.000Z,1,2,2,1,2,0.484,984
2021-02-09T00:00:00.000Z,1,2,2,1,2,0.497,988
2021-02-10T00:00:00.000Z,1,2,2,1,2,0.478,967
2021-02-11T00:00:00.000Z,1,3,2,1,2,0.484,974
2021-02-12T00:00:00.000Z,1,2,2,1,2,0.5,1008
2021-02-13T00:00:00.000Z,1,2,2,1,2,0.491,1044
2021-02-14T00:00:00.000Z,1,2,2,1,2,0.487,999
2021-02-15T00:00:00.000Z,1,3,2,1,2,0.464,971
2021-02-16T00:00:00.000Z,1,2,1,1,2,0.498,970
2021-02-17T00:00:00.000Z,1,2,2,1,2,0.492,1032
2021-02-18T00:00:00.000Z,1,2,2,1,2,0.497,1033
2021-02-19T00:00:00.000Z,1,2,2,1,2,0.487,1000
2021-02-20T00:00:00.000Z,1,3,2,1,2,0.502,1045
2021-02-21T00:00:00.000Z,1,2,2,1,2,0.499,1023
2021-02-22T00:00:00.000Z,1,2,2,1,2,0.5,964
2021-02-23T00:00:00.000Z,1,2,2,1,2,0.49,957
2021-02-24T00:00:00.000Z,1,2,1,1,2,0.5,957
2021-02-25T00:00:00.000Z,1,2,2,1,2,0.498,950
2021-02-26T00:00:00.000Z,1,2,2,1,2,0.498,953
2021-02-27T00:00:00.000Z,1,2,2,1,2,0.47,1019
2021-02-28T00:00:00.000Z,1,2,1,1,2,0.492,1050
2021-03-01T00:00:00.000Z,0,2,1,1,2,0.484,1019
2021-03-02T00:00:00.000Z,1,2,1,1,2,0.474,999
2021-03-03T00:00:00.000Z,1,2,1,1,2,0.487,974
2021-03-04T00:00:00.000Z,1,3,2,1,2,0.5,964
2021-03-05T00:00:00.000Z,1,2,2,1,2,0.499,1042
2021-03-06T00:00:00.000Z,1,2,2,1,2,0.494,1071
2021-03-07T00:00:00.000Z,1,2,2,1,2,0.492,991
2021-03-08T00:00:00.000Z,0,2,2,1,2,0.5,1072
2021-03-09T00:00:00.000Z,1,2,1,1,2,0.5,1051
2021-03-10T00:00:00.000Z,0,2,2,1,2,0.498,1017
2021-03-11T00:00:00.000Z,1,2,2,1,2,0.474,1037
2021-03-12T00:00:00.000Z,1,2,2,1,2,0.454,1064
2021-03-13T00:00:00.000Z,1,2,1,1,2,0.5,1050
2021-03-14T00:00:00.000Z,1,2,2,1,2,0.48,1059
2021-03-15T00:00:00.000Z,1,2,2,1,2,0.492,972
2021-03-16T00:00:00.000Z,1,2,1,1,2,0.49,955
2021-03-17T00:00:00.000Z,1,2,2,1,2,0.499,966
2021-03-18T00:00:00.000Z,1,2,1,1,2,0.5,985
2021-03-19T00:00:00.000Z,1,2,2,1,2,0.45,1023
2021-03-20T00:00:00.000Z,1,2,1,1,2,0.5,1004
2021-03-21T00:00:00.000Z,1,2,1,1,2,0.495,981
2021-03-22T00:00:00.000Z,1,2,2,1,2,0.492,987
2021-03-23T00:00:00.000Z,1,2,2,1,2,0.494,1136
2021-03-24T00:00:00.000Z,1,2,1,1,2,0.5,980
2021-03-25T00:00:00.000Z,0,2,2,1,2,0.488,954
2021-03-26T00:00:00.000Z,1,2,2,1,2,0.479,968
2021-03-27T00:00:00.000Z,1,2,2,1,2,0.484,904
2021-03-28T00:00:00.000Z,1,2,2,1,2,0.477,700
2021-03-29T00:00:00.000Z,1,2,2,1,2,0.5,691
2021-03-30T00:00:00.000Z,1,2,2,1,2,0.493,725
2021-03-31T00:00:00.000Z,1,2,1,1,2,0.483,708
2021-04-01T00:00:00.000Z,1,2,2,1,2,0.493,712
2021-04-02T00:00:00.000Z,1,2,1,1,2,0.451,717
2021-04-03T00:00:00.000Z,1,2,1,1,2,0.499,759
2021-04-04T00:00:00.000Z,0,2,1,1,2,0.453,720
2021-04-05T00:00:00.000Z,1,2,1,1,2,0.482,715
2021-04-06T00:00:00.000Z,1,3,1,1,2,0.491,704
2021-04-07T00:00:00.000Z,1,2,1,1,2,0.483,632
2021-04-08T00:00:00.000Z,1,2,1,1,2,0.486,667
2021-04-09T00:00:00.000Z,1,2,1,1,2,0.499,688
2021-04-10T00:00:00.000Z,1,2,1,1,2,0.472,1090
2021-04-11T00:00:00.000Z,0,2,1,1,2,0.467,1263
2021-04-12T00:00:00.000Z,1,2,1,1,2,0.466,1288
2021-04-13T00:00:00.000Z,1,2,1,1,2,0.493,1272
2021-04-14T00:00:00.000Z,0,2,1,1,2,0.474,1299
2021-04-15T00:00:00.000Z,0,2,1,1,2,0.463,1288
2021-04-16T00:00:00.000Z,1,2,1,1,2,0.498,1269
2021-04-17T00:00:00.000Z,0,2,1,1,2,0.464,1269
2021-04-18T00:00:00.000Z,0,2,1,1,2,0.466,1267
2021-04-19T00:00:00.000Z,1,2,1,1,2,0.447,1283
2021-04-20T00:00:00.000Z,1,2,1,1,2,0.5,1255
2021-04-21T00:00:00.000Z,0,2,1,1,2,0.46,1274
2021-04-22T00:00:00.000Z,1,2,1,1,2,0.494,1272
2021-04-23T00:00:00.000Z,1,2,1,1,2,0.499,1277
2021-04-24T00:00:00.000Z,0,2,2,1,2,0.503,1241
2021-04-25T00:00:00.000Z,0,2,2,1,2,0.496,1265
2021-04-26T00:00:00.000Z,1,2,2,1,2,0.5,1265
2021-04-27T00:00:00.000Z,1,2,2,1,2,0.5,1274
2021-04-28T00:00:00.000Z,1,2,1,1,2,0.492,1266
2021-04-29T00:00:00.000Z,0,2,1,1,1,0.431,1288
2021-04-30T00:00:00.000Z,1,2,1,1,2,0.453,1289
2021-05-01T00:00:00.000Z,1,2,1,1,1,0.432,1250
2021-05-02T00:00:00.000Z,1,2,1,1,2,0.454,1282
2021-05-03T00:00:00.000Z,0,2,1,1,1,0.377,1254
2021-05-04T00:00:00.000Z,1,2,1,1,2,0.467,1280
2021-05-05T00:00:00.000Z,0,2,1,1,2,0.498,1276
2021-05-06T00:00:00.000Z,1,2,1,1,2,0.498,1288
2021-05-07T00:00:00.000Z,0,2,1,1,1,0.408,1277
2021-05-08T00:00:00.000Z,0,2,1,1,2,0.464,1265
2021-05-09T00:00:00.000Z,1,2,1,1,2,0.49,1284
2021-05-10T00:00:00.000Z,1,2,1,1,2,0.463,1269
2021-05-11T00:00:00.000Z,1,2,1,1,2,0.479,1280
2021-05-12T00:00:00.000Z,0,2,1,1,2,0.451,1278
2021-05-13T00:00:00.000Z,0,2,1,1,2,0.489,1268
2021-05-14T00:00:00.000Z,1,2,1,1,2,0.488,1280
2021-05-15T00:00:00.000Z,1,2,1,1,2,0.492,1236
2021-05-16T00:00:00.000Z,0,2,1,1,2,0.455,1225
2021-05-17T00:00:00.000Z,1,2,1,1,2,0.498,1259
2021-05-18T00:00:00.000Z,1,2,1,1,2,0.484,1273
2021-05-19T00:00:00.000Z,0,2,1,1,2,0.499,1205
2021-05-20T00:00:00.000Z,1,2,1,1,2,0.481,1287
2021-05-21T00:00:00.000Z,0,2,2,1,2,0.5,1228
2021-05-22T00:00:00.000Z,1,2,1,1,2,0.484,1250
2021-05-23T00:00:00.000Z,0,2,1,1,2,0.482,1280
2021-05-24T00:00:00.000Z,1,2,1,1,2,0.466,660
2021-05-25T00:00:00.000Z,1,2,1,1,2,0.49,874
2021-05-26T00:00:00.000Z,1,2,2,1,2,0.499,1274
2021-05-27T00:00:00.000Z,0,2,1,1,2,0.496,1294
2021-05-28T00:00:00.000Z,1,2,1,1,2,0.5,1267
2021-05-29T00:00:00.000Z,0,2,1,1,2,0.503,1231
2021-05-30T00:00:00.000Z,1,2,1,1,2,0.495,1257
2021-05-31T00:00:00.000Z,1,2,1,1,2,0.496,1264
2021-06-01T00:00:00.000Z,0,2,1,1,2,0.501,1279
2021-06-02T00:00:00.000Z,1,2,1,1,2,0.474,1280
2021-06-03T00:00:00.000Z,1,2,1,1,2,0.498,1268
2021-06-04T00:00:00.000Z,1,2,2,1,2,0.499,1282
2021-06-05T00:00:00.000Z,1,2,1,1,2,0.498,1277
2021-06-06T00:00:00.000Z,1,2,1,1,2,0.475,1280
2021-06-07T00:00:00.000Z,1,2,1,1,2,0.498,1251
2021-06-08T00:00:00.000Z,0,3,2,1,2,0.503,1285
2021-06-09T00:00:00.000Z,1,2,1,1,2,0.496,1259
2021-06-10T00:00:00.000Z,1,2,1,1,2,0.471,1248
2021-06-11T00:00:00.000Z,1,2,1,1,2,0.5,1238
2021-06-12T00:00:00.000Z,1,2,1,1,2,0.5,1296
2021-06-13T00:00:00.000Z,1,3,2,1,2,0.485,1284
2021-06-14T00:00:00.000Z,1,2,2,1,2,0.481,1276
2021-06-15T00:00:00.000Z,1,2,2,1,2,0.495,1272
2021-06-16T00:00:00.000Z,1,2,2,1,2,0.487,1290
2021-06-17T00:00:00.000Z,1,2,1,1,2,0.5,1288
2021-06-18T00:00:00.000Z,1,3,2,2,2,0.46,1245
2021-06-19T00:00:00.000Z,0,2,2,1,2,0.462,1260
2021-06-20T00:00:00.000Z,1,2,2,1,2,0.453,1271
2021-06-21T00:00:00.000Z,1,2,2,1,2,0.472,1281
2021-06-22T00:00:00.000Z,1,2,2,1,2,0.494,1267
2021-06-23T00:00:00.000Z,1,2,2,1,2,0.497,1262
2021-06-24T00:00:00.000Z,1,2,1,1,2,0.5,1281
2021-06-25T00:00:00.000Z,1,2,2,1,2,0.496,1267
2021-06-26T00:00:00.000Z,0,2,2,1,2,0.493,1277
2021-06-27T00:00:00.000Z,1,2,2,2,2,0.424,1237
2021-06-28T00:00:00.000Z,1,2,2,1,2,0.46,1292
2021-06-29T00:00:00.000Z,1,2,2,1,2,0.447,1264
2021-06-30T00:00:00.000Z,0,2,2,1,2,0.489,1251
2021-07-01T00:00:00.000Z,1,2,2,1,2,0.483,1275
2021-07-02T00:00:00.000Z,1,2,2,1,2,0.5,1276
2021-07-03T00:00:00.000Z,1,2,2,1,2,0.47,91
2021-07-11T00:00:00.000Z,1,2,2,1,2,0.484,1186
2021-07-12T00:00:00.000Z,1,3,2,2,2,0.398,1209
2021-07-13T00:00:00.000Z,1,2,2,1,2,0.49,1169
2021-07-14T00:00:00.000Z,1,2,2,2,2,0.425,1201
2021-07-15T00:00:00.000Z,1,2,2,1,2,0.479,1195
2021-07-16T00:00:00.000Z,1,2,2,1,2,0.457,1181
2021-07-17T00:00:00.000Z,1,2,2,2,2,0.418,1168
2021-07-18T00:00:00.000Z,1,3,2,2,2,0.428,1225
2021-07-19T00:00:00.000Z,1,2,2,1,2,0.445,1172
2021-07-20T00:00:00.000Z,1,2,2,2,2,0.357,1050
2021-07-21T00:00:00.000Z,1,3,2,2,2,0.425,1217
2021-07-22T00:00:00.000Z,1,2,2,2,2,0.411,1168
2021-07-23T00:00:00.000Z,1,2,2,2,2,0.311,1172
2021-07-24T00:00:00.000Z,1,2,2,2,2,0.385,1161
2021-07-25T00:00:00.000Z,1,2,2,1,2,0.483,1157
2021-07-26T00:00:00.000Z,1,2,1.5,1,2,0.5,1182
2021-07-27T00:00:00.000Z,1,2,2,1,2,0.497,1203
2021-07-28T00:00:00.000Z,1,3,2,1,2,0.439,1133
2021-07-29T00:00:00.000Z,1,2,2,2,2,0.403,1175
2021-07-30T00:00:00.000Z,1,2,2,1,2,0.463,1176
2021-07-31T00:00:00.000Z,1,2,2,1,2,0.483,1083
2021-08-01T00:00:00.000Z,0,2,2,1,2,0.481,1150
2021-08-02T00:00:00.000Z,1,2,2,1,2,0.487,1203
2021-08-03T00:00:00.000Z,1,2,2,2,2,0.43,1296
2021-08-04T00:00:00.000Z,1,2,2,1,2,0.473,1281
2021-08-05T00:00:00.000Z,1,2,2,1,2,0.488,1171
2021-08-06T00:00:00.000Z,1,2,2,1,2,0.461,1191
2021-08-07T00:00:00.000Z,0,2,2,1,2,0.498,1229
2021-08-08T00:00:00.000Z,1,2,2,1,2,0.493,1235
2021-08-09T00:00:00.000Z,1,2,2,1,2,0.483,1179
2021-08-10T00:00:00.000Z,1,2,2,1,2,0.455,1175
2021-08-11T00:00:00.000Z,1,3,2,1,2,0.498,1173
2021-08-12T00:00:00.000Z,1,2,2,1,2,0.438,1132
2021-08-13T00:00:00.000Z,1,2,2,1,2,0.487,983
2021-08-14T00:00:00.000Z,1,2,2,1,2,0.47,1030
2021-08-15T00:00:00.000Z,1,2,2,1,2,0.5,1051
2021-08-16T00:00:00.000Z,1,2,2,1,2,0.489,959
2021-08-17T00:00:00.000Z,1,2,2,1,2,0.477,974
2021-08-18T00:00:00.000Z,1,2,2,1,2,0.48,1060
2021-08-19T00:00:00.000Z,1,2,2,1,2,0.474,1053
2021-08-20T00:00:00.000Z,1,2,2,1,2,0.48,1080
2021-08-21T00:00:00.000Z,1,2,1,1,2,0.5,1109
2021-08-22T00:00:00.000Z,1,2,1,1,2,0.5,1005
2021-08-23T00:00:00.000Z,1,2,2,1,2,0.497,1039
2021-08-24T00:00:00.000Z,1,2,2,1,2,0.462,1108
2021-08-25T00:00:00.000Z,1,2,1,1,2,0.485,87
2021-08-26T00:00:00.000Z,1,2,2,2,2,0.403,745
2021-08-27T00:00:00.000Z,1,2,2,1,2,0.493,1112
2021-08-28T00:00:00.000Z,1,2,2,1,2,0.497,1079
2021-08-29T00:00:00.000Z,1,2,2,1,2,0.479,1039
2021-08-30T00:00:00.000Z,0,2,2,1,2,0.474,1068
2021-08-31T00:00:00.000Z,1,2,2,1,2,0.497,1132
2021-09-01T00:00:00.000Z,1,2,2,1,2,0.486,1111
2021-09-02T00:00:00.000Z,1,2,2,1,2,0.494,995
2021-09-03T00:00:00.000Z,1,2,2,1,2,0.492,1104
2021-09-04T00:00:00.000Z,1,2,2,2,2,0.208,22
2021-09-28T00:00:00.000Z,1,2,2,1,2,0.476,924
2021-09-29T00:00:00.000Z,1,2,2,1,2,0.491,1218
2021-09-30T00:00:00.000Z,1,2,2,1,2,0.5,1313
2021-10-01T00:00:00.000Z,1,2,2,1,2,0.492,1309
2021-10-02T00:00:00.000Z,1,2,2,1,2,0.485,1289
2021-10-03T00:00:00.000Z,0,2,2,1,2,0.497,1272
2021-10-04T00:00:00.000Z,1,2,2,1,2,0.479,1268
2021-10-05T00:00:00.000Z,1,2,2,1,2,0.493,1247
2021-10-06T00:00:00.000Z,1,2,2,1,2,0.479,1165
2021-10-07T00:00:00.000Z,1,2,2,1,2,0.482,1235
2021-10-08T00:00:00.000Z,1,2,2,1,2,0.498,1206
2021-10-09T00:00:00.000Z,1,2,2,1,2,0.489,1210
2021-10-10T00:00:00.000Z,1,2,2,1,2,0.44,1223
2021-10-11T00:00:00.000Z,1,2,2,1,2,0.478,1220
2021-10-12T00:00:00.000Z,1,2,2,1,2,0.477,1141
2021-10-13T00:00:00.000Z,1,2,2,1,2,0.482,1175
2021-10-14T00:00:00.000Z,1,3,2,1,2,0.496,1179
2021-10-15T00:00:00.000Z,1,2,2,1,2,0.485,1284
2021-10-16T00:00:00.000Z,1,2,2,1,2,0.491,1278
2021-10-17T00:00:00.000Z,0,2,2,1,2,0.495,913
2021-10-18T00:00:00.000Z,1,2,2,1,2,0.476,1019
2021-10-19T00:00:00.000Z,1,2,2,1,2,0.496,1301
2021-10-20T00:00:00.000Z,1,2,2,1,2,0.482,1200
2021-10-21T00:00:00.000Z,1,2,2,1,2,0.498,1248
2021-10-22T00:00:00.000Z,0,3,2,1,2,0.499,1268
2021-10-23T00:00:00.000Z,1,2,2,1,2,0.469,1170
2021-10-24T00:00:00.000Z,1,2,2,1,2,0.497,1225
2021-10-25T00:00:00.000Z,1,2,2,1,2,0.499,1208
2021-10-26T00:00:00.000Z,1,2,2,1,2,0.49,1177
2021-10-27T00:00:00.000Z,1,2,2,1,2,0.489,1219
2021-10-28T00:00:00.000Z,1,2,2,1,2,0.498,949
2021-10-29T00:00:00.000Z,0,2,2,1,2,0.501,1308
2021-10-30T00:00:00.000Z,1,2,1,1,2,0.496,1257
2021-10-31T00:00:00.000Z,1,2,2,1,2,0.5,1301
2021-11-01T00:00:00.000Z,1,2,2,1,2,0.49,1303
2021-11-02T00:00:00.000Z,1,2,1,1,2,0.497,1254
2021-11-03T00:00:00.000Z,1,2,1,1,2,0.5,1322
2021-11-04T00:00:00.000Z,1,2,2,1,2,0.499,1309
2021-11-05T00:00:00.000Z,1,2,1,1,2,0.499,1286
2021-11-06T00:00:00.000Z,1,2,1,1,2,0.494,1276
2021-11-07T00:00:00.000Z,1,2,2,1,2,0.492,1288
2021-11-08T00:00:00.000Z,1,2,2,1,2,0.496,1011
2021-11-09T00:00:00.000Z,1,2,2,1,2,0.488,1200
2021-11-10T00:00:00.000Z,1,3,2,1,2,0.492,1275
2021-11-11T00:00:00.000Z,0,2,2,1,2,0.486,1283
2021-11-12T00:00:00.000Z,0,2,2,1,2,0.442,1282
2021-11-13T00:00:00.000Z,1,2,2,1,2,0.474,1269
2021-11-14T00:00:00.000Z,1,3,2,1,2,0.471,1153
2021-11-15T00:00:00.000Z,1,3,2,1,2,0.496,1215
2021-11-16T00:00:00.000Z,0,2,2,1,2,0.49,1237
2021-11-17T00:00:00.000Z,1,2,2,1,2,0.499,1308
2021-11-18T00:00:00.000Z,1,2,2,1,2,0.494,1257
2021-11-19T00:00:00.000Z,1,2,2,1,2,0.5,1215
2021-11-20T00:00:00.000Z,1,3,2,2,2,0.464,1127
2021-11-21T00:00:00.000Z,1,2,2,1,2,0.445,1250
2021-11-22T00:00:00.000Z,1,2,2,1,2,0.464,1205
2021-11-23T00:00:00.000Z,1,2,2,1,2,0.473,1175
2021-11-24T00:00:00.000Z,1,2,2,1,2,0.462,1219
2021-11-25T00:00:00.000Z,1,3,2,2,2,0.453,1247
2021-11-26T00:00:00.000Z,1,2,2,1,2,0.459,1278
2021-11-27T00:00:00.000Z,0,2,2,1,2,0.464,1204
2021-11-28T00:00:00.000Z,1,2,2,2,2,0.431,1233
2021-11-29T00:00:00.000Z,0,2,2,1,2,0.482,1209
2021-11-30T00:00:00.000Z,1,2,2,1,2,0.458,1220
2021-12-01T00:00:00.000Z,1,3,2,1,2,0.498,1252
2021-12-02T00:00:00.000Z,1,2,2,1,2,0.469,1244
2021-12-03T00:00:00.000Z,1,2,2,1,2,0.468,482
2021-12-04T00:00:00.000Z,1,2,2,2,2,0.412,1096
2021-12-05T00:00:00.000Z,1,2,2,1,2,0.492,1198
2021-12-06T00:00:00.000Z,1,2,2,1,2,0.466,1228
2021-12-07T00:00:00.000Z,1,2,2,2,2,0.395,1215
2021-12-08T00:00:00.000Z,1,2,2,2,2,0.389,1117
2021-12-09T00:00:00.000Z,1,2,2,2,2,0.423,1192
2021-12-10T00:00:00.000Z,1,2,2,1,2,0.468,1187
2021-12-11T00:00:00.000Z,1,2,2,1,2,0.466,1078
2021-12-12T00:00:00.000Z,1,2,2,1,2,0.488,1074
2021-12-13T00:00:00.000Z,0,2,2,1,2,0.492,1226
2021-12-14T00:00:00.000Z,1,2,2,1,2,0.499,1217
2021-12-15T00:00:00.000Z,1,3,2,2,2,0.433,1227
2021-12-16T00:00:00.000Z,1,2,2,1,2,0.479,1138
2021-12-17T00:00:00.000Z,1,2,2,1,2,0.488,1216
2021-12-18T00:00:00.000Z,1,2,2,1,2,0.498,1216
2021-12-19T00:00:00.000Z,1,3,2,1,2,0.481,1172
2021-12-20T00:00:00.000Z,1,2,2,1,2,0.491,1177
2021-12-21T00:00:00.000Z,1,2,2,1,2,0.483,1185
2021-12-22T00:00:00.000Z,1,3,2,1,2,0.47,1206
2021-12-23T00:00:00.000Z,1,2,2,2,2,0.346,1017
2021-12-24T00:00:00.000Z,1,2,2,1,2,0.498,1216
2021-12-25T00:00:00.000Z,1,2,2,1,2,0.481,1102
2021-12-26T00:00:00.000Z,1,2,2,2,2,0.427,1111
2021-12-27T00:00:00.000Z,1,2,2,1,2,0.478,1191
2021-12-28T00:00:00.000Z,1,2,2,1,2,0.484,1166
2021-12-29T00:00:00.000Z,1,2,2,1,2,0.471,1171
2021-12-30T00:00:00.000Z,0,2,2,1,2,0.502,1122
2021-12-31T00:00:00.000Z,1,2,2,1,2,0.486,1182
2022-01-01T00:00:00.000Z,1,3,2,1,2,0.478,1224
2022-01-02T00:00:00.000Z,1,2,2,1,2,0.472,1232
2022-01-03T00:00:00.000Z,1,2,2,2,2,0.416,1195
2022-01-04T00:00:00.000Z,1,2,2,1,2,0.471,971
2022-01-05T00:00:00.000Z,0,2,2,1,2,0.501,1163
2022-01-06T00:00:00.000Z,1,2,1,1,2,0.498,1233
2022-01-07T00:00:00.000Z,1,2,2,1,2,0.484,1265
2022-01-08T00:00:00.000Z,1,2,2,1,2,0.491,1147
2022-01-09T00:00:00.000Z,1,2,2,1,2,0.497,1179
2022-01-10T00:00:00.000Z,1,2,1,1,2,0.499,1193
2022-01-11T00:00:00.000Z,1,2,2,1,2,0.465,1239
2022-01-12T00:00:00.000Z,1,2,2,1,2,0.486,1295
2022-01-13T00:00:00.000Z,1,2,2,1,2,0.49,1261
2022-01-14T00:00:00.000Z,1,2,2,1,2,0.486,1139
2022-01-15T00:00:00.000Z,1,2,1,1,2,0.492,1166
2022-01-16T00:00:00.000Z,1,2,1,1,2,0.496,1218
2022-01-17T00:00:00.000Z,0,3,2,1,2,0.481,1270
2022-01-18T00:00:00.000Z,1,2,2,1,2,0.475,1244
2022-01-19T00:00:00.000Z,1,2,1,1,2,0.483,1275
2022-01-20T00:00:00.000Z,1,2,2,1,2,0.497,1229
2022-01-21T00:00:00.000Z,1,2,1,1,2,0.499,1119
2022-01-22T00:00:00.000Z,0,2,1,1,2,0.496,1188
2022-01-23T00:00:00.000Z,0,2,1,1,2,0.488,1285
2022-01-24T00:00:00.000Z,1,2,1,1,1,0.409,1317
2022-01-25T00:00:00.000Z,1,3,1,1,2,0.497,1315
2022-01-26T00:00:00.000Z,1,2,2,1,2,0.476,1302
2022-01-27T00:00:00.000Z,1,2,2,1,2,0.475,1306
2022-01-28T00:00:00.000Z,0,2,2,1,2,0.496,1302
2022-01-29T00:00:00.000Z,1,2,2,1,2,0.465,1308
2022-01-30T00:00:00.000Z,1,2,2,1,2,0.49,1313
2022-01-31T00:00:00.000Z,1,3,2,1,2,0.497,1299
2022-02-01T00:00:00.000Z,1,3,2,1,2,0.466,1254
2022-02-02T00:00:00.000Z,1,2,2,2,2,0.355,1295
2022-02-03T00:00:00.000Z,1,2,2,2,2,0.363,1277
2022-02-04T00:00:00.000Z,1,2,2,1,2,0.437,1301
2022-02-05T00:00:00.000Z,1,2,1,1,2,0.5,1298
2022-02-06T00:00:00.000Z,1,2,2,1,2,0.477,1297
2022-02-07T00:00:00.000Z,1,2,2,1,2,0.481,1303
2022-02-08T00:00:00.000Z,1,3,2,1,2,0.479,1296
2022-02-09T00:00:00.000Z,1,2,2,1,2,0.465,1274
2022-02-10T00:00:00.000Z,1,2,2,1,2,0.47,1254
2022-02-11T00:00:00.000Z,1,3,2,1,2,0.506,1268
2022-02-12T00:00:00.000Z,1,3,2,1,2,0.504,1248
2022-02-13T00:00:00.000Z,1,2,2,1,2,0.484,1262
2022-02-14T00:00:00.000Z,0,2,1,1,2,0.482,173
2022-02-15T00:00:00.000Z,1,2,1,1,2,0.499,103
2022-02-16T00:00:00.000Z,1,2,2,1,2,0.49,107
2022-02-17T00:00:00.000Z,1,3,2,1,2,0.513,99
2022-02-18T00:00:00.000Z,1,2,2,1,2,0.476,98
2022-02-19T00:00:00.000Z,1,2,2,1,2,0.469,107
2022-02-20T00:00:00.000Z,1,2,2,1,2,0.497,104
2022-02-21T00:00:00.000Z,1,2,2,1,2,0.478,105
2022-02-22T00:00:00.000Z,0,2,2,1,2,0.469,104
2022-02-23T00:00:00.000Z,1,2,1,1,2,0.497,99
2022-02-24T00:00:00.000Z,1,2,2,1,2,0.499,102
2022-02-25T00:00:00.000Z,1,2,2,1,2,0.497,105
2022-02-26T00:00:00.000Z,1,2,2,1,2,0.492,109
2022-02-27T00:00:00.000Z,1,2,2,1,2,0.497,100
2022-02-28T00:00:00.000Z,1,2,2,1,2,0.47,103
2022-03-01T00:00:00.000Z,1,2,2,1,2,0.463,106
2022-03-02T00:00:00.000Z,1,3,2,1,2,0.515,102
2022-03-03T00:00:00.000Z,1,2,1,1,2,0.499,103
2022-03-04T00:00:00.000Z,1,2,2,1,2,0.498,101
2022-03-05T00:00:00.000Z,1,2,2,1,2,0.473,104
2022-03-06T00:00:00.000Z,1,2,2,1,2,0.436,102
2022-03-07T00:00:00.000Z,1,2,2,1,2,0.499,102
2022-03-08T00:00:00.000Z,1,2,2,1,2,0.487,106
2022-03-09T00:00:00.000Z,1,2,2,1,2,0.458,107
2022-03-10T00:00:00.000Z,1,3,2,1,2,0.496,104
2022-03-11T00:00:00.000Z,1,2,2,1,2,0.498,106
2022-03-12T00:00:00.000Z,1,3,2,1,2,0.481,105
2022-03-13T00:00:00.000Z,1,3,2,1,2,0.513,104
2022-03-14T00:00:00.000Z,1,2,1,1,2,0.499,104
2022-03-15T00:00:00.000Z,1,2,2,1,2,0.5,99
2022-03-16T00:00:00.000Z,1,2,2,1,2,0.498,103
2022-03-17T00:00:00.000Z,1,2,2,1,2,0.49,107
2022-03-18T00:00:00.000Z,1,2,2,1,2,0.494,106
2022-03-19T00:00:00.000Z,1,2,2,1,2,0.497,88
2022-03-20T00:00:00.000Z,1,3,2,1,2,0.51,108
2022-03-21T00:00:00.000Z,1,2,2,1,2,0.493,98
2022-03-22T00:00:00.000Z,1,2,2,1,2,0.462,107
2022-03-23T00:00:00.000Z,1,2,2,1,2,0.484,107
2022-03-24T00:00:00.000Z,1,2,2,1,2,0.486,102
2022-03-25T00:00:00.000Z,1,2,2,1,2,0.46,99
2022-03-26T00:00:00.000Z,1,2,2,1,2,0.491,99
2022-03-27T00:00:00.000Z,1,2,2,1,2,0.49,107
2022-03-28T00:00:00.000Z,1,2,2,1,2,0.498,100
2022-03-29T00:00:00.000Z,1,2,2,1,2,0.496,103
2022-03-30T00:00:00.000Z,1,3,2,1,2,0.471,109
2022-03-31T00:00:00.000Z,1,3,2,1,2,0.459,108
2022-04-01T00:00:00.000Z,1,2,2,1,2,0.456,105
2022-04-02T00:00:00.000Z,1,2,2,1,2,0.488,102
2022-04-03T00:00:00.000Z,0,2,2,1,2,0.482,104
2022-04-04T00:00:00.000Z,1,3,2,1,2,0.47,107
2022-04-05T00:00:00.000Z,1,2,2,1,2,0.478,105
2022-04-06T00:00:00.000Z,1,2,2,1,2,0.457,104
2022-04-07T00:00:00.000Z,1,2,2,1,2,0.473,104
2022-04-08T00:00:00.000Z,1,2,2,1,2,0.49,102
2022-04-09T00:00:00.000Z,1,2,2,1,2,0.483,103
2022-04-10T00:00:00.000Z,1,2,2,1,2,0.498,104
2022-04-11T00:00:00.000Z,1,2,2,1,2,0.454,110
2022-04-12T00:00:00.000Z,1,2,2,1,2,0.461,101
2022-04-13T00:00:00.000Z,1,3,2,1,2,0.498,109
2022-04-14T00:00:00.000Z,1,2,2,1,2,0.483,105
2022-04-15T00:00:00.000Z,1,2,2,1,2,0.492,102
2022-04-16T00:00:00.000Z,1,2,2,1,2,0.482,109
2022-04-17T00:00:00.000Z,1,2,2,1,2,0.485,106
2022-04-18T00:00:00.000Z,1,2,2,1,2,0.476,101
2022-04-19T00:00:00.000Z,1,2,2,1,2,0.487,104
2022-04-20T00:00:00.000Z,1,2,2,1,2,0.489,111
2022-04-21T00:00:00.000Z,1,2,2,1,2,0.5,103
2022-04-22T00:00:00.000Z,1,2,2,1,2,0.498,102
2022-04-23T00:00:00.000Z,1,2,2,1,2,0.492,104
2022-04-24T00:00:00.000Z,1,2,2,1,2,0.478,105
2022-04-25T00:00:00.000Z,1,2,2,1,2,0.499,101
2022-04-26T00:00:00.000Z,0,2,2,1,2,0.518,100
2022-04-27T00:00:00.000Z,1,2,2,1,2,0.496,100
2022-04-28T00:00:00.000Z,1,3,2,1,2,0.494,108
2022-04-29T00:00:00.000Z,1,2,2,1,2,0.468,102
2022-04-30T00:00:00.000Z,1,2,2,1,2,0.492,105
2022-05-01T00:00:00.000Z,1,2,2,1,2,0.482,101
2022-05-02T00:00:00.000Z,1,2,2,1,2,0.483,102
2022-05-03T00:00:00.000Z,1,2,2,1,2,0.494,100
2022-05-04T00:00:00.000Z,1,2,2,1,2,0.459,106
2022-05-05T00:00:00.000Z,1,2,2,1,2,0.459,103
2022-05-06T00:00:00.000Z,1,2,2,1,2,0.469,107
2022-05-07T00:00:00.000Z,1,2,2,1,2,0.479,104
2022-05-08T00:00:00.000Z,1,2,2,1,2,0.498,101
2022-05-09T00:00:00.000Z,1,2,2,1,2,0.483,103
2022-05-10T00:00:00.000Z,1,2,2,1,2,0.5,102
2022-05-11T00:00:00.000Z,1,2,2,1,2,0.49,105
2022-05-12T00:00:00.000Z,1,2,2,1,2,0.495,102
2022-05-13T00:00:00.000Z,1,3,2,1,2,0.528,103
2022-05-14T00:00:00.000Z,1,2,2,1,2,0.477,103
2022-05-15T00:00:00.000Z,1,2,2,1,2,0.488,97
2022-05-16T00:00:00.000Z,1,3,2,1,2,0.507,107
2022-05-17T00:00:00.000Z,0,2,2,1,2,0.506,106
2022-05-18T00:00:00.000Z,1,2,2,1,2,0.452,112
2022-05-19T00:00:00.000Z,1,2,2,1,2,0.49,107
2022-05-20T00:00:00.000Z,1,2,2,1,2,0.45,106
2022-05-21T00:00:00.000Z,1,2,2,1,2,0.481,107
2022-05-22T00:00:00.000Z,1,3,2,1.5,2,0.449,108
2022-05-23T00:00:00.000Z,0,2,2,1,2,0.498,104
2022-05-24T00:00:00.000Z,1,2,2,1,2,0.485,106
2022-05-25T00:00:00.000Z,1,2,2,1,2,0.459,106
2022-05-26T00:00:00.000Z,1,2,2,1,2,0.462,107
2022-05-27T00:00:00.000Z,1,2,2,1,2,0.49,105
2022-05-28T00:00:00.000Z,1,2,2,1,2,0.474,109
2022-05-29T00:00:00.000Z,1,2,2,1,2,0.48,106
2022-05-30T00:00:00.000Z,1,2,2,2,2,0.424,102
2022-05-31T00:00:00.000Z,1,2,2,1,2,0.434,107
2022-06-01T00:00:00.000Z,1,3,2,2,2,0.423,105
2022-06-02T00:00:00.000Z,1,3,2,1,2,0.472,103
2022-06-03T00:00:00.000Z,1,2,2,1,2,0.46,102
2022-06-04T00:00:00.000Z,1,3,2,1,2,0.475,100
2022-06-05T00:00:00.000Z,1,2,2,1,2,0.446,106
2022-06-06T00:00:00.000Z,1,3,2,1,2,0.466,106
2022-06-07T00:00:00.000Z,1,2,2,2,2,0.423,103
2022-06-08T00:00:00.000Z,1,2,2,1,2,0.436,106
2022-06-09T00:00:00.000Z,1,2,2,1,2,0.459,109
2022-06-10T00:00:00.000Z,1,3,2,1,2,0.478,107
2022-06-11T00:00:00.000Z,1,2,2,1,2,0.45,103
2022-06-12T00:00:00.000Z,1,3,2,1,2,0.463,105
2022-06-13T00:00:00.000Z,1,3,2,2,2,0.435,103
2022-06-14T00:00:00.000Z,1,2,2,1,2,0.45,106
2022-06-15T00:00:00.000Z,1,2,2,1,2,0.462,104
2022-06-16T00:00:00.000Z,1,3,2,1,2,0.453,105
2022-06-17T00:00:00.000Z,1,2,2,1,2,0.474,91
2022-06-18T00:00:00.000Z,0,3,2,1,2,0.507,105
2022-06-19T00:00:00.000Z,1,2,2,1,2,0.469,98
2022-06-20T00:00:00.000Z,1,2,2,1,2,0.474,109
2022-06-21T00:00:00.000Z,1,3,2,1,2,0.474,107
2022-06-22T00:00:00.000Z,1,2,2,1,2,0.453,104
2022-06-23T00:00:00.000Z,1,2,2,1,2,0.491,101
2022-06-24T00:00:00.000Z,1,2,2,2,2,0.428,108
2022-06-25T00:00:00.000Z,1,3,2,1,2,0.524,110
2022-06-26T00:00:00.000Z,1,2,2,1,2,0.447,109
2022-06-27T00:00:00.000Z,1,2,2,2,2,0.416,108
2022-06-28T00:00:00.000Z,1,3,2,2,2,0.401,105
2022-06-29T00:00:00.000Z,1,3,2,2,2,0.404,103
2022-06-30T00:00:00.000Z,1,3,2,1,2,0.485,101
2022-07-01T00:00:00.000Z,1,2,2,1,2,0.449,111
2022-07-02T00:00:00.000Z,1,3,2,1,2,0.487,103
2022-07-03T00:00:00.000Z,1,2,2,2,2,0.415,104
2022-07-04T00:00:00.000Z,1,2,2,1,2,0.456,102
2022-07-05T00:00:00.000Z,1,2,2,1,2,0.477,106
2022-07-06T00:00:00.000Z,1,2,2,1,2,0.459,103
2022-07-07T00:00:00.000Z,1,2,2,1,2,0.483,70
2022-07-08T00:00:00.000Z,1,2,2,1,2,0.467,106
2022-07-09T00:00:00.000Z,1,3,2,1,2,0.524,106
2022-07-10T00:00:00.000Z,1,2,2,1,2,0.452,105
2022-07-11T00:00:00.000Z,1,2,2,1,2,0.448,108
2022-07-12T00:00:00.000Z,1,2,2,1,2,0.437,109
2022-07-13T00:00:00.000Z,0,2,2,1,2,0.494,103
2022-07-14T00:00:00.000Z,1,2,2,1,2,0.454,107
2022-07-15T00:00:00.000Z,1,2,2,1,2,0.491,106
2022-07-16T00:00:00.000Z,1,2,2,2,2,0.399,106
2022-07-17T00:00:00.000Z,1,3,2,1,2,0.455,107
2022-07-18T00:00:00.000Z,1,2,2,2,2,0.371,103
2022-07-19T00:00:00.000Z,1,2,2,2,2,0.425,110
2022-07-20T00:00:00.000Z,1,2,2,1,2,0.456,102
2022-07-21T00:00:00.000Z,1,2,2,2,2,0.42,105
2022-07-22T00:00:00.000Z,1,2,2,1,2,0.487,111
2022-07-23T00:00:00.000Z,1,2,2,1,2,0.474,106
2022-07-24T00:00:00.000Z,1,2,2,1,2,0.449,111
2022-07-25T00:00:00.000Z,1,2,2,1,2,0.495,100
2022-07-26T00:00:00.000Z,1,2,2,1,2,0.457,111
2022-07-27T00:00:00.000Z,1,2,2,2,2,0.43,106
2022-07-28T00:00:00.000Z,1,2,2,1,2,0.462,107
2022-07-29T00:00:00.000Z,0,2,2,1,2,0.483,103
2022-07-30T00:00:00.000Z,1,2,2,1,2,0.442,105
2022-07-31T00:00:00.000Z,1,2,2,1,2,0.437,113
2022-08-01T00:00:00.000Z,1,2,2,1,2,0.448,97
2022-08-02T00:00:00.000Z,1,3,2,1,2,0.494,70
2022-08-03T00:00:00.000Z,1,2,2,1,2,0.469,101
2022-08-04T00:00:00.000Z,0,2,2,1,2,0.489,107
2022-08-05T00:00:00.000Z,1,2,2,1,2,0.439,111
2022-08-06T00:00:00.000Z,1,2,2,1,2,0.467,106
2022-08-07T00:00:00.000Z,1,2,2,1,2,0.466,110
2022-08-08T00:00:00.000Z,1,2,2,1,2,0.481,105
2022-08-09T00:00:00.000Z,0,2,2,1,2,0.511,111
2022-08-10T00:00:00.000Z,1,2,2,1,2,0.466,107
2022-08-11T00:00:00.000Z,1,2,2,1,2,0.46,115
2022-08-12T00:00:00.000Z,0,2,2,1,2,0.482,104
2022-08-13T00:00:00.000Z,1,2,2,1,2,0.492,110
2022-08-14T00:00:00.000Z,1,2,2,1,2,0.446,106
2022-08-15T00:00:00.000Z,1,2,2,1,2,0.474,103
2022-08-16T00:00:00.000Z,1,2,2,2,2,0.43,106
2022-08-17T00:00:00.000Z,1,2,2,1,2,0.443,108
2022-08-18T00:00:00.000Z,1,2,2,1,2,0.463,109
2022-08-19T00:00:00.000Z,0,2,2,1,2,0.497,105
2022-08-20T00:00:00.000Z,1,2,2,1,2,0.48,106
2022-08-21T00:00:00.000Z,1,2,2,1,2,0.478,102
2022-08-22T00:00:00.000Z,1,2,2,1.5,2,0.433,108
2022-08-23T00:00:00.000Z,1,2,2,1,2,0.47,106
2022-08-24T00:00:00.000Z,1,2,2,1,2,0.446,106
2022-08-25T00:00:00.000Z,1,2,2,1,2,0.465,104
2022-08-26T00:00:00.000Z,1,2,2,1,2,0.474,103
2022-08-27T00:00:00.000Z,1,2,2,1,2,0.492,104
2022-08-28T00:00:00.000Z,1,3,2,1,2,0.487,106
2022-08-29T00:00:00.000Z,1,3,2,1,2,0.474,110
2022-08-30T00:00:00.000Z,1,2,2,1,2,0.449,111
2022-08-31T00:00:00.000Z,1,2,2,1,2,0.444,107
2022-09-01T00:00:00.000Z,1,2,2,2,2,0.423,107
2022-09-02T00:00:00.000Z,1,3,2,1,2,0.521,109
2022-09-03T00:00:00.000Z,1,2,2,1,2,0.493,105
2022-09-04T00:00:00.000Z,1,2,2,1,2,0.479,104
2022-09-05T00:00:00.000Z,1,2,2,1,2,0.483,103
2022-09-06T00:00:00.000Z,1,2,2,1,2,0.48,111
2022-09-07T00:00:00.000Z,1,2,2,1,2,0.499,111
2022-09-08T00:00:00.000Z,1,2,2,1,2,0.437,113
2022-09-09T00:00:00.000Z,1,2,2,1,2,0.498,101
2022-09-10T00:00:00.000Z,1,2,2,1,2,0.475,105
2022-09-11T00:00:00.000Z,1,2,2,1,2,0.481,105
2022-09-12T00:00:00.000Z,0,2,2,1,2,0.491,105
2022-09-13T00:00:00.000Z,1,2,2,1.5,2,0.433,104
2022-09-14T00:00:00.000Z,1,2,2,1,2,0.44,107
2022-09-15T00:00:00.000Z,1,3,2,1,2,0.49,111
2022-09-16T00:00:00.000Z,1,2,2,1,2,0.476,104
2022-09-17T00:00:00.000Z,1,2,2,1,2,0.462,110
2022-09-18T00:00:00.000Z,1,2,2,1,2,0.484,110
2022-09-19T00:00:00.000Z,1,2,2,1,2,0.467,90
2022-09-20T00:00:00.000Z,1,2,2,1,2,0.497,18
2022-09-21T00:00:00.000Z,1,2,2,1,2,0.499,65
2022-09-22T00:00:00.000Z,0,2,1,1,2,0.518,105
2022-09-23T00:00:00.000Z,1,2,2,1,2,0.467,103
2022-09-24T00:00:00.000Z,1,3,2,1,2,0.482,107
2022-09-25T00:00:00.000Z,1,2,2,1,2,0.499,109
2022-09-26T00:00:00.000Z,1,2,2,1,2,0.498,103
2022-09-27T00:00:00.000Z,1,2,2,1,2,0.471,108
2022-09-28T00:00:00.000Z,1,2,2,2,2,0.429,107
2022-09-29T00:00:00.000Z,1,2,2,1,2,0.476,104
2022-09-30T00:00:00.000Z,1,2,2,1,2,0.493,106
2022-10-01T00:00:00.000Z,1,3,2,1,2,0.512,109
2022-10-02T00:00:00.000Z,1,2,2,1,2,0.498,110
2022-10-03T00:00:00.000Z,1,2,2,1,2,0.499,106
2022-10-04T00:00:00.000Z,1,2,2,1,2,0.476,101
2022-10-05T00:00:00.000Z,1,2,2,1,2,0.489,104
2022-10-06T00:00:00.000Z,1,2,2,1,2,0.492,105
2022-10-07T00:00:00.000Z,1,2,2,1,2,0.484,110
2022-10-08T00:00:00.000Z,1,2,2,1,2,0.471,102
2022-10-09T00:00:00.000Z,1,2,2,1,2,0.464,108
2022-10-10T00:00:00.000Z,0,2,2,1,2,0.5,103
2022-10-11T00:00:00.000Z,1,2,2,1,2,0.487,108
2022-10-12T00:00:00.000Z,0,2,2,1,2,0.519,105
2022-10-13T00:00:00.000Z,1,2,2,1,2,0.486,107
2022-10-14T00:00:00.000Z,1,2,2,1,2,0.491,108
2022-10-15T00:00:00.000Z,1,2,2,1,2,0.498,105
2022-10-16T00:00:00.000Z,1,2,2,1,2,0.48,106
2022-10-17T00:00:00.000Z,1,2,2,1,2,0.453,104
2022-10-18T00:00:00.000Z,1,2,2,1,2,0.489,73
2022-10-21T00:00:00.000Z,1,2,2,1,2,0.492,107
2022-10-22T00:00:00.000Z,1,2,2,1,2,0.462,104
2022-10-23T00:00:00.000Z,1,3,2,1,2,0.52,106
2022-10-24T00:00:00.000Z,1,2,2,1,2,0.497,103
2022-10-25T00:00:00.000Z,0,2,2,1,2,0.519,103
2022-10-26T00:00:00.000Z,1,2,1,1,2,0.5,103
2022-10-27T00:00:00.000Z,1,2,2,1,2,0.499,105
2022-10-28T00:00:00.000Z,0,2,2,1,2,0.494,110
2022-10-29T00:00:00.000Z,1,2,2,1,2,0.491,108
2022-10-30T00:00:00.000Z,1,2,2,1,2,0.5,102
2022-10-31T00:00:00.000Z,1,2,2,1,2,0.49,107
2022-11-01T00:00:00.000Z,1,2,2,1,2,0.493,106
2022-11-02T00:00:00.000Z,1,3,2,1,2,0.515,104
2022-11-03T00:00:00.000Z,1,2,2,1,2,0.49,102
2022-11-04T00:00:00.000Z,1,2,2,1,2,0.484,109
2022-11-05T00:00:00.000Z,1,2,1,1,2,0.5,104
2022-11-06T00:00:00.000Z,1,2,2,1,2,0.467,109
2022-11-07T00:00:00.000Z,1,2,2,1,2,0.494,101
2022-11-08T00:00:00.000Z,1,2,2,1,2,0.49,102
2022-11-09T00:00:00.000Z,1,2,1.5,1,2,0.5,106
2022-11-10T00:00:00.000Z,1,2,2,1,2,0.494,100
2022-11-11T00:00:00.000Z,1,2,2,1,2,0.493,99
2022-11-12T00:00:00.000Z,1,2,2,1,2,0.5,103
2022-11-13T00:00:00.000Z,1,2,1,1,2,0.496,101
2022-11-14T00:00:00.000Z,1,2,2,1,2,0.497,105
2022-11-15T00:00:00.000Z,1,2,2,1,2,0.474,106
2022-11-16T00:00:00.000Z,1,2,2,1,2,0.478,108
2022-11-17T00:00:00.000Z,1,2,2,1,2,0.497,107
2022-11-18T00:00:00.000Z,1,2,2,1,2,0.495,104
2022-11-19T00:00:00.000Z,1,2,2,1,2,0.499,104
2022-11-20T00:00:00.000Z,1,2,2,1,2,0.485,103
2022-11-21T00:00:00.000Z,1,3,2,1,2,0.474,110
2022-11-22T00:00:00.000Z,1,2,2,1,2,0.489,101
2022-11-23T00:00:00.000Z,0,2,2,1,2,0.514,113
2022-11-24T00:00:00.000Z,1,2,2,1,2,0.493,110
2022-11-25T00:00:00.000Z,1,2,2,1,2,0.481,107
2022-11-26T00:00:00.000Z,1,2,2,1,2,0.491,104
2022-11-27T00:00:00.000Z,0,2,2,1,2,0.511,107
2022-11-28T00:00:00.000Z,1,2,2,1,2,0.486,107
2022-11-29T00:00:00.000Z,1,2,2,1,2,0.497,107
2022-11-30T00:00:00.000Z,1,2,2,1,2,0.498,106
2022-12-01T00:00:00.000Z,0,2,2,1,2,0.505,92
2022-12-02T00:00:00.000Z,1,2,2,1,2,0.484,104
2022-12-03T00:00:00.000Z,1,2,2,1,2,0.473,104
2022-12-04T00:00:00.000Z,1,2,2,1,2,0.47,109
2022-12-05T00:00:00.000Z,1,2,2,1,2,0.494,106
2022-12-06T00:00:00.000Z,1,2,2,1,2,0.489,103
2022-12-07T00:00:00.000Z,1,2,2,1,2,0.499,111
2022-12-08T00:00:00.000Z,1,2,2,1,2,0.492,107
2022-12-09T00:00:00.000Z,1,2,1,1,2,0.5,104
2022-12-10T00:00:00.000Z,1,2,2,1,2,0.499,105
2022-12-11T00:00:00.000Z,1,3,2,1,2,0.476,108
2022-12-12T00:00:00.000Z,1,2,2,1,2,0.49,105
2022-12-13T00:00:00.000Z,1,2,2,1,2,0.466,100
2022-12-14T00:00:00.000Z,1,2,2,1,2,0.477,109
2022-12-15T00:00:00.000Z,1,2,2,1,2,0.472,107
2022-12-16T00:00:00.000Z,0,2,2,1,2,0.517,103
2022-12-17T00:00:00.000Z,1,2,2,1,2,0.488,102
2022-12-18T00:00:00.000Z,1,2,2,1,2,0.486,102
2022-12-19T00:00:00.000Z,1,2,2,1,2,0.497,101
2022-12-20T00:00:00.000Z,1,2,1,1,2,0.5,100
2022-12-21T00:00:00.000Z,1,2,2,1,2,0.477,109
2022-12-22T00:00:00.000Z,1,2,2,1,2,0.492,105
2022-12-23T00:00:00.000Z,1,2,2,1,2,0.497,107
2022-12-24T00:00:00.000Z,1,3,2,1,2,0.496,105
2022-12-25T00:00:00.000Z,1,2,2,1,2,0.494,101
2022-12-26T00:00:00.000Z,1,3,2,1,2,0.522,102
2022-12-27T00:00:00.000Z,1,2,2,1,2,0.478,105
2022-12-28T00:00:00.000Z,1,2,2,1,2,0.486,102
2022-12-29T00:00:00.000Z,1,2,1,1,2,0.5,102
2022-12-30T00:00:00.000Z,1,2,2,1,2,0.5,105
2022-12-31T00:00:00.000Z,1,4,2,1,2,0.577,105
2023-01-01T00:00:00.000Z,1,2,2,1,2,0.452,112
2023-01-02T00:00:00.000Z,1,2,2,1,2,0.484,109
2023-01-03T00:00:00.000Z,1,3,2,1,2,0.516,107
2023-01-04T00:00:00.000Z,1,2,2,1,2,0.492,102
2023-01-05T00:00:00.000Z,1,2,2,1,2,0.481,110
2023-01-06T00:00:00.000Z,1,3,2,1,2,0.513,104
2023-01-07T00:00:00.000Z,1,3,2,1,2,0.495,109
2023-01-08T00:00:00.000Z,1,2,2,1,2,0.494,106
2023-01-09T00:00:00.000Z,1,2,2,1,2,0.471,102
2023-01-10T00:00:00.000Z,1,2,1,1,2,0.499,102
2023-01-11T00:00:00.000Z,1,2,2,1,2,0.48,106
2023-01-12T00:00:00.000Z,1,3,2,1,2,0.48,108
2023-01-13T00:00:00.000Z,1,2,2,1,2,0.467,103
2023-01-14T00:00:00.000Z,1,2,2,1,2,0.498,100
2023-01-15T00:00:00.000Z,1,2,2,1,2,0.467,106
2023-01-16T00:00:00.000Z,1,2,2,1,2,0.488,105
2023-01-17T00:00:00.000Z,1,2,2,1,2,0.494,108
2023-01-18T00:00:00.000Z,1,3,2,1,2,0.501,106
2023-01-19T00:00:00.000Z,1,2,2,1,2,0.487,109
2023-01-20T00:00:00.000Z,1,2,2,1,2,0.5,100
2023-01-21T00:00:00.000Z,1,2,2,1,2,0.49,102
2023-01-22T00:00:00.000Z,1,2,2,1,2,0.481,99
2023-01-23T00:00:00.000Z,1,2,2,1,2,0.471,108
2023-01-24T00:00:00.000Z,1,2,2,1,2,0.498,108
2023-01-25T00:00:00.000Z,1,2,2,1,2,0.49,107
2023-01-26T00:00:00.000Z,1,3,2,1,2,0.498,104
2023-01-27T00:00:00.000Z,1,2,2,1,2,0.483,108
2023-01-28T00:00:00.000Z,1,2,2,1,2,0.467,106
2023-01-29T00:00:00.000Z,1,2,2,1,2,0.497,104
2023-01-30T00:00:00.000Z,1,2,2,1,2,0.492,102
2023-01-31T00:00:00.000Z,1,2,2,1,2,0.489,101
2023-02-01T00:00:00.000Z,1,2,1,1,2,0.49,100
2023-02-02T00:00:00.000Z,1,2,2,1,2,0.48,103
2023-02-03T00:00:00.000Z,1,2,2,1,2,0.491,108
2023-02-04T00:00:00.000Z,0,2,2,1,2,0.497,105
2023-02-05T00:00:00.000Z,1,2,2,1,2,0.478,105
2023-02-06T00:00:00.000Z,1,2,2,1,2,0.498,101
2023-02-07T00:00:00.000Z,1,2,2,1,2,0.497,106
2023-02-08T00:00:00.000Z,1,2,2,1,2,0.495,104
2023-02-09T00:00:00.000Z,0,2,2,1,2,0.514,103
2023-02-10T00:00:00.000Z,1,3,2,1,2,0.504,105
2023-02-11T00:00:00.000Z,1,2,2,1,2,0.487,103
2023-02-12T00:00:00.000Z,1,2,2,1,2,0.496,106
2023-02-13T00:00:00.000Z,1,2,2,1,2,0.497,101
2023-02-14T00:00:00.000Z,1,2,2,1,2,0.499,102
2023-02-15T00:00:00.000Z,1,3,2,1,2,0.515,104
2023-02-16T00:00:00.000Z,1,3,2,1,2,0.514,105
2023-02-17T00:00:00.000Z,0,2,1,1,2,0.5,98
2023-02-18T00:00:00.000Z,1,2,1,1,2,0.496,100
2023-02-19T00:00:00.000Z,0,2,1,1,2,0.487,100
2023-02-20T00:00:00.000Z,0,2,1,1,2,0.517,103
2023-02-21T00:00:00.000Z,1,2,1,1,2,0.485,100
2023-02-22T00:00:00.000Z,1,2,1,1,2,0.495,102
2023-02-23T00:00:00.000Z,0,2,1,1,2,0.508,100
2023-02-24T00:00:00.000Z,1,2,1,1,2,0.477,100
2023-02-25T00:00:00.000Z,1,2,1,1,2,0.498,102
2023-02-26T00:00:00.000Z,0,2,1,1,2,0.506,104
2023-02-27T00:00:00.000Z,1,2,1,1,2,0.499,98
2023-02-28T00:00:00.000Z,1,2,2,1,2,0.491,96
2023-03-01T00:00:00.000Z,1,2,2,1,2,0.498,107
2023-03-02T00:00:00.000Z,0,2,2,1,2,0.505,105
2023-03-03T00:00:00.000Z,1,2,2,1,2,0.488,102
2023-03-04T00:00:00.000Z,1,2,2,1,2,0.496,108
2023-03-05T00:00:00.000Z,1,2,2,1,2,0.484,104
2023-03-06T00:00:00.000Z,0,3,2,1,2,0.535,103
2023-03-07T00:00:00.000Z,1,3,2,1,2,0.485,107
2023-03-08T00:00:00.000Z,1,2,2,1,2,0.486,105
2023-03-09T00:00:00.000Z,1,2,2,1,2,0.478,102
2023-03-10T00:00:00.000Z,1,3,2,1,2,0.545,102
2023-03-11T00:00:00.000Z,1,2,1,1,2,0.5,103
2023-03-12T00:00:00.000Z,1,2,2,1,2,0.491,101
2023-03-13T00:00:00.000Z,1,2,2,1,2,0.485,106
2023-03-14T00:00:00.000Z,0,2,2,1,2,0.517,104
2023-03-15T00:00:00.000Z,1,2,2,1,2,0.499,102
2023-03-16T00:00:00.000Z,1,2,1,1,2,0.5,104
2023-03-17T00:00:00.000Z,0,2,2,1,2,0.508,108
2023-03-18T00:00:00.000Z,1,2,2,1,2,0.481,105
2023-03-19T00:00:00.000Z,1,2,2,1,2,0.5,103
2023-03-20T00:00:00.000Z,1,2,1,1,2,0.498,100
2023-03-21T00:00:00.000Z,1,3,2,1,2,0.509,103
2023-03-22T00:00:00.000Z,0,2,2,1,2,0.515,106
2023-03-23T00:00:00.000Z,1,3,2,1,2,0.519,103
2023-03-24T00:00:00.000Z,1,2,2,1,2,0.496,105
2023-03-25T00:00:00.000Z,1,2,2,1,2,0.496,106
2023-03-26T00:00:00.000Z,0,2,2,1,2,0.513,102
2023-03-27T00:00:00.000Z,1,2,1,1,2,0.489,103
2023-03-28T00:00:00.000Z,1,2,2,1,2,0.496,106
2023-03-29T00:00:00.000Z,1,2,2,1,2,0.468,102
2023-03-30T00:00:00.000Z,1,2,2,1,2,0.498,103
2023-03-31T00:00:00.000Z,1,2,2,1,2,0.496,99
2023-04-01T00:00:00.000Z,0,2,2,1,2,0.519,103
2023-04-02T00:00:00.000Z,1,2,2,1,2,0.487,104
2023-04-03T00:00:00.000Z,1,2,1.5,1,2,0.5,112
2023-04-04T00:00:00.000Z,1,2,2,1,2,0.483,100
2023-04-05T00:00:00.000Z,1,2,2,1,2,0.489,103
2023-04-06T00:00:00.000Z,1,2,2,1,2,0.474,103
2023-04-07T00:00:00.000Z,1,3,2,1,2,0.513,102
2023-04-08T00:00:00.000Z,1,2,2,1,2,0.499,104
2023-04-09T00:00:00.000Z,1,3,2,1,2,0.499,89
2023-04-10T00:00:00.000Z,1,2,2,1,2,0.471,102
2023-04-11T00:00:00.000Z,1,2,2,1,2,0.497,99
2023-04-12T00:00:00.000Z,1,3,2,1,2,0.513,101
2023-04-13T00:00:00.000Z,1,2,2,1,2,0.482,104
2023-04-14T00:00:00.000Z,1,3,2,1,2,0.512,104
2023-04-15T00:00:00.000Z,1,2,2,1,2,0.495,105
2023-04-16T00:00:00.000Z,1,2,1,1,2,0.494,102
2023-04-17T00:00:00.000Z,1,2,2,1,2,0.494,100
2023-04-18T00:00:00.000Z,1,2,1,1,2,0.499,101
2023-04-19T00:00:00.000Z,1,2,2,1,2,0.49,105
2023-04-20T00:00:00.000Z,1,2,2,1,2,0.493,101
2023-04-21T00:00:00.000Z,1,2,2,1,2,0.498,105
2023-04-22T00:00:00.000Z,1,2,1,1,2,0.5,105
2023-04-23T00:00:00.000Z,1,2,2,1,2,0.489,98
2023-04-24T00:00:00.000Z,1,2,2,1,2,0.49,107
2023-04-25T00:00:00.000Z,1,2,2,1,2,0.476,104
2023-04-26T00:00:00.000Z,1,2,2,1,2,0.495,109
2023-04-27T00:00:00.000Z,1,2,2,1,2,0.487,109
2023-04-28T00:00:00.000Z,0,2,2,1,2,0.493,106
2023-04-29T00:00:00.000Z,1,2,2,1,2,0.494,100
2023-04-30T00:00:00.000Z,1,2,2,1,2,0.497,101
2023-05-01T00:00:00.000Z,1,2,2,1,2,0.477,103
2023-05-02T00:00:00.000Z,1,3,2,1,2,0.519,101
2023-05-03T00:00:00.000Z,1,3,2,1,2,0.526,101
2023-05-04T00:00:00.000Z,0,2,2,1,2,0.48,100
2023-05-05T00:00:00.000Z,1,2,2,1,2,0.482,101
2023-05-06T00:00:00.000Z,1,2,2,1,2,0.459,106
2023-05-07T00:00:00.000Z,1,3,2,1,2,0.487,106
2023-05-08T00:00:00.000Z,1,2,2,1,2,0.471,105
2023-05-09T00:00:00.000Z,1,2,2,1,2,0.45,99
2023-05-10T00:00:00.000Z,1,2,2,1,2,0.491,104
2023-05-11T00:00:00.000Z,1,3,2,1,2,0.504,110
2023-05-12T00:00:00.000Z,1,2,2,1,2,0.491,104
2023-05-13T00:00:00.000Z,1,3,2,1,2,0.511,110
2023-05-14T00:00:00.000Z,1,2,2,1,2,0.453,104
2023-05-15T00:00:00.000Z,1,2,2,1,2,0.489,103
2023-05-16T00:00:00.000Z,1,2,2,1,2,0.483,108
2023-05-17T00:00:00.000Z,1,3,2,1,2,0.49,101
2023-05-18T00:00:00.000Z,1,2,2,1,2,0.493,103
2023-05-19T00:00:00.000Z,1,2,2,1,2,0.474,111
2023-05-20T00:00:00.000Z,1,2,2,1,2,0.459,109
2023-05-21T00:00:00.000Z,1,2,2,1,2,0.479,112
2023-05-22T00:00:00.000Z,1,2,2,1,2,0.496,99
2023-05-23T00:00:00.000Z,1,2,2,2,2,0.429,107
2023-05-24T00:00:00.000Z,1,2,2,1,2,0.464,108
2023-05-25T00:00:00.000Z,1,2,2,1,2,0.485,106
2023-05-26T00:00:00.000Z,1,3,2,1,2,0.509,111
2023-05-27T00:00:00.000Z,1,2,2,1,2,0.463,106
2023-05-28T00:00:00.000Z,1,2,2,1,2,0.481,105
2023-05-29T00:00:00.000Z,1,2,2,1,2,0.482,104
2023-05-30T00:00:00.000Z,1,2,2,1,2,0.438,104
2023-05-31T00:00:00.000Z,1,2,2,1,2,0.49,92
2023-06-01T00:00:00.000Z,1,2,2,1,2,0.498,106
2023-06-02T00:00:00.000Z,1,2,2,1,2,0.483,103
2023-06-03T00:00:00.000Z,0,2,2,1,2,0.506,108
2023-06-04T00:00:00.000Z,1,2,2,1,2,0.457,104
2023-06-05T00:00:00.000Z,1,3,2,1,2,0.513,99
2023-06-06T00:00:00.000Z,1,2,2,1,2,0.498,101
2023-06-07T00:00:00.000Z,1,2,2,1,2,0.47,106
2023-06-08T00:00:00.000Z,1,2,2,1,2,0.497,105
2023-06-09T00:00:00.000Z,1,2,2,1,2,0.459,109
2023-06-10T00:00:00.000Z,1,3,2,1,2,0.506,106
2023-06-11T00:00:00.000Z,1,2,2,1,2,0.476,110
2023-06-12T00:00:00.000Z,1,2,2,1,2,0.474,103
2023-06-13T00:00:00.000Z,0,2,2,1,2,0.49,103
2023-06-14T00:00:00.000Z,1,3,2,1,2,0.472,103
2023-06-15T00:00:00.000Z,1,2,2,1,2,0.473,104
2023-06-16T00:00:00.000Z,1,2,2,1,2,0.475,108
2023-06-17T00:00:00.000Z,1,2,2,1,2,0.495,98
2023-06-18T00:00:00.000Z,1,2,2,1,2,0.445,103
2023-06-19T00:00:00.000Z,1,2,2,1,2,0.463,103
2023-06-20T00:00:00.000Z,1,3,2,2,2,0.459,111
2023-06-21T00:00:00.000Z,1,3,2,2,2,0.46,114
2023-06-22T00:00:00.000Z,1,2,2,2,2,0.419,106
2023-06-23T00:00:00.000Z,1,3,2,2,2,0.392,105
2023-06-24T00:00:00.000Z,1,3,2,1,2,0.45,107
2023-06-25T00:00:00.000Z,1,2,2,1,2,0.448,101
2023-06-26T00:00:00.000Z,1,2,2,1,2,0.478,108
2023-06-27T00:00:00.000Z,1,2,2,1,2,0.478,102
2023-06-28T00:00:00.000Z,1,2,2,2,2,0.424,102
2023-06-29T00:00:00.000Z,1,2,2,2,2,0.429,107
2023-06-30T00:00:00.000Z,1,2,2,1,2,0.463,106
2023-07-01T00:00:00.000Z,1,2,2,1,2,0.476,107
2023-07-02T00:00:00.000Z,1,2,2,1,2,0.459,109
2023-07-03T00:00:00.000Z,1,3,2,1,2,0.456,110
2023-07-04T00:00:00.000Z,1,2,2,1,2,0.478,105
2023-07-05T00:00:00.000Z,1,3,2,1,2,0.467,115
2023-07-06T00:00:00.000Z,1,2,2,1,2,0.484,109
2023-07-07T00:00:00.000Z,1,2,2,1,2,0.46,112
2023-07-08T00:00:00.000Z,1,2,2,1,2,0.484,109
2023-07-09T00:00:00.000Z,1,2,2,1,2,0.496,106
2023-07-10T00:00:00.000Z,1,2,2,1,2,0.446,106
2023-07-11T00:00:00.000Z,1,2,2,1,2,0.5,99
2023-07-12T00:00:00.000Z,1,2,2,1,2,0.489,103
2023-07-13T00:00:00.000Z,1,3,2,1,2,0.458,105
2023-07-14T00:00:00.000Z,1,2,2,2,2,0.403,103
2023-07-15T00:00:00.000Z,1,3,2,1,2,0.481,112
2023-07-16T00:00:00.000Z,1,3,2,1.5,2,0.463,105
2023-07-17T00:00:00.000Z,1,2,2,1,2,0.451,102
2023-07-18T00:00:00.000Z,1,3,2,1.5,2,0.448,105
2023-07-19T00:00:00.000Z,1,2,2,1,2,0.479,101
2023-07-20T00:00:00.000Z,1,2,2,2,2,0.425,97
2023-07-21T00:00:00.000Z,1,3,2,2,2,0.425,108
2023-07-22T00:00:00.000Z,1,2,2,1,2,0.453,97
2023-07-23T00:00:00.000Z,1,3,2,1,2,0.457,99
2023-07-24T00:00:00.000Z,1,2,2,1,2,0.436,94
2023-07-25T00:00:00.000Z,1,3,2,1,2,0.47,110
2023-07-26T00:00:00.000Z,1,2,2,1,2,0.467,106
2023-07-27T00:00:00.000Z,1,2,2,1,2,0.445,99
2023-07-28T00:00:00.000Z,1,2,2,1,2,0.488,102
2023-07-29T00:00:00.000Z,1,2,2,2,2,0.42,105
2023-07-30T00:00:00.000Z,1,2,2,1,2,0.471,105
2023-07-31T00:00:00.000Z,1,2,2,1,2,0.499,105
2023-08-01T00:00:00.000Z,1,3,2,1,2,0.481,112
2023-08-02T00:00:00.000Z,0,3,2,1,2,0.511,113
2023-08-03T00:00:00.000Z,1,2,2,1,2,0.494,100
2023-08-04T00:00:00.000Z,1,2,2,1,2,0.488,105
2023-08-05T00:00:00.000Z,1,2,2,1,2,0.478,102
2023-08-06T00:00:00.000Z,1,3,2,1,2,0.502,108
2023-08-07T00:00:00.000Z,1,2,2,1,2,0.483,100
2023-08-08T00:00:00.000Z,1,2,2,1,2,0.478,105
2023-08-09T00:00:00.000Z,1,2,2,1,2,0.478,108
2023-08-10T00:00:00.000Z,1,2,2,1,2,0.488,105
2023-08-11T00:00:00.000Z,1,2,2,1,2,0.498,107
2023-08-12T00:00:00.000Z,1,2,2,1,2,0.478,102
2023-08-13T00:00:00.000Z,1,3,2,1,2,0.478,81
2023-08-14T00:00:00.000Z,1,3,2,2,2,0.473,61
2023-08-15T00:00:00.000Z,1,2,2,1,2,0.438,108
2023-08-16T00:00:00.000Z,1,2,2,1,2,0.47,103
2023-08-17T00:00:00.000Z,1,2,2,1,2,0.444,107
2023-08-18T00:00:00.000Z,1,3,2,1,2,0.461,103
2023-08-19T00:00:00.000Z,1,3,2,1,2,0.501,104
2023-08-20T00:00:00.000Z,1,2,2,1,2,0.48,106
2023-08-21T00:00:00.000Z,1,2,2,1,2,0.499,105
2023-08-22T00:00:00.000Z,1,2,2,1,2,0.447,105
2023-08-23T00:00:00.000Z,1,2,2,1,2,0.484,104
2023-08-24T00:00:00.000Z,0,2,2,1,2,0.501,106
2023-08-25T00:00:00.000Z,1,2,2,1,2,0.497,101
2023-08-26T00:00:00.000Z,1,2,2,1,2,0.478,105
2023-08-27T00:00:00.000Z,1,2,2,1,2,0.466,110
2023-08-28T00:00:00.000Z,1,2,2,1,2,0.491,98
2023-08-29T00:00:00.000Z,1,2,2,1,2,0.476,104
2023-08-30T00:00:00.000Z,1,3,2,1,2,0.455,111
2023-08-31T00:00:00.000Z,1,3,2,2,2,0.426,95
2023-09-01T00:00:00.000Z,1,3,2,1,2,0.485,96
2023-09-02T00:00:00.000Z,1,2,2,1,2,0.459,83
2023-09-03T00:00:00.000Z,1,3,2,1,2,0.503,105
2023-09-04T00:00:00.000Z,1,2,2,1,2,0.457,101
2023-09-05T00:00:00.000Z,0,2,2,1,2,0.516,107
2023-09-06T00:00:00.000Z,1,3,2,1,2,0.5,107
2023-09-07T00:00:00.000Z,1,2,2,1,2,0.481,105
2023-09-08T00:00:00.000Z,1,2,2,2,2,0.416,108
2023-09-09T00:00:00.000Z,0,2,2,1,2,0.487,106
2023-09-10T00:00:00.000Z,1,2,2,1,2,0.479,101
2023-09-11T00:00:00.000Z,1,2,2,1,2,0.496,108
2023-09-12T00:00:00.000Z,1,2,2,1,2,0.48,97
2023-09-13T00:00:00.000Z,1,2,2,1,2,0.5,99
2023-09-14T00:00:00.000Z,0,3,2,1,2,0.528,96
2023-09-15T00:00:00.000Z,1,2,2,1,2,0.5,103
2023-09-16T00:00:00.000Z,1,2,2,1,2,0.494,108
2023-09-17T00:00:00.000Z,1,2,2,1,2,0.482,104
2023-09-18T00:00:00.000Z,1,2,2,1,2,0.498,99
2023-09-19T00:00:00.000Z,1,2,2,1,2,0.494,100
2023-09-20T00:00:00.000Z,1,2,2,1,2,0.494,102
2023-09-21T00:00:00.000Z,1,2,2,1,2,0.483,105
2023-09-22T00:00:00.000Z,1,2,2,1,2,0.494,107
2023-09-23T00:00:00.000Z,1,3,2,1,2,0.518,107
2023-09-24T00:00:00.000Z,1,2,2,1,2,0.483,100
2023-09-25T00:00:00.000Z,1,2,2,1,2,0.495,100
2023-09-26T00:00:00.000Z,1,2,2,1,2,0.482,106
2023-09-27T00:00:00.000Z,1,2,2,1,2,0.487,98
2023-09-28T00:00:00.000Z,1,2,2,1,2,0.499,71
2023-09-29T00:00:00.000Z,1,3,2,1,2,0.531,100
2023-09-30T00:00:00.000Z,1,2,2,1,2,0.488,100
2023-10-01T00:00:00.000Z,1,2,2,1,2,0.499,84
2023-10-02T00:00:00.000Z,1,2,2,1,2,0.495,98
2023-10-03T00:00:00.000Z,1,2,1,1,2,0.499,102
2023-10-04T00:00:00.000Z,1,2,2,1,2,0.47,103
2023-10-05T00:00:00.000Z,1,2,2,1,2,0.495,102
2023-10-06T00:00:00.000Z,1,2,2,1,2,0.483,102
2023-10-07T00:00:00.000Z,1,2,2,1,2,0.493,110
2023-10-08T00:00:00.000Z,0,2,2,1,2,0.511,108
2023-10-09T00:00:00.000Z,1,2,2,1,2,0.489,104
2023-10-10T00:00:00.000Z,1,2,2,1,2,0.49,97
2023-10-11T00:00:00.000Z,1,2,2,1,2,0.443,97
2023-10-12T00:00:00.000Z,1,2,2,1,2,0.496,94
2023-10-13T00:00:00.000Z,1,2,2,1,2,0.476,107
2023-10-14T00:00:00.000Z,1,2,2,1,2,0.457,101
2023-10-15T00:00:00.000Z,1,2,2,1,2,0.444,100
2023-10-16T00:00:00.000Z,1,2,2,1,2,0.454,110
2023-10-17T00:00:00.000Z,1,2,2,1,2,0.494,102
2023-10-18T00:00:00.000Z,1,3,2,1,2,0.517,95
2023-10-19T00:00:00.000Z,1,2,2,1,2,0.496,100
2023-10-20T00:00:00.000Z,1,2,2,1,2,0.496,99
2023-10-21T00:00:00.000Z,1,2,2,1,2,0.497,78
2023-10-22T00:00:00.000Z,1,2,2,1,2,0.458,20
2023-10-23T00:00:00.000Z,1,2,2,1,2,0.482,106
2023-10-24T00:00:00.000Z,1,2,2,1,2,0.499,104
2023-10-25T00:00:00.000Z,1,2,2,1,2,0.455,99
2023-10-26T00:00:00.000Z,1,2,2,1,2,0.498,106
2023-10-27T00:00:00.000Z,1,2,2,1,2,0.499,101
2023-10-28T00:00:00.000Z,1,2,2,1,2,0.489,96
2023-10-29T00:00:00.000Z,1,3,2,1,2,0.511,101
2023-10-30T00:00:00.000Z,1,2,2,1,2,0.494,101
2023-10-31T00:00:00.000Z,1,3,2,1,2,0.485,102
2023-11-01T00:00:00.000Z,1,2,2,1,2,0.494,108
2023-11-02T00:00:00.000Z,0,2,2,1,2,0.504,104
2023-11-03T00:00:00.000Z,1,3,2,1,2,0.504,107
2023-11-04T00:00:00.000Z,1,2,2,1,2,0.456,102
2023-11-05T00:00:00.000Z,1,2,2,1,2,0.485,100
2023-11-06T00:00:00.000Z,1,2,2,1,2,0.443,101
2023-11-07T00:00:00.000Z,1,2,2,1,2,0.493,101
2023-11-08T00:00:00.000Z,1,2,2,1,2,0.487,101
2023-11-09T00:00:00.000Z,1,3,2,1,2,0.518,83
2023-11-10T00:00:00.000Z,1,3,2,1,2,0.511,111
2023-11-11T00:00:00.000Z,1,2,2,1,2,0.473,98
2023-11-12T00:00:00.000Z,1,3,2,1,2,0.542,67
2023-11-13T00:00:00.000Z,1,3,2,1,2,0.492,104
2023-11-14T00:00:00.000Z,1,2,2,1,2,0.494,81
2023-11-15T00:00:00.000Z,1,2,2,1,2,0.497,83
2023-11-16T00:00:00.000Z,1,2,2,1,2,0.496,100
2023-11-17T00:00:00.000Z,1,2,2,1.5,2,0.433,80
2023-11-18T00:00:00.000Z,1,2,2,1,2,0.497,85
2023-11-19T00:00:00.000Z,1,2,2,1,2,0.48,97
2023-11-20T00:00:00.000Z,1,2,2,1,2,0.485,100
2023-11-21T00:00:00.000Z,1,2,1,1,2,0.498,101
2023-11-22T00:00:00.000Z,1,2,2,1,2,0.499,101
2023-11-23T00:00:00.000Z,1,3,2,1,2,0.511,89
2023-11-24T00:00:00.000Z,1,2,2,1,2,0.485,98
2023-11-25T00:00:00.000Z,1,2,2,1,2,0.481,66
2023-11-26T00:00:00.000Z,1,2,2,1,2,0.5,87
2023-11-27T00:00:00.000Z,1,2,2,1,2,0.462,107
2023-11-28T00:00:00.000Z,1,2,2,1,2,0.497,105
2023-11-29T00:00:00.000Z,1,3,2,1,2,0.514,107
2023-11-30T00:00:00.000Z,1,2,2,1,2,0.496,103
2023-12-01T00:00:00.000Z,1,2,2,1,2,0.5,100
2023-12-02T00:00:00.000Z,1,2,2,1,2,0.489,104
2023-12-03T00:00:00.000Z,1,2,2,1,2,0.491,98
2023-12-04T00:00:00.000Z,1,2,2,1,2,0.488,100
2023-12-05T00:00:00.000Z,1,2,2,1,2,0.488,100
2023-12-06T00:00:00.000Z,1,2,2,1,2,0.498,100
2023-12-07T00:00:00.000Z,0,3,2,1,2,0.533,108
2023-12-08T00:00:00.000Z,1,3,2,1,2,0.492,102
2023-12-09T00:00:00.000Z,1,3,2,1,2,0.506,102
2023-12-10T00:00:00.000Z,1,3,2,1,2,0.545,106
2023-12-11T00:00:00.000Z,0,2,1,1,2,0.517,103
2023-12-12T00:00:00.000Z,1,2,2,1,2,0.481,110
2023-12-13T00:00:00.000Z,1,2,2,1,2,0.499,98
2023-12-14T00:00:00.000Z,1,3,2,1,2,0.512,102
2023-12-15T00:00:00.000Z,1,2,2,1,2,0.497,101
2023-12-16T00:00:00.000Z,1,2,2,1,2,0.48,100
2023-12-17T00:00:00.000Z,1,2,2,1,2,0.472,107
2023-12-18T00:00:00.000Z,1,2,2,1,2,0.48,100
2023-12-19T00:00:00.000Z,1,2,2,1,2,0.487,103
2023-12-20T00:00:00.000Z,0,2,2,1,2,0.518,105
2023-12-21T00:00:00.000Z,1,2,2,1,2,0.496,105
2023-12-22T00:00:00.000Z,1,2,2,1,2,0.479,104
2023-12-23T00:00:00.000Z,1,2,2,1,2,0.495,102
2023-12-24T00:00:00.000Z,1,2,2,1,2,0.495,100
2023-12-25T00:00:00.000Z,1,2,2,1,2,0.5,101
2023-12-26T00:00:00.000Z,1,2,2,1,2,0.496,100
2023-12-27T00:00:00.000Z,1,2,2,1,2,0.495,105
2023-12-28T00:00:00.000Z,1,2,1,1,2,0.497,99
2023-12-29T00:00:00.000Z,1,2,2,1,2,0.486,97
2023-12-30T00:00:00.000Z,1,2,2,1,2,0.483,102
2023-12-31T00:00:00.000Z,1,2,2,1,2,0.486,99
2024-01-01T00:00:00.000Z,1,2,2,1,2,0.472,107
2024-01-02T00:00:00.000Z,0,2,2,1,2,0.516,104
2024-01-03T00:00:00.000Z,1,2,2,1,2,0.461,101
2024-01-04T00:00:00.000Z,0,2,2,1,2,0.509,111
2024-01-05T00:00:00.000Z,1,2,2,1,2,0.466,97
2024-01-06T00:00:00.000Z,1,2,2,1,2,0.452,94
2024-01-07T00:00:00.000Z,1,2,2,1,2,0.495,98
2024-01-08T00:00:00.000Z,1,2,2,1,2,0.461,85
2024-01-09T00:00:00.000Z,1,2,2,1,2,0.493,106
2024-01-10T00:00:00.000Z,1,2,2,1,2,0.476,104
2024-01-11T00:00:00.000Z,1,2,2,1,2,0.484,104
2024-01-12T00:00:00.000Z,1,2,2,1,2,0.478,99
2024-01-13T00:00:00.000Z,1,2,2,1,2,0.491,101
2024-01-14T00:00:00.000Z,1,3,2,1,2,0.5,100
2024-01-15T00:00:00.000Z,1,2,2,1,2,0.483,102
2024-01-16T00:00:00.000Z,1,2,2,1,2,0.472,110
2024-01-17T00:00:00.000Z,1,2,2,1,2,0.499,99
2024-01-18T00:00:00.000Z,1,3,2,1,2,0.491,108
2024-01-19T00:00:00.000Z,1,3,2,1,2,0.468,105
2024-01-20T00:00:00.000Z,1,2,2,1,2,0.489,98
2024-01-21T00:00:00.000Z,1,2,2,1,2,0.487,108
2024-01-22T00:00:00.000Z,1,2,2,1,2,0.49,107
2024-01-23T00:00:00.000Z,1,3,2,1,2,0.492,102
2024-01-24T00:00:00.000Z,1,2,2,1,2,0.478,99
2024-01-25T00:00:00.000Z,0,2,2,1,2,0.489,107
2024-01-26T00:00:00.000Z,1,2,2,1,2,0.487,98
2024-01-27T00:00:00.000Z,1,2,2,1,2,0.464,89
2024-01-28T00:00:00.000Z,1,2,2,1,2,0.458,80
2024-01-29T00:00:00.000Z,1,2,2,1,2,0.466,94
2024-01-30T00:00:00.000Z,1,2,2,1,2,0.472,110
2024-01-31T00:00:00.000Z,1,2,2,1,2,0.471,105
2024-02-01T00:00:00.000Z,1,2,2,1,2,0.464,105
2024-02-02T00:00:00.000Z,1,2,2,1,2,0.478,105
2024-02-03T00:00:00.000Z,1,3,2,1,2,0.493,106
2024-02-04T00:00:00.000Z,1,2,2,1,2,0.5,92
2024-02-05T00:00:00.000Z,1,2,1,1,2,0.475,93
2024-02-06T00:00:00.000Z,1,2,1,1,2,0.478,96
2024-02-07T00:00:00.000Z,0,2,2,1,2,0.542,91
2024-02-08T00:00:00.000Z,1,2,1,1,2,0.485,82
2024-02-09T00:00:00.000Z,1,2,1,1,2,0.5,77
2024-02-10T00:00:00.000Z,0,2,1,1,2,0.512,84
2024-02-11T00:00:00.000Z,1,2,1,1,2,0.498,102
2024-02-12T00:00:00.000Z,1,2,1,1,2,0.471,99
2024-02-13T00:00:00.000Z,1,3,1,1,2,0.519,101
2024-02-14T00:00:00.000Z,1,2,1,1,2,0.49,67
2024-02-15T00:00:00.000Z,0,2,1,1,2,0.504,88
2024-02-16T00:00:00.000Z,1,2,1,1,2,0.485,98
2024-02-17T00:00:00.000Z,1,2,1,1,2,0.497,107
2024-02-18T00:00:00.000Z,1,2,1,1,2,0.497,103
2024-02-19T00:00:00.000Z,1,2,1,1,2,0.487,98
2024-02-20T00:00:00.000Z,1,2,1,1,2,0.498,104
2024-02-21T00:00:00.000Z,1,2,1,1,2,0.493,101
2024-02-22T00:00:00.000Z,0,2,1,1,2,0.491,105
2024-02-23T00:00:00.000Z,0,2,1,1,2,0.504,101
2024-02-24T00:00:00.000Z,1,2,1,1,2,0.486,102
2024-02-25T00:00:00.000Z,1,2,1,1,2,0.48,100
2024-02-26T00:00:00.000Z,1,2,1,1,2,0.498,101
2024-02-27T00:00:00.000Z,0,2,1,1,2,0.512,98
2024-02-28T00:00:00.000Z,1,2,1,1,2,0.497,101
2024-02-29T00:00:00.000Z,0,3,1,1,2,0.535,96
2024-03-01T00:00:00.000Z,1,2,1,1,2,0.5,101
2024-03-02T00:00:00.000Z,0,2,2,1,2,0.519,103
2024-03-03T00:00:00.000Z,0,2,1,1,2,0.493,99
2024-03-04T00:00:00.000Z,0,2,1,1,2,0.511,99
2024-03-05T00:00:00.000Z,1,2,1,1,2,0.462,97
2024-03-06T00:00:00.000Z,0,2,1,1,2,0.515,103
2024-03-07T00:00:00.000Z,0,2,1,1,2,0.519,105
2024-03-08T00:00:00.000Z,0,2,1,1,2,0.516,106
2024-03-09T00:00:00.000Z,0,2,1,1,2,0.494,105
2024-03-10T00:00:00.000Z,0,2,1,1,2,0.507,105
2024-03-11T00:00:00.000Z,1,2,1,1,2,0.498,109
2024-03-12T00:00:00.000Z,0,2,1,1,2,0.508,102
2024-03-13T00:00:00.000Z,1,2,1,1,2,0.49,100
2024-03-14T00:00:00.000Z,1,2,2,1,2,0.499,100
2024-03-15T00:00:00.000Z,1,2,1,1,2,0.492,109
2024-03-16T00:00:00.000Z,1,2,1,1,2,0.496,105
2024-03-17T00:00:00.000Z,1,2,1,1,2,0.482,104
2024-03-18T00:00:00.000Z,1,2,1,1,2,0.495,112
2024-03-19T00:00:00.000Z,0,2,1,1,2,0.518,102
2024-03-20T00:00:00.000Z,1,2,1,1,2,0.491,106
2024-03-21T00:00:00.000Z,0,2,1,1,2,0.51,104
2024-03-22T00:00:00.000Z,1,2,1,1,2,0.461,98
2024-03-23T00:00:00.000Z,1,2,1.5,1,2,0.5,80
2024-03-24T00:00:00.000Z,0,2,1,1,2,0.511,103
2024-03-25T00:00:00.000Z,0,2,1,1,2,0.514,104
2024-03-26T00:00:00.000Z,0,2,1,1,2,0.511,99
2024-03-27T00:00:00.000Z,0,2,2,1,2,0.518,105
2024-03-28T00:00:00.000Z,1,2,1,1,2,0.487,104
2024-03-29T00:00:00.000Z,1,2,1.5,1,2,0.5,64
2024-03-30T00:00:00.000Z,1,2,1,1,2,0.489,101
2024-03-31T00:00:00.000Z,0,2,1,1,2,0.515,106
2024-04-01T00:00:00.000Z,1,2,1,1,2,0.489,99
2024-04-02T00:00:00.000Z,0,2,1,1,2,0.516,99
2024-04-03T00:00:00.000Z,1,2,2,1,2,0.5,106
2024-04-04T00:00:00.000Z,1,2,2,1,2,0.471,99
2024-04-05T00:00:00.000Z,1,2,2,1,2,0.44,99
2024-04-06T00:00:00.000Z,1,3,2,1,2,0.531,106
2024-04-07T00:00:00.000Z,1,3,2,1,2,0.518,93
2024-04-08T00:00:00.000Z,1,2,2,1,2,0.492,102
2024-04-09T00:00:00.000Z,1,2,2,1,2,0.493,101
2024-04-10T00:00:00.000Z,0,2,2,1,2,0.518,105
2024-04-11T00:00:00.000Z,1,3,2,1,2,0.527,100
2024-04-12T00:00:00.000Z,1,2,2,1,2,0.493,103
2024-04-13T00:00:00.000Z,1,2,2,1,2,0.5,103
2024-04-14T00:00:00.000Z,1,3,2,1,2,0.534,104
2024-04-15T00:00:00.000Z,1,2,2,1,2,0.487,101
2024-04-16T00:00:00.000Z,0,2,2,1,2,0.51,106
2024-04-17T00:00:00.000Z,1,2,2,1,2,0.497,98
2024-04-18T00:00:00.000Z,1,3,2,1,2,0.515,103
2024-04-19T00:00:00.000Z,1,2,1,1,2,0.489,103
2024-04-20T00:00:00.000Z,1,2,2,1,2,0.45,99
2024-04-21T00:00:00.000Z,1,2,2,1,2,0.491,101
2024-04-22T00:00:00.000Z,1,2,2,1,2,0.495,105
2024-04-23T00:00:00.000Z,1,2,2,1,2,0.485,103
2024-04-24T00:00:00.000Z,1,2,2,1,2,0.471,102
2024-04-25T00:00:00.000Z,1,2,2,1,2,0.474,106
2024-04-26T00:00:00.000Z,1,2,2,1,2,0.5,101
2024-04-27T00:00:00.000Z,1,3,2,1,2,0.496,89
2024-04-28T00:00:00.000Z,1,2,2,1,2,0.496,89
2024-04-29T00:00:00.000Z,1,2,2,1,2,0.478,108
2024-04-30T00:00:00.000Z,1,2,2,1,2,0.487,104
2024-05-01T00:00:00.000Z,1,3,2,1,2,0.529,97
2024-05-02T00:00:00.000Z,1,2,2,1,2,0.482,98
2024-05-03T00:00:00.000Z,1,3,2,1,2,0.503,109
2024-05-04T00:00:00.000Z,1,2,2,1,2,0.499,65
2024-05-05T00:00:00.000Z,1,2,2,1,2,0.497,86
2024-05-06T00:00:00.000Z,1,2,2,1,2,0.465,111
2024-05-07T00:00:00.000Z,1,2,2,1,2,0.479,104
2024-05-08T00:00:00.000Z,1,3,2,1,2,0.509,107
2024-05-09T00:00:00.000Z,1,2,2,1,2,0.484,101
2024-05-10T00:00:00.000Z,1,2,2,1,2,0.481,91
2024-05-11T00:00:00.000Z,1,2,2,1,2,0.497,79
2024-05-12T00:00:00.000Z,1,2,2,1,2,0.5,99
2024-05-13T00:00:00.000Z,1,3,2,1,2,0.466,100
2024-05-14T00:00:00.000Z,1,2,2,1,2,0.464,102
2024-05-15T00:00:00.000Z,1,2,2,1,2,0.471,102
2024-05-16T00:00:00.000Z,1,2,2,1,2,0.499,99
2024-05-17T00:00:00.000Z,1,2,2,1,2,0.494,95
2024-05-18T00:00:00.000Z,1,2,2,1,2,0.456,85
2024-05-19T00:00:00.000Z,1,2,2,1,2,0.496,96
2024-05-20T00:00:00.000Z,1,2,2,1,2,0.498,98
2024-05-21T00:00:00.000Z,1,2,2,1,2,0.458,100
2024-05-22T00:00:00.000Z,1,2,2,1,2,0.495,97
2024-05-23T00:00:00.000Z,1,2,2,1,2,0.462,94
2024-05-24T00:00:00.000Z,1,2,2,1,2,0.494,88
2024-05-25T00:00:00.000Z,1,2,2,1,2,0.48,78
2024-05-26T00:00:00.000Z,1,2,2,1,2,0.49,55
2024-05-27T00:00:00.000Z,1,2,2,1,2,0.488,97
2024-05-28T00:00:00.000Z,1,2,2,1,2,0.452,105
2024-05-29T00:00:00.000Z,1,2,2,1,2,0.488,82
2024-05-30T00:00:00.000Z,1,2,2,1,2,0.486,76
2024-05-31T00:00:00.000Z,1,2,2,1,2,0.486,102
2024-06-01T00:00:00.000Z,1,2,2,1,2,0.444,96
2024-06-02T00:00:00.000Z,1,3,2,2,2,0.441,102
2024-06-03T00:00:00.000Z,1,2,2,1,2,0.497,85
2024-06-04T00:00:00.000Z,1,2,2,1,2,0.454,103
2024-06-05T00:00:00.000Z,1,2,2,1,2,0.476,75
2024-06-06T00:00:00.000Z,1,2,2,1,2,0.498,100
2024-06-07T00:00:00.000Z,1,3,2,1,2,0.478,107
2024-06-08T00:00:00.000Z,1,2,2,1,2,0.485,98
2024-06-09T00:00:00.000Z,1,3,2,1,2,0.461,103
2024-06-10T00:00:00.000Z,1,2,2,1,2,0.496,103
2024-06-11T00:00:00.000Z,1,2,2,1,2,0.476,101
2024-06-12T00:00:00.000Z,1,3,2,1,2,0.489,107
2024-06-13T00:00:00.000Z,0,2,2,1,2,0.51,102
2024-06-14T00:00:00.000Z,1,3,2,2,2,0.443,97
2024-06-15T00:00:00.000Z,1,2,2,1,2,0.459,73
2024-06-16T00:00:00.000Z,1,2,2,2,2,0.391,90
2024-06-17T00:00:00.000Z,1,2,2,2,2,0.411,65
2024-06-18T00:00:00.000Z,1,2,2,1,2,0.444,104
2024-06-19T00:00:00.000Z,1,2,2,1.5,2,0.433,96
2024-06-20T00:00:00.000Z,1,3,2,1,2,0.467,93
2024-06-21T00:00:00.000Z,1,2,2,1,2,0.465,95
2024-06-22T00:00:00.000Z,1,2,2,1,2,0.495,14
2024-08-12T00:00:00.000Z,1,2,2,1,2,0.477,83
2024-08-13T00:00:00.000Z,1,2,2,1,2,0.496,98
2024-08-14T00:00:00.000Z,1,2,2,1,2,0.487,98
2024-08-15T00:00:00.000Z,1,3,2,1,2,0.519,99
2024-08-16T00:00:00.000Z,1,2,2,1,2,0.493,98
2024-08-17T00:00:00.000Z,1,2,2,1,2,0.482,90
2024-08-18T00:00:00.000Z,1,2,2,1,2,0.483,73
2024-08-19T00:00:00.000Z,1,2,2,1,2,0.489,104
2024-08-20T00:00:00.000Z,1,2,2,1,2,0.464,99
2024-08-21T00:00:00.000Z,1,2,2,1,2,0.48,100
2024-08-22T00:00:00.000Z,0,2,2,1,2,0.509,95
2024-08-23T00:00:00.000Z,1,2,2,1,2,0.478,99
2024-08-24T00:00:00.000Z,1,2,2,1,2,0.459,86
2024-08-25T00:00:00.000Z,1,2,2,1,2,0.496,93
2024-08-26T00:00:00.000Z,1,2,2,1,2,0.483,102
2024-08-27T00:00:00.000Z,1,3,2,1,2,0.516,77
2024-08-28T00:00:00.000Z,1,2,2,1,2,0.485,58
2024-08-29T00:00:00.000Z,1,2,2,1,2,0.489,66
2024-08-30T00:00:00.000Z,1,3,2,1,2,0.508,96
2024-08-31T00:00:00.000Z,1,2,2,1,2,0.487,93
2024-09-01T00:00:00.000Z,1,2,2,1,2,0.498,72
2024-09-02T00:00:00.000Z,1,2,2,1,2,0.46,82
2024-09-03T00:00:00.000Z,1,3,2,1,2,0.504,97
2024-09-04T00:00:00.000Z,1,2,2,1,2,0.469,89
2024-09-05T00:00:00.000Z,1,2,2,1,2,0.465,57
2024-09-06T00:00:00.000Z,1,3,2,1,2,0.511,81
2024-09-07T00:00:00.000Z,1,2,2,1,2,0.492,73
2024-09-08T00:00:00.000Z,1,2,2,1,2,0.455,99
2024-09-09T00:00:00.000Z,0,2,1.5,1,2,0.535,54
2024-09-10T00:00:00.000Z,1,2,2,1,2,0.491,79
2024-09-11T00:00:00.000Z,1,2,2,1,2,0.481,99
2024-09-12T00:00:00.000Z,1,3,2,1,2,0.487,100
2024-09-13T00:00:00.000Z,1,2,2,1,2,0.497,94
2024-09-14T00:00:00.000Z,1,3,2,1,2,0.566,51
2024-09-15T00:00:00.000Z,1,2,2,1,2,0.481,99
2024-09-16T00:00:00.000Z,1,2,2,1,2,0.482,93
2024-09-17T00:00:00.000Z,1,2,2,1,2,0.484,101
2024-09-18T00:00:00.000Z,1,2,2,1,2,0.493,103
2024-09-19T00:00:00.000Z,1,2,2,1,2,0.463,106
2024-09-20T00:00:00.000Z,1,3,2,1,2,0.452,102
2024-09-21T00:00:00.000Z,1,3,2,1,2,0.479,106
2024-09-22T00:00:00.000Z,1,3,2,1,2,0.496,106
2024-09-23T00:00:00.000Z,1,2,2,1,2,0.499,101
2024-09-24T00:00:00.000Z,1,3,2,1,2,0.516,104
2024-09-25T00:00:00.000Z,1,2,2,1,2,0.48,103
2024-09-26T00:00:00.000Z,1,2,2,1,2,0.489,106
2024-09-27T00:00:00.000Z,1,2,2,1,2,0.471,99
2024-09-28T00:00:00.000Z,1,2,2,1,2,0.489,106
2024-09-29T00:00:00.000Z,1,2,2,1,2,0.475,99
2024-09-30T00:00:00.000Z,1,2,2,1,2,0.473,104
2024-10-01T00:00:00.000Z,1,2,2,1,2,0.482,106
2024-10-02T00:00:00.000Z,1,2,2,1,2,0.483,102
2024-10-03T00:00:00.000Z,1,2,2,1,2,0.457,108
2024-10-04T00:00:00.000Z,1,3,2,1,2,0.505,107
2024-10-05T00:00:00.000Z,1,3,2,1,2,0.515,108
2024-10-06T00:00:00.000Z,1,2,2,1,2,0.45,103
2024-10-07T00:00:00.000Z,1,2,2,1,2,0.492,102
2024-10-08T00:00:00.000Z,1,2,2,1,2,0.471,102
2024-10-09T00:00:00.000Z,1,2,2,1,2,0.491,104
2024-10-10T00:00:00.000Z,1,3,2,1,2,0.498,105
2024-10-11T00:00:00.000Z,1,2,2,1,2,0.494,101
2024-10-12T00:00:00.000Z,1,2,2,1,2,0.48,100
2024-10-13T00:00:00.000Z,1,2,2,1,2,0.476,101
2024-10-14T00:00:00.000Z,1,2,2,1,2,0.485,106
2024-10-15T00:00:00.000Z,1,2,2,1,2,0.483,97
2024-10-16T00:00:00.000Z,1,2,2,1,2,0.469,104
2024-10-17T00:00:00.000Z,1,2,2,1,2,0.483,103
2024-10-18T00:00:00.000Z,1,2,2,1,2,0.492,104
2024-10-19T00:00:00.000Z,1,2,2,1,2,0.474,100
2024-10-20T00:00:00.000Z,1,2,2,1,2,0.494,101
2024-10-21T00:00:00.000Z,1,2,2,1,2,0.487,103
2024-10-22T00:00:00.000Z,1,3,2,1,2,0.478,107
2024-10-23T00:00:00.000Z,1,2,2,1,2,0.497,101
2024-10-24T00:00:00.000Z,1,2,2,1,2,0.475,102
2024-10-25T00:00:00.000Z,1,2,1.5,1,2,0.5,92
2024-10-26T00:00:00.000Z,1,2,2,1,2,0.458,97
2024-10-27T00:00:00.000Z,1,2,2,1,2,0.477,103
2024-10-28T00:00:00.000Z,1,2,2,1,2,0.483,103
2024-10-29T00:00:00.000Z,1,2,2,1,2,0.493,99
2024-10-30T00:00:00.000Z,1,3,2,1,2,0.51,105
2024-10-31T00:00:00.000Z,1,2,2,1,2,0.479,104
2024-11-01T00:00:00.000Z,1,2,2,1,2,0.484,96
2024-11-02T00:00:00.000Z,1,2,2,1,2,0.499,71
2024-11-03T00:00:00.000Z,1,2,2,1,2,0.468,99
2024-11-04T00:00:00.000Z,1,2,2,1,2,0.47,100
2024-11-06T00:00:00.000Z,1,2,2,1,2,0.485,90
2024-11-07T00:00:00.000Z,1,2,2,1,2,0.454,69
2024-11-08T00:00:00.000Z,1,2,2,1,2,0.48,103
2024-11-09T00:00:00.000Z,1,2,2,1,2,0.492,104
2024-11-10T00:00:00.000Z,1,2,2,1,2,0.454,107
2024-11-11T00:00:00.000Z,1,3,2,1,2,0.511,105
2024-11-12T00:00:00.000Z,1,3,2,1,2,0.549,102
2024-11-13T00:00:00.000Z,1,3,2,1,2,0.496,101
2024-11-14T00:00:00.000Z,1,3,2,1,2,0.498,101
2024-11-15T00:00:00.000Z,1,2,2,1,2,0.439,100
2024-11-16T00:00:00.000Z,1,2,2,1,2,0.478,108
2024-11-17T00:00:00.000Z,1,2,2,1,2,0.496,100
2024-11-18T00:00:00.000Z,1,2,1.5,1,2,0.5,104
2024-11-19T00:00:00.000Z,1,2,2,1,2,0.495,103
2024-11-20T00:00:00.000Z,1,2,2,1,2,0.483,102
2024-11-21T00:00:00.000Z,1,3,2,1,2,0.526,103
2024-11-22T00:00:00.000Z,1,2,2,1,2,0.472,110
2024-11-23T00:00:00.000Z,1,2,2,1,2,0.476,101
2024-11-24T00:00:00.000Z,1,2,2,1,2,0.474,106
2024-11-25T00:00:00.000Z,1,2,2,1,2,0.48,106
2024-11-26T00:00:00.000Z,1,2,2,1,2,0.478,102
2024-11-27T00:00:00.000Z,1,2,2,1,2,0.477,106
2024-11-28T00:00:00.000Z,1,3,2,1,2,0.507,107
2024-11-29T00:00:00.000Z,1,3,2,1,2,0.507,107
2024-11-30T00:00:00.000Z,1,2,2,1,2,0.499,101
2024-12-01T00:00:00.000Z,1,2,2,1,2,0.487,106
2024-12-02T00:00:00.000Z,1,2,2,1,2,0.482,106
2024-12-03T00:00:00.000Z,1,3,2,1,2,0.531,103
2024-12-04T00:00:00.000Z,1,2,2,1,2,0.479,104
2024-12-05T00:00:00.000Z,1,3,2,1,2,0.492,105
2024-12-06T00:00:00.000Z,0,2,2,1,2,0.509,107
2024-12-07T00:00:00.000Z,1,2,2,1,2,0.469,107
2024-12-08T00:00:00.000Z,1,2,2,1,2,0.475,108
2024-12-09T00:00:00.000Z,1,2,2,1,2,0.499,106
2024-12-10T00:00:00.000Z,0,2,2,1,2,0.517,104
2024-12-11T00:00:00.000Z,1,3,2,1,2,0.515,102
2024-12-12T00:00:00.000Z,0,2,2,1,2,0.514,104
2024-12-13T00:00:00.000Z,1,2,2,1,2,0.478,108
2024-12-14T00:00:00.000Z,1,2,2,1,2,0.487,98
2024-12-15T00:00:00.000Z,1,2,2,1,2,0.5,106
2024-12-16T00:00:00.000Z,1,2,2,1,2,0.483,105
2024-12-17T00:00:00.000Z,1,2,2,1,2,0.489,109
2024-12-18T00:00:00.000Z,1,3,2,1,2,0.498,109
2024-12-19T00:00:00.000Z,1,2,2,1,2,0.456,102
2024-12-20T00:00:00.000Z,1,3,2,1,2,0.528,104
2024-12-21T00:00:00.000Z,1,2,2,1,2,0.467,106
2024-12-22T00:00:00.000Z,1,2,2,1,2,0.497,104
2024-12-23T00:00:00.000Z,1,2,2,1,2,0.492,102
2024-12-24T00:00:00.000Z,1,3,2,1,2,0.485,102
2024-12-25T00:00:00.000Z,1,2,2,1,2,0.471,102
2024-12-26T00:00:00.000Z,1,2,2,1,2,0.489,103
2024-12-27T00:00:00.000Z,1,2,2,1,2,0.497,97
2024-12-28T00:00:00.000Z,1,2,2,1,2,0.482,98
2024-12-29T00:00:00.000Z,1,3,2,1,2,0.472,87
2024-12-30T00:00:00.000Z,1,2,2,1,2,0.47,97
2024-12-31T00:00:00.000Z,1,2,2,1,2,0.488,102
2025-01-01T00:00:00.000Z,1,2,2,1,2,0.495,103
2025-01-02T00:00:00.000Z,0,2,2,1,2,0.512,105
2025-01-03T00:00:00.000Z,0,2,2,1,2,0.506,104
2025-01-04T00:00:00.000Z,1,3,2,1,2,0.52,102
2025-01-05T00:00:00.000Z,1,3,2,1,2,0.51,103
2025-01-06T00:00:00.000Z,1,2,2,1,2,0.481,107
2025-01-07T00:00:00.000Z,1,2,2,1,2,0.49,102
2025-01-08T00:00:00.000Z,1,2,2,1,2,0.485,100
2025-01-09T00:00:00.000Z,1,2,2,1,2,0.46,102
2025-01-10T00:00:00.000Z,1,2,2,1,2,0.467,109
2025-01-11T00:00:00.000Z,1,2,2,1,2,0.458,110
2025-01-12T00:00:00.000Z,1,2,2,1,2,0.447,105
2025-01-13T00:00:00.000Z,1,3,2,1,2,0.501,97
2025-01-14T00:00:00.000Z,1,2,2,1,2,0.499,71
2025-01-15T00:00:00.000Z,1,2,2,1,2,0.49,100
2025-01-16T00:00:00.000Z,1,2,2,1,2,0.466,100
2025-01-17T00:00:00.000Z,1,2,2,2,2,0.429,103
2025-01-18T00:00:00.000Z,1,3,2,1,2,0.472,102
2025-01-19T00:00:00.000Z,1,2,2,1,2,0.46,102
2025-01-20T00:00:00.000Z,1,3,2,1,2,0.486,104
2025-01-21T00:00:00.000Z,1,2,2,1,2,0.473,104
2025-01-22T00:00:00.000Z,1,3,2,1,2,0.486,82
2025-01-23T00:00:00.000Z,0,3,2,1,2,0.537,96
2025-01-24T00:00:00.000Z,1,3,2,1,2,0.501,102
2025-01-25T00:00:00.000Z,1,2,2,1,2,0.47,97
2025-01-26T00:00:00.000Z,1,2,2,1,2,0.49,102
2025-01-27T00:00:00.000Z,1,2,2,1,2,0.496,103
2025-01-28T00:00:00.000Z,1,2,1,1,2,0.499,102
2025-01-29T00:00:00.000Z,1,2,1,1,2,0.5,97
2025-01-30T00:00:00.000Z,1,2,2,1,2,0.5,75
2025-01-31T00:00:00.000Z,1,2,2,1,2,0.5,102
2025-02-01T00:00:00.000Z,1,2,1,1,2,0.489,103
2025-02-02T00:00:00.000Z,1,2,2,1,2,0.496,62
2025-02-03T00:00:00.000Z,1,2,2,1,2,0.488,69
2025-02-07T00:00:00.000Z,1,2,1,1,2,0.497,63
2025-02-08T00:00:00.000Z,1,2,1,1,2,0.494,76
2025-02-09T00:00:00.000Z,1,2,1,1,2,0.495,75
2025-02-10T00:00:00.000Z,1,2,1,1,2,0.5,95
2025-02-11T00:00:00.000Z,0,2,1,1,2,0.533,109
2025-02-12T00:00:00.000Z,1,2,1,1,2,0.482,95
2025-02-13T00:00:00.000Z,1,2,2,1,2,0.498,72
2025-02-14T00:00:00.000Z,2,2,2,2,2,0,65
2025-02-15T00:00:00.000Z,2,2,2,2,2,0,86
2025-02-16T00:00:00.000Z,2,2,2,2,2,0,76
2025-02-17T00:00:00.000Z,2,2,2,2,2,0,85
2025-02-18T00:00:00.000Z,2,2,2,2,2,0,88
2025-02-19T00:00:00.000Z,2,2,2,2,2,0,90
2025-02-20T00:00:00.000Z,2,2,2,2,2,0,81
2025-02-21T00:00:00.000Z,2,2,2,2,2,0,89
2025-02-22T00:00:00.000Z,2,2,2,2,2,0,54
2025-02-23T00:00:00.000Z,2,2,2,2,2,0,86
2025-02-24T00:00:00.000Z,2,2,2,2,2,0,92
2025-02-25T00:00:00.000Z,2,2,2,2,2,0,88
2025-02-26T00:00:00.000Z,2,2,2,2,2,0,85
2025-02-27T00:00:00.000Z,2,2,2,2,2,0,66
2025-02-28T00:00:00.000Z,2,2,2,2,2,0,14
2025-03-01T00:00:00.000Z,2,2,2,2,2,0,64
2025-03-02T00:00:00.000Z,2,2,2,2,2,0,76
2025-03-03T00:00:00.000Z,2,2,2,2,2,0,86
2025-03-04T00:00:00.000Z,2,2,2,2,2,0,88
2025-03-05T00:00:00.000Z,2,2,2,2,2,0,86
2025-03-06T00:00:00.000Z,2,2,2,2,2,0,23
2025-03-07T00:00:00.000Z,2,2,2,2,2,0,68
2025-03-08T00:00:00.000Z,2,2,2,2,2,0,78
2025-03-09T00:00:00.000Z,2,2,2,2,2,0,70
2025-03-10T00:00:00.000Z,2,2,2,2,2,0,81
2025-03-11T00:00:00.000Z,2,2,2,2,2,0,71
2025-03-12T00:00:00.000Z,2,2,2,2,2,0,65
2025-03-13T00:00:00.000Z,2,2,2,2,2,0,83
2025-03-14T00:00:00.000Z,1,2,2,2,2,0.406,106
2025-03-15T00:00:00.000Z,1,2,2,2,2,0.397,102
2025-03-16T00:00:00.000Z,1,2,2,1,2,0.463,103
2025-03-17T00:00:00.000Z,0,3,2,1,2,0.533,114
2025-03-18T00:00:00.000Z,1,2,2,1,2,0.495,107
2025-03-19T00:00:00.000Z,1,2,2,1,2,0.484,109
2025-03-20T00:00:00.000Z,1,2,2,1,2,0.481,102
2025-03-21T00:00:00.000Z,1,2,2,1,2,0.492,92
2025-03-22T00:00:00.000Z,1,2,2,1,2,0.478,105
2025-03-23T00:00:00.000Z,1,2,2,1,2,0.493,110
2025-03-24T00:00:00.000Z,1,3,2,1,2,0.511,112
2025-03-25T00:00:00.000Z,1,3,2,1,2,0.498,104
2025-03-26T00:00:00.000Z,1,2,2,1,2,0.469,101
2025-03-27T00:00:00.000Z,1,2,2,1,2,0.495,35
2025-03-28T00:00:00.000Z,1,2,2,1,2,0.478,82
2025-03-29T00:00:00.000Z,1,2,2,1,2,0.496,64
2025-03-30T00:00:00.000Z,1,2,2,1,2,0.436,55
2025-03-31T00:00:00.000Z,1,2,2,1,2,0.496,90
2025-04-01T00:00:00.000Z,1,2,1,1,2,0.498,83
2025-04-02T00:00:00.000Z,1,2,2,1,2,0.447,69
2025-04-03T00:00:00.000Z,1,2,2,1,2,0.482,87
2025-04-04T00:00:00.000Z,1,2,2,1,2,0.492,114
2025-04-05T00:00:00.000Z,0,2,2,1,2,0.526,60
2025-04-06T00:00:00.000Z,1,2,2,1,2,0.47,73
2025-04-07T00:00:00.000Z,1,2,2,1,2,0.489,88
2025-04-08T00:00:00.000Z,1,2,2,1,2,0.469,110
2025-04-09T00:00:00.000Z,0,2,2,1,2,0.509,107
2025-04-10T00:00:00.000Z,1,2,2,1,2,0.487,85
2025-04-11T00:00:00.000Z,1,2,2,1,2,0.477,103
2025-04-12T00:00:00.000Z,1,2,2,1,2,0.477,106
2025-04-13T00:00:00.000Z,1,3,2,1,2,0.488,110
2025-04-14T00:00:00.000Z,1,2,2,1,2,0.485,79
2025-04-15T00:00:00.000Z,1,2,2,1,2,0.468,77
2025-04-16T00:00:00.000Z,1,2,2,1,2,0.485,98
2025-04-17T00:00:00.000Z,1,2,2,1,2,0.474,100
2025-04-18T00:00:00.000Z,1,3,2,2,2,0.441,71
2025-04-19T00:00:00.000Z,1,2,2,1,2,0.49,60
2025-04-20T00:00:00.000Z,1,2,2,1,2,0.456,85
2025-04-21T00:00:00.000Z,1,2,2,1,2,0.498,88
2025-04-22T00:00:00.000Z,1,3,2,1,2,0.507,97
2025-04-23T00:00:00.000Z,1,3,2,1,2,0.5,90
2025-04-24T00:00:00.000Z,1,3,2,1,2,0.487,103
2025-04-25T00:00:00.000Z,1,2,2,1,2,0.452,98
2025-04-26T00:00:00.000Z,1,2,2,1,2,0.493,79
2025-04-27T00:00:00.000Z,1,2,2,1,2,0.487,90
2025-04-28T00:00:00.000Z,1,2,2,1,2,0.474,82
2025-04-29T00:00:00.000Z,1,3,2,1,2,0.509,93
2025-04-30T00:00:00.000Z,1,2,2,1,2,0.475,84
2025-05-01T00:00:00.000Z,1,2,2,1,2,0.478,82
2025-05-02T00:00:00.000Z,0,2,2,1,2,0.505,83
2025-05-03T00:00:00.000Z,1,3,2,1,2,0.542,82
2025-05-04T00:00:00.000Z,1,2,2,1,2,0.487,90
2025-05-05T00:00:00.000Z,1,3,2,1,2,0.521,99
2025-05-06T00:00:00.000Z,1,3,2,1,2,0.532,88
2025-05-07T00:00:00.000Z,1,2,2,1,2,0.493,106
2025-05-08T00:00:00.000Z,0,2,2,1,2,0.51,94
2025-05-09T00:00:00.000Z,1,2,2,1,2,0.482,109
2025-05-10T00:00:00.000Z,1,2,2,1,2,0.5,109
2025-05-11T00:00:00.000Z,1,2,1,1,2,0.5,106
2025-05-12T00:00:00.000Z,0,3,2,1,2,0.506,108
2025-05-13T00:00:00.000Z,1,2,2,1,2,0.488,110
2025-05-14T00:00:00.000Z,1,3,2,1,2,0.53,108
2025-05-15T00:00:00.000Z,1,2,2,1,2,0.478,99
2025-05-16T00:00:00.000Z,1,3,2,1,2,0.522,107
2025-05-17T00:00:00.000Z,1,2,2,1,2,0.444,104
2025-05-18T00:00:00.000Z,1,2,2,1,2,0.481,110
2025-05-19T00:00:00.000Z,1,2,2,1,2,0.44,107
2025-05-20T00:00:00.000Z,1,2,2,1,2,0.468,105
2025-05-21T00:00:00.000Z,1,3,2,1,2,0.478,104
2025-05-22T00:00:00.000Z,1,2,2,1,2,0.499,93
2025-05-23T00:00:00.000Z,1,2,2,1,2,0.481,91
2025-05-24T00:00:00.000Z,0,2,2,1,2,0.521,109
2025-05-25T00:00:00.000Z,1,2,2,1,2,0.494,113
2025-05-26T00:00:00.000Z,1,3,2,1,2,0.484,110
2025-05-27T00:00:00.000Z,1,3,2,1,2,0.475,112
2025-05-28T00:00:00.000Z,1,3,2,1,2,0.475,115
2025-05-29T00:00:00.000Z,0,2,2,1,2,0.503,109
2025-05-30T00:00:00.000Z,1,2,2,1,2,0.494,107
2025-05-31T00:00:00.000Z,1,2,2,1,2,0.483,105
2025-06-01T00:00:00.000Z,1,2,2,1,2,0.471,108
2025-06-02T00:00:00.000Z,1,3,2,1,2,0.506,100
2025-06-03T00:00:00.000Z,1,2,2,1,2,0.491,94
2025-06-04T00:00:00.000Z,1,3,2,1,2,0.484,94
2025-06-05T00:00:00.000Z,1,2,2,1,2,0.455,72
2025-06-06T00:00:00.000Z,1,2,2,1,2,0.445,66
2025-06-07T00:00:00.000Z,1,2,2,1,2,0.471,87
2025-06-08T00:00:00.000Z,1,2,2,1,2,0.452,63
2025-06-09T00:00:00.000Z,1,2,2,1,2,0.492,88
2025-06-10T00:00:00.000Z,1,2,2,1,2,0.449,93
2025-06-11T00:00:00.000Z,1,2,2,1,2,0.483,92
2025-06-12T00:00:00.000Z,1,2,2,1,2,0.48,111
2025-06-13T00:00:00.000Z,0,3,2,1,2,0.505,118
2025-06-14T00:00:00.000Z,1,2,2,1,2,0.459,113
2025-06-15T00:00:00.000Z,1,3,2,1,2,0.504,115
2025-06-16T00:00:00.000Z,1,2,2,1,2,0.478,113
2025-06-17T00:00:00.000Z,1,2,2,1,2,0.481,116
2025-06-18T00:00:00.000Z,1,2,2,1,2,0.49,113
2025-06-19T00:00:00.000Z,1,3,2,1,2,0.464,108
2025-06-20T00:00:00.000Z,1,2,2,1,2,0.452,115
2025-06-21T00:00:00.000Z,1,2,2,1,2,0.462,107
2025-06-22T00:00:00.000Z,1,3,2,1,2,0.487,108
2025-06-23T00:00:00.000Z,1,2,2,1,2,0.492,117
2025-06-24T00:00:00.000Z,1,2,2,1,2,0.45,103
2025-06-25T00:00:00.000Z,1,2,2,1,2,0.451,109
2025-06-26T00:00:00.000Z,1,2,2,2,2,0.408,104
2025-06-27T00:00:00.000Z,1,2,2,1,2,0.466,110
2025-06-28T00:00:00.000Z,1,2,2,1,2,0.442,109
2025-06-29T00:00:00.000Z,1,3,2,2,2,0.425,108
2025-06-30T00:00:00.000Z,0,2,2,1,2,0.472,99
2025-07-01T00:00:00.000Z,1,2,2,2,2,0.418,93
2025-07-02T00:00:00.000Z,1,2,2,1,2,0.48,89
2025-07-03T00:00:00.000Z,1,2,2,1,2,0.462,104
2025-07-04T00:00:00.000Z,1,2,2,1,2,0.477,109
2025-07-05T00:00:00.000Z,1,3,2,1,2,0.528,69
2025-07-06T00:00:00.000Z,1,3,2,1,2,0.484,105
2025-07-07T00:00:00.000Z,1,2,2,1,2,0.477,111
2025-07-08T00:00:00.000Z,1,2,2,1,2,0.461,111
2025-07-09T00:00:00.000Z,1,3,2,2,2,0.443,111
2025-07-10T00:00:00.000Z,1,3,2,1,2,0.457,116
2025-07-11T00:00:00.000Z,1,2,2,1,2,0.445,110
2025-07-12T00:00:00.000Z,1,2,2,1,2,0.48,108
2025-07-13T00:00:00.000Z,1,2,2,1,2,0.448,101
2025-07-14T00:00:00.000Z,1,3,2,2,2,0.409,99
2025-07-15T00:00:00.000Z,1,2,2,2,2,0.358,93
2025-07-16T00:00:00.000Z,1,2,2,1,2,0.496,96
2025-07-17T00:00:00.000Z,1,3,2,1,2,0.5,77
2025-07-18T00:00:00.000Z,1,3,2,1,2,0.487,100
2025-07-19T00:00:00.000Z,1,2,2,2,2,0.43,90
2025-07-20T00:00:00.000Z,1,3,2,1,2,0.465,107
2025-07-21T00:00:00.000Z,1,2,2,1,2,0.496,92
2025-07-22T00:00:00.000Z,1,3,2,2,2,0.46,105
2025-07-23T00:00:00.000Z,1,2,2,1,2,0.441,106
2025-07-24T00:00:00.000Z,1,2,2,1,2,0.491,108
2025-07-25T00:00:00.000Z,1,2,2,2,2,0.401,104
2025-07-26T00:00:00.000Z,1,2,2,1,2,0.47,106
2025-07-27T00:00:00.000Z,1,3,2,1,2,0.479,106
2025-07-28T00:00:00.000Z,1,2,2,1,2,0.454,107
2025-07-29T00:00:00.000Z,1,2,2,1,2,0.484,110
2025-07-30T00:00:00.000Z,1,2,2,2,2,0.419,106
2025-07-31T00:00:00.000Z,0,2,2,1,2,0.48,108
2025-08-01T00:00:00.000Z,1,2,2,1,2,0.471,108
2025-08-02T00:00:00.000Z,1,2,2,1,2,0.47,106
2025-08-03T00:00:00.000Z,1,2,2,1,2,0.478,110
2025-08-04T00:00:00.000Z,1,2,2,1.5,2,0.433,88
2025-08-05T00:00:00.000Z,1,3,2,1,2,0.471,103
2025-08-06T00:00:00.000Z,1,2,2,1,2,0.452,105
2025-08-07T00:00:00.000Z,1,3,2,1,2,0.45,107
2025-08-08T00:00:00.000Z,1,2,2,2,2,0.419,106
2025-08-09T00:00:00.000Z,1,3,2,1,2,0.501,113
2025-08-10T00:00:00.000Z,1,2,2,1,2,0.483,102
2025-08-11T00:00:00.000Z,1,2,2,1,2,0.494,95
2025-08-12T00:00:00.000Z,1,2,2,1,2,0.468,99
2025-08-13T00:00:00.000Z,1,2,2,1,2,0.436,106
2025-08-14T00:00:00.000Z,1,2,2,1,2,0.468,105
2025-08-15T00:00:00.000Z,1,2,2,2,2,0.414,100
2025-08-16T00:00:00.000Z,1,2,2,2,2,0.427,92
2025-08-17T00:00:00.000Z,1,2,2,2,2,0.421,104
2025-08-18T00:00:00.000Z,1,2,2,1,2,0.442,94
2025-08-19T00:00:00.000Z,1,2,2,1,2,0.49,15