datetime_AEST,datetime_local,location_id,location_name,BSP,CO,DBT,NO2,O3,PM10,PM25,Sigma60,SO2,SWD,SWS,VWD,VWS
2023-12-31 23:00:00,2024-01-01 00:00:00,10001,Alphington,22.32,0.11,15.24,2.905,10.413,19.813,,22.893,0.37,190.008,1.526,193.998,1.44
2024-01-01 00:00:00,2024-01-01 01:00:00,10001,Alphington,,,14.874,,,22.546,9.756,25.694,,194.556,1.178,198.437,1.097
2024-01-01 01:00:00,2024-01-01 02:00:00,10001,Alphington,22.933,0.116,14.488,4.129,7.725,21.219,5.975,28.053,0.306,200.26,0.884,202.27,0.807
2024-01-01 02:00:00,2024-01-01 03:00:00,10001,Alphington,24.867,0.11,13.918,5.195,6.963,18.935,8.806,41.432,0.439,188.16,0.71,199.884,0.563
2024-01-01 03:00:00,2024-01-01 04:00:00,10001,Alphington,26.826,0.13,13.176,6.584,4.814,17.991,6.845,86.004,0.347,201.498,0.377,219.913,0.124
2024-01-01 04:00:00,2024-01-01 05:00:00,10001,Alphington,25.709,0.125,12.451,7.083,3.311,16.868,5.557,38.504,0.291,144.148,0.325,7.667,0.274
2024-01-01 05:00:00,2024-01-01 06:00:00,10001,Alphington,26.992,0.132,12.49,6.848,3.021,17.858,6.328,60.215,0.237,243.381,0.335,255.898,0.216
2024-01-01 06:00:00,2024-01-01 07:00:00,10001,Alphington,29.255,0.105,14.682,4.61,8.804,21.169,3.334,51.623,0.527,233.957,0.734,237.668,0.573
2024-01-01 07:00:00,2024-01-01 08:00:00,10001,Alphington,28.12,0.098,16.676,3.807,11.9,22.273,9.221,58.154,1.413,214.837,0.821,219.444,0.544
2024-01-01 08:00:00,2024-01-01 09:00:00,10001,Alphington,26.419,0.096,18.273,3.336,14.523,21.516,11.406,56.593,2.068,232.546,1.099,243.796,0.775
2024-01-01 09:00:00,2024-01-01 10:00:00,10001,Alphington,26.589,0.11,20.256,3.833,16.274,22.375,15.727,85.869,1.91,185.16,1.052,206.965,0.35
2024-01-01 10:00:00,2024-01-01 11:00:00,10001,Alphington,24.856,0.119,23.145,3.928,20.115,22.984,6.447,86.753,1.507,198.255,1.225,295.439,0.391
2024-01-01 11:00:00,2024-01-01 12:00:00,10001,Alphington,24.986,0.135,25.627,4.072,26.089,25.575,16.3,63.55,1.133,201.235,1.737,213.71,1.154
2024-01-01 12:00:00,2024-01-01 13:00:00,10001,Alphington,27.218,0.142,26.505,3.777,30.968,28.312,13.246,26.958,0.893,203.654,2.622,205.962,2.407
2024-01-01 13:00:00,2024-01-01 14:00:00,10001,Alphington,27.505,0.148,26.701,3.506,35.445,28.83,12.422,27.289,0.773,209.433,2.979,211.207,2.726
2024-01-01 14:00:00,2024-01-01 15:00:00,10001,Alphington,30.083,0.136,25.429,3.131,35.298,31.537,17.233,27.019,0.67,218.277,3.073,218.778,2.809
2024-01-01 15:00:00,2024-01-01 16:00:00,10001,Alphington,29.073,0.137,24.621,3.744,31.98,30.569,14.467,26.167,0.631,211.335,3.018,212.375,2.771
2024-01-01 16:00:00,2024-01-01 17:00:00,10001,Alphington,29.757,0.148,25.515,3.207,28.806,29.897,10.711,24.347,0.43,223.405,2.757,223.311,2.564
2024-01-01 17:00:00,2024-01-01 18:00:00,10001,Alphington,27.526,0.143,24.13,2.609,29.095,30.233,12.563,22.762,0.481,221.569,3.558,220.953,3.333
2024-01-01 18:00:00,2024-01-01 19:00:00,10001,Alphington,27.972,0.128,21.686,2.634,24.203,29.115,11.147,22.051,0.515,223.254,3.051,222.716,2.879
2024-01-01 19:00:00,2024-01-01 20:00:00,10001,Alphington,26.806,0.126,20.325,2.671,20.004,25.096,3.96,24.253,0.447,224.577,2.261,223.56,2.104
2024-01-01 20:00:00,2024-01-01 21:00:00,10001,Alphington,25.847,0.127,19.469,2.446,18.614,21.887,0.728,22.576,0.27,216.986,2.066,217.442,1.936
2024-01-01 21:00:00,2024-01-01 22:00:00,10001,Alphington,24.488,0.12,18.889,2.131,17.611,20.695,4.786,22.501,0.31,229.676,1.642,229.232,1.537
2024-01-01 22:00:00,2024-01-01 23:00:00,10001,Alphington,23.005,0.114,18.59,2.137,18.305,18.528,2.727,23.931,0.312,226.563,1.522,226.172,1.415
2024-01-01 23:00:00,2024-01-02 00:00:00,10001,Alphington,22.888,0.085,18.67,2.121,16.705,18.28,6.291,22.795,0.046,239.339,1.258,238.146,1.186
2024-01-02 00:00:00,2024-01-02 01:00:00,10001,Alphington,,,18.9,,,18.331,5.887,27.899,,231.966,1.073,231.558,0.986
2024-01-02 01:00:00,2024-01-02 02:00:00,10001,Alphington,27.907,0.083,18.977,2.614,14.455,22.757,12.316,33.261,-0.301,244.018,1.029,247.109,0.898
2024-01-02 02:00:00,2024-01-02 03:00:00,10001,Alphington,31.108,0.087,18.988,4.599,12.69,25.117,7.207,25.965,-0.026,279.037,1.203,280.342,1.099
2024-01-02 03:00:00,2024-01-02 04:00:00,10001,Alphington,29.82,0.086,18.771,3.886,11.395,24.809,11.202,35.04,-0.13,276.225,0.952,304.092,0.827
2024-01-02 04:00:00,2024-01-02 05:00:00,10001,Alphington,36.443,0.09,18.707,4.45,10.013,38.061,9.764,41.531,-0.089,208.033,0.491,345.845,0.392
2024-01-02 05:00:00,2024-01-02 06:00:00,10001,Alphington,47.893,0.096,18.815,5.661,9.146,48.993,6.087,45.306,-0.228,232.283,0.704,332.17,0.529
2024-01-02 06:00:00,2024-01-02 07:00:00,10001,Alphington,58.97,0.121,19.043,7.518,7.351,63.257,8.168,38.153,-0.246,86.952,1.019,21.163,0.924
2024-01-02 07:00:00,2024-01-02 08:00:00,10001,Alphington,42.722,0.112,19.499,6.541,9.056,25.925,13.442,52.452,-0.299,154.89,0.684,1.819,0.513
2024-01-02 08:00:00,2024-01-02 09:00:00,10001,Alphington,37.398,0.125,20.589,5.483,11.002,19.272,9.154,84.304,-0.316,199.737,0.71,326.604,0.274
2024-01-02 09:00:00,2024-01-02 10:00:00,10001,Alphington,34.666,0.142,22.659,5.023,14.867,20.254,11.941,95.497,-0.415,164.335,0.921,113.382,0.16
2024-01-02 10:00:00,2024-01-02 11:00:00,10001,Alphington,29.037,0.143,26.175,4.015,23.855,16.644,6.212,64.89,-0.213,143.834,1.27,146.345,0.78
2024-01-02 11:00:00,2024-01-02 12:00:00,10001,Alphington,26.988,0.146,29.802,3.299,33.884,20.777,18.64,77.504,-0.336,137.123,1.185,136.645,0.469
2024-01-02 12:00:00,2024-01-02 13:00:00,10001,Alphington,43.071,0.17,29.265,7.212,30.982,36.269,14.03,26.389,-0.446,210.185,2.394,212.243,2.197
2024-01-02 13:00:00,2024-01-02 14:00:00,10001,Alphington,43.486,0.173,25.671,6.285,34.042,29.178,18.636,25.375,-0.497,215.465,2.83,216.031,2.604
2024-01-02 14:00:00,2024-01-02 15:00:00,10001,Alphington,39.597,0.143,21.944,7.923,23.802,32.282,11.78,25.309,-0.433,240.962,4.075,239.711,3.766
2024-01-02 15:00:00,2024-01-02 16:00:00,10001,Alphington,43.316,0.15,19.83,12.678,13.956,31.419,8.251,34.61,-0.323,238.827,1.852,245.539,1.646
2024-01-02 16:00:00,2024-01-02 17:00:00,10001,Alphington,38.365,0.145,19.157,8.786,15.322,17.096,5.955,69.565,-0.414,127.848,0.837,85.925,0.352
2024-01-02 17:00:00,2024-01-02 18:00:00,10001,Alphington,35.369,0.174,19.286,7.819,15.232,13.326,9.865,25.956,-0.458,58.604,1.243,50.738,1.131
2024-01-02 18:00:00,2024-01-02 19:00:00,10001,Alphington,26.558,0.15,19.493,4.717,19.711,9.135,14.07,31.287,-0.451,67.946,1.418,55.554,1.253
2024-01-02 19:00:00,2024-01-02 20:00:00,10001,Alphington,18.054,0.148,19.87,3.972,21.798,6.653,8.248,32.423,-0.626,67.241,1.174,50.699,1.03
2024-01-02 20:00:00,2024-01-02 21:00:00,10001,Alphington,17.0,0.168,19.572,6.423,12.669,11.948,9.738,53.964,-0.503,241.599,0.512,285.023,0.358
2024-01-02 21:00:00,2024-01-02 22:00:00,10001,Alphington,21.402,0.238,19.052,8.927,6.724,9.66,4.757,52.879,-0.661,224.83,0.402,243.11,0.296
2024-01-02 22:00:00,2024-01-02 23:00:00,10001,Alphington,21.504,0.25,18.417,9.774,2.547,10.741,8.036,101.121,-0.624,183.92,0.26,224.81,0.04
2024-01-02 23:00:00,2024-01-03 00:00:00,10001,Alphington,31.672,0.235,18.344,12.212,2.889,14.729,5.845,49.696,-0.154,151.934,0.458,158.332,0.359
2024-01-03 00:00:00,2024-01-03 01:00:00,10001,Alphington,,,18.719,,,21.513,8.598,36.177,,156.19,0.618,155.668,0.534
2024-01-03 01:00:00,2024-01-03 02:00:00,10001,Alphington,57.836,0.145,18.768,8.982,6.622,19.716,11.803,56.904,-0.046,147.658,0.443,144.615,0.299
2024-01-03 02:00:00,2024-01-03 03:00:00,10001,Alphington,77.699,0.142,18.402,10.12,4.746,12.022,15.006,49.221,-0.033,125.582,0.38,14.583,0.304
2024-01-03 03:00:00,2024-01-03 04:00:00,10001,Alphington,72.137,0.152,18.234,9.889,2.689,10.218,13.321,28.981,-0.201,65.433,0.509,27.299,0.469
2024-01-03 04:00:00,2024-01-03 05:00:00,10001,Alphington,57.18,0.164,18.377,9.165,2.096,13.142,9.319,40.522,-0.183,80.25,0.269,67.595,0.212
2024-01-03 05:00:00,2024-01-03 06:00:00,10001,Alphington,44.903,0.183,18.462,7.725,2.16,12.324,10.453,53.917,-0.185,108.431,0.235,86.623,0.163
2024-01-03 06:00:00,2024-01-03 07:00:00,10001,Alphington,30.466,0.185,18.787,6.602,4.015,15.261,8.828,42.369,-0.193,94.142,0.365,61.662,0.279
2024-01-03 07:00:00,2024-01-03 08:00:00,10001,Alphington,22.868,0.2,18.937,7.569,3.44,12.718,8.466,76.518,-0.065,151.784,0.524,20.305,0.197
2024-01-03 08:00:00,2024-01-03 09:00:00,10001,Alphington,24.662,0.231,19.595,7.71,3.408,16.493,4.409,53.937,-0.193,97.673,0.444,47.503,0.308
2024-01-03 09:00:00,2024-01-03 10:00:00,10001,Alphington,21.056,0.229,20.818,9.66,6.851,8.212,3.895,44.585,-0.277,86.891,0.434,55.558,0.341
2024-01-03 10:00:00,2024-01-03 11:00:00,10001,Alphington,21.386,0.246,21.784,9.964,7.975,13.419,11.897,52.388,-0.37,118.204,0.743,133.101,0.526
2024-01-03 11:00:00,2024-01-03 12:00:00,10001,Alphington,15.19,0.223,22.825,10.565,17.22,5.281,3.932,37.406,-0.217,148.297,1.66,148.713,1.429
2024-01-03 12:00:00,2024-01-03 13:00:00,10001,Alphington,13.078,0.189,24.191,4.8,24.394,6.671,6.685,47.424,-0.426,122.044,1.314,124.185,1.063
2024-01-03 13:00:00,2024-01-03 14:00:00,10001,Alphington,16.446,0.194,27.209,3.311,30.974,10.333,-0.346,78.404,-0.368,155.376,0.978,163.123,0.458
2024-01-03 14:00:00,2024-01-03 15:00:00,10001,Alphington,19.45,0.215,28.711,4.606,36.299,14.11,8.401,34.266,-0.5,202.958,1.776,208.855,1.564
2024-01-03 15:00:00,2024-01-03 16:00:00,10001,Alphington,20.035,0.217,29.245,4.32,42.188,11.89,11.054,30.55,-0.505,204.943,2.335,209.849,2.097
2024-01-03 16:00:00,2024-01-03 17:00:00,10001,Alphington,23.475,0.213,26.197,5.23,39.039,12.021,10.264,25.163,-0.584,205.87,2.48,207.993,2.291
2024-01-03 17:00:00,2024-01-03 18:00:00,10001,Alphington,30.599,0.218,25.29,5.699,35.995,16.535,8.072,24.71,-0.419,201.953,1.975,203.254,1.831
2024-01-03 18:00:00,2024-01-03 19:00:00,10001,Alphington,32.932,0.204,23.705,8.005,28.626,17.664,5.101,24.108,-0.269,215.665,2.29,216.184,2.131
2024-01-03 19:00:00,2024-01-03 20:00:00,10001,Alphington,31.176,0.19,22.455,9.658,21.058,22.596,10.685,23.164,-0.3,231.005,1.986,231.091,1.855
2024-01-03 20:00:00,2024-01-03 21:00:00,10001,Alphington,27.713,0.17,21.624,7.822,18.16,14.078,12.167,23.467,-0.306,212.023,1.814,213.839,1.688
2024-01-03 21:00:00,2024-01-03 22:00:00,10001,Alphington,16.292,0.154,21.075,3.553,16.546,10.052,3.484,27.823,-0.342,205.357,1.896,207.511,1.716
2024-01-03 22:00:00,2024-01-03 23:00:00,10001,Alphington,9.98,0.132,20.088,1.801,12.752,4.478,4.263,23.218,-0.289,197.888,1.982,199.25,1.851
2024-01-03 23:00:00,2024-01-04 00:00:00,10001,Alphington,9.406,0.1,19.836,1.442,12.274,4.559,1.058,22.228,-0.191,191.874,1.608,194.797,1.519
2024-01-04 00:00:00,2024-01-04 01:00:00,10001,Alphington,,,19.769,,,12.877,-0.077,24.391,,210.825,2.099,212.362,1.941
2024-01-04 01:00:00,2024-01-04 02:00:00,10001,Alphington,38.611,0.083,18.924,2.717,10.142,24.272,8.408,21.171,-0.168,197.734,2.541,198.175,2.4
2024-01-04 02:00:00,2024-01-04 03:00:00,10001,Alphington,40.577,0.082,18.574,1.769,11.351,24.369,7.088,21.283,-0.028,196.657,2.094,198.195,1.977
2024-01-04 03:00:00,2024-01-04 04:00:00,10001,Alphington,42.027,0.083,18.429,1.365,11.973,27.876,8.902,25.788,-0.062,193.894,2.17,196.935,2.01
2024-01-04 04:00:00,2024-01-04 05:00:00,10001,Alphington,41.368,0.084,18.328,2.522,10.677,30.231,8.119,25.114,-0.086,198.002,1.873,200.361,1.739
2024-01-04 05:00:00,2024-01-04 06:00:00,10001,Alphington,40.343,0.086,18.235,4.278,10.132,30.51,9.95,23.545,0.093,200.177,2.098,200.942,1.955
2024-01-04 06:00:00,2024-01-04 07:00:00,10001,Alphington,38.656,0.096,18.377,3.142,11.31,32.452,5.555,25.757,-0.141,203.236,1.955,205.037,1.798
2024-01-04 07:00:00,2024-01-04 08:00:00,10001,Alphington,36.245,0.095,18.626,2.8,11.312,31.809,4.186,21.975,-0.177,197.51,2.17,197.973,2.049
2024-01-04 08:00:00,2024-01-04 09:00:00,10001,Alphington,31.693,0.103,19.213,2.462,12.363,24.894,5.505,26.866,-0.034,204.583,1.967,205.656,1.79
2024-01-04 09:00:00,2024-01-04 10:00:00,10001,Alphington,33.236,0.103,19.299,2.125,12.812,28.213,7.515,28.192,0.166,198.317,2.169,200.679,1.97
2024-01-04 10:00:00,2024-01-04 11:00:00,10001,Alphington,31.802,0.099,19.491,2.056,13.092,28.016,7.886,28.825,0.135,210.236,2.057,211.766,1.86
2024-01-04 11:00:00,2024-01-04 12:00:00,10001,Alphington,30.049,0.099,20.334,2.001,14.114,26.734,8.541,27.247,-0.038,214.679,2.501,214.591,2.281
2024-01-04 12:00:00,2024-01-04 13:00:00,10001,Alphington,29.676,0.103,21.949,1.866,16.021,23.264,8.298,27.971,0.159,200.674,2.615,202.759,2.39
2024-01-04 13:00:00,2024-01-04 14:00:00,10001,Alphington,28.631,0.108,22.426,2.061,18.988,25.375,11.032,31.391,0.154,223.512,2.623,223.793,2.352
2024-01-04 14:00:00,2024-01-04 15:00:00,10001,Alphington,27.221,0.109,22.907,1.965,20.669,23.378,6.408,28.895,0.3,215.678,2.693,216.098,2.432
2024-01-04 15:00:00,2024-01-04 16:00:00,10001,Alphington,22.517,0.113,23.086,1.916,20.398,16.991,9.427,26.272,0.199,220.56,2.905,220.663,2.669
2024-01-04 16:00:00,2024-01-04 17:00:00,10001,Alphington,20.198,0.111,23.273,1.886,18.768,18.827,8.478,25.893,0.306,223.314,3.003,222.345,2.757
2024-01-04 17:00:00,2024-01-04 18:00:00,10001,Alphington,22.814,0.111,21.621,2.23,15.282,25.74,6.407,23.991,0.362,218.83,3.2,218.407,2.982
2024-01-04 18:00:00,2024-01-04 19:00:00,10001,Alphington,33.796,0.122,21.085,3.652,13.541,32.687,3.935,22.278,0.175,223.872,2.594,223.157,2.43
2024-01-04 19:00:00,2024-01-04 20:00:00,10001,Alphington,32.377,0.123,20.702,3.645,11.882,28.863,6.465,23.446,0.257,225.181,2.188,224.767,2.038
2024-01-04 20:00:00,2024-01-04 21:00:00,10001,Alphington,30.403,0.137,20.665,5.175,8.38,24.536,9.66,42.852,0.11,221.599,1.26,228.467,1.04
2024-01-04 21:00:00,2024-01-04 22:00:00,10001,Alphington,19.964,0.113,20.719,2.714,10.462,10.358,6.105,32.847,0.299,145.742,1.127,145.782,1.015
2024-01-04 22:00:00,2024-01-04 23:00:00,10001,Alphington,18.497,0.113,19.881,2.755,9.322,12.438,4.74,36.35,0.366,162.543,0.777,156.76,0.659
2024-01-04 23:00:00,2024-01-05 00:00:00,10001,Alphington,16.707,0.101,18.771,2.985,7.947,11.547,6.966,25.188,-0.101,181.156,0.631,184.128,0.577
2024-01-05 00:00:00,2024-01-05 01:00:00,10001,Alphington,,,17.891,,,7.942,4.019,89.019,,199.727,0.314,230.933,0.129
2024-01-05 01:00:00,2024-01-05 02:00:00,10001,Alphington,12.18,0.089,16.887,2.467,4.632,6.019,3.818,98.005,-0.287,145.686,0.285,35.624,0.013
2024-01-05 02:00:00,2024-01-05 03:00:00,10001,Alphington,13.49,0.103,16.02,4.414,1.449,6.459,1.545,33.257,-0.078,243.406,0.342,325.574,0.288
2024-01-05 03:00:00,2024-01-05 04:00:00,10001,Alphington,13.983,0.117,15.389,5.504,0.179,8.095,0.554,34.411,-0.196,167.291,0.346,353.128,0.294
2024-01-05 04:00:00,2024-01-05 05:00:00,10001,Alphington,13.163,0.118,14.864,5.12,-0.016,8.817,4.515,26.945,-0.403,110.069,0.36,12.859,0.335
2024-01-05 05:00:00,2024-01-05 06:00:00,10001,Alphington,16.671,0.157,15.199,5.649,0.19,13.795,2.584,42.301,-0.363,88.912,0.281,27.127,0.236
2024-01-05 06:00:00,2024-01-05 07:00:00,10001,Alphington,22.364,0.184,16.824,8.178,0.765,23.395,4.078,58.011,-0.277,167.226,0.35,341.616,0.218
2024-01-05 07:00:00,2024-01-05 08:00:00,10001,Alphington,23.934,0.142,19.434,9.044,3.629,20.289,7.574,41.332,-0.282,266.264,1.0,298.419,0.848
2024-01-05 08:00:00,2024-01-05 09:00:00,10001,Alphington,25.498,0.113,21.493,5.497,7.139,13.448,6.371,54.074,-0.445,214.33,1.145,323.141,0.812
2024-01-05 09:00:00,2024-01-05 10:00:00,10001,Alphington,27.463,0.119,22.594,5.459,8.602,13.414,5.104,82.344,-0.305,183.776,1.041,317.937,0.4
2024-01-05 10:00:00,2024-01-05 11:00:00,10001,Alphington,29.302,0.141,24.44,5.512,11.151,15.72,7.421,72.789,-0.407,225.623,1.098,280.587,0.54
2024-01-05 11:00:00,2024-01-05 12:00:00,10001,Alphington,29.423,0.139,26.057,5.828,16.638,17.319,11.565,43.747,-0.327,200.979,1.264,201.742,1.036
2024-01-05 12:00:00,2024-01-05 13:00:00,10001,Alphington,27.115,0.143,27.432,6.171,22.778,18.9,17.47,67.295,-0.419,190.815,1.417,197.202,0.883
2024-01-05 13:00:00,2024-01-05 14:00:00,10001,Alphington,27.804,0.169,28.567,9.872,25.877,24.097,11.243,29.322,-0.448,200.247,1.869,201.302,1.69
2024-01-05 14:00:00,2024-01-05 15:00:00,10001,Alphington,21.39,0.142,29.719,5.056,41.513,20.533,11.289,52.935,-0.528,183.034,1.717,190.397,1.262
2024-01-05 15:00:00,2024-01-05 16:00:00,10001,Alphington,18.22,0.114,29.889,3.73,34.628,14.687,6.059,33.049,-0.519,179.864,1.939,186.463,1.725
2024-01-05 16:00:00,2024-01-05 17:00:00,10001,Alphington,18.531,0.117,30.728,3.222,34.125,16.8,10.41,39.278,-0.646,169.031,1.991,175.257,1.656
2024-01-05 17:00:00,2024-01-05 18:00:00,10001,Alphington,17.088,0.105,29.904,2.924,28.514,17.12,8.722,44.188,-0.544,153.166,2.019,148.357,1.687
2024-01-05 18:00:00,2024-01-05 19:00:00,10001,Alphington,15.298,0.094,27.415,2.298,23.155,12.908,11.132,39.582,-0.502,151.031,1.922,150.041,1.622
2024-01-05 19:00:00,2024-01-05 20:00:00,10001,Alphington,14.972,0.096,24.936,1.973,18.484,13.543,-1.52,37.223,-0.41,148.61,1.691,146.587,1.454
2024-01-05 20:00:00,2024-01-05 21:00:00,10001,Alphington,14.415,0.098,22.677,2.245,13.346,13.626,3.799,36.228,-0.136,160.712,1.143,159.972,0.993
2024-01-05 21:00:00,2024-01-05 22:00:00,10001,Alphington,13.366,0.098,20.982,2.886,11.3,13.905,1.795,30.657,-0.093,171.731,1.069,171.129,0.94
2024-01-05 22:00:00,2024-01-05 23:00:00,10001,Alphington,13.547,0.106,19.682,3.719,9.807,14.028,2.847,34.328,-0.256,179.111,0.647,183.192,0.556
2024-01-05 23:00:00,2024-01-06 00:00:00,10001,Alphington,13.473,0.117,18.495,4.857,7.38,11.637,4.009,37.951,0.313,197.538,0.425,196.01,0.357
2024-01-06 00:00:00,2024-01-06 01:00:00,10001,Alphington,,,17.69,,,10.441,4.554,51.875,,211.075,0.311,340.366,0.242
2024-01-06 01:00:00,2024-01-06 02:00:00,10001,Alphington,12.237,0.124,17.138,6.387,2.563,9.473,6.411,50.906,0.428,110.254,0.243,37.477,0.19
2024-01-06 02:00:00,2024-01-06 03:00:00,10001,Alphington,13.094,,16.804,6.833,1.065,10.228,2.78,33.485,0.428,102.423,0.37,14.106,0.332
2024-01-06 03:00:00,2024-01-06 04:00:00,10001,Alphington,14.829,0.116,16.687,7.942,1.245,13.404,3.982,19.43,0.262,57.785,0.806,17.057,0.778
2024-01-06 04:00:00,2024-01-06 05:00:00,10001,Alphington,16.625,0.088,17.589,6.219,4.909,13.626,5.165,57.57,0.191,171.676,0.851,348.305,0.524
2024-01-06 05:00:00,2024-01-06 06:00:00,10001,Alphington,16.802,0.088,17.341,4.991,5.018,16.262,1.713,22.314,0.424,81.158,0.574,15.463,0.545
2024-01-06 06:00:00,2024-01-06 07:00:00,10001,Alphington,18.355,0.09,18.674,4.52,6.954,15.358,4.784,52.419,0.418,153.461,0.648,1.868,0.458
2024-01-06 07:00:00,2024-01-06 08:00:00,10001,Alphington,18.609,0.105,20.834,3.911,9.147,17.895,4.731,51.232,0.546,95.188,0.677,66.075,0.479
2024-01-06 08:00:00,2024-01-06 09:00:00,10001,Alphington,17.347,0.116,23.595,4.186,10.982,16.482,3.408,35.119,0.511,74.787,0.969,61.947,0.818
2024-01-06 09:00:00,2024-01-06 10:00:00,10001,Alphington,11.514,0.11,26.833,2.95,18.376,7.566,6.9,42.536,0.551,111.741,2.291,17.872,1.962
2024-01-06 10:00:00,2024-01-06 11:00:00,10001,Alphington,6.594,0.103,29.894,1.93,23.562,10.341,-0.942,34.392,0.479,112.052,2.905,14.631,2.596
2024-01-06 11:00:00,2024-01-06 12:00:00,10001,Alphington,7.299,0.102,32.207,2.19,26.534,14.152,6.118,39.183,0.322,133.992,2.279,10.955,1.953
2024-01-06 12:00:00,2024-01-06 13:00:00,10001,Alphington,8.103,0.097,32.986,1.916,29.531,13.317,8.668,41.973,0.277,124.826,2.369,13.525,1.998
2024-01-06 13:00:00,2024-01-06 14:00:00,10001,Alphington,8.376,0.097,33.655,2.31,31.238,12.142,8.014,48.432,0.054,173.881,1.674,355.063,1.233
2024-01-06 14:00:00,2024-01-06 15:00:00,10001,Alphington,8.509,0.095,33.487,1.961,32.824,10.266,2.228,42.045,0.104,148.884,1.849,3.011,1.493
2024-01-06 15:00:00,2024-01-06 16:00:00,10001,Alphington,8.64,0.095,33.238,1.967,32.649,9.753,17.032,49.333,0.078,145.851,1.722,6.077,1.324
2024-01-06 16:00:00,2024-01-06 17:00:00,10001,Alphington,8.98,0.099,33.508,1.717,33.209,9.858,3.968,70.317,0.025,184.475,1.095,336.887,0.553
2024-01-06 17:00:00,2024-01-06 18:00:00,10001,Alphington,9.386,0.102,33.058,1.707,33.435,11.369,3.82,78.856,0.213,135.898,0.674,55.522,0.277
2024-01-06 18:00:00,2024-01-06 19:00:00,10001,Alphington,16.456,0.134,30.824,2.765,30.11,34.091,8.344,68.54,0.361,133.776,0.766,121.711,0.444
2024-01-06 19:00:00,2024-01-06 20:00:00,10001,Alphington,20.78,0.154,29.065,3.65,24.865,23.513,4.044,52.958,0.738,110.216,0.747,121.915,0.508
2024-01-06 20:00:00,2024-01-06 21:00:00,10001,Alphington,20.342,0.146,27.786,2.969,18.058,21.044,7.402,33.552,0.657,71.388,0.406,59.374,0.354
2024-01-06 21:00:00,2024-01-06 22:00:00,10001,Alphington,20.97,0.147,27.025,2.996,13.663,16.757,5.266,35.072,0.755,78.855,0.412,69.007,0.35
2024-01-06 22:00:00,2024-01-06 23:00:00,10001,Alphington,18.916,0.161,26.09,3.36,10.732,17.98,6.665,36.149,0.606,70.378,0.495,39.763,0.429
2024-01-06 23:00:00,2024-01-07 00:00:00,10001,Alphington,18.673,0.144,25.498,2.865,10.239,15.139,5.536,37.695,0.061,74.192,0.433,37.598,0.375
2024-01-07 00:00:00,2024-01-07 01:00:00,10001,Alphington,,,24.828,,,15.981,7.925,31.726,,63.187,0.493,47.481,0.439
2024-01-07 01:00:00,2024-01-07 02:00:00,10001,Alphington,18.744,0.139,24.381,2.466,7.767,14.425,5.034,26.119,-0.088,62.88,0.513,58.081,0.467
2024-01-07 02:00:00,2024-01-07 03:00:00,10001,Alphington,19.212,0.141,23.932,2.395,7.583,17.021,6.616,26.378,-0.241,55.379,0.769,45.014,0.703
2024-01-07 03:00:00,2024-01-07 04:00:00,10001,Alphington,18.92,0.145,23.508,2.537,6.924,13.029,8.146,28.097,-0.036,59.388,0.71,47.251,0.646
2024-01-07 04:00:00,2024-01-07 05:00:00,10001,Alphington,18.228,0.142,23.394,2.317,8.935,13.624,8.195,36.336,0.03,72.208,0.476,50.555,0.404
2024-01-07 05:00:00,2024-01-07 06:00:00,10001,Alphington,16.541,0.14,23.279,3.014,9.524,13.7,3.967,65.586,-0.101,119.888,0.357,31.905,0.233
2024-01-07 06:00:00,2024-01-07 07:00:00,10001,Alphington,13.179,0.133,24.739,4.852,14.231,4.459,7.442,24.319,-0.056,49.07,0.905,34.048,0.854
2024-01-07 07:00:00,2024-01-07 08:00:00,10001,Alphington,14.71,0.117,26.155,3.556,18.468,10.449,4.09,19.985,-0.054,44.446,1.945,27.075,1.853
2024-01-07 08:00:00,2024-01-07 09:00:00,10001,Alphington,17.983,0.122,27.213,2.601,20.972,17.463,4.303,20.515,-0.022,55.431,2.667,21.453,2.55
2024-01-07 09:00:00,2024-01-07 10:00:00,10001,Alphington,19.667,0.132,27.169,2.364,22.453,22.562,5.6,23.966,0.1,74.327,3.125,19.432,2.941
2024-01-07 10:00:00,2024-01-07 11:00:00,10001,Alphington,21.176,0.141,23.611,3.195,20.274,31.112,11.923,19.505,0.09,68.776,3.025,18.012,2.893
2024-01-07 11:00:00,2024-01-07 12:00:00,10001,Alphington,21.793,0.154,20.413,3.849,17.38,17.706,6.569,20.25,-0.049,61.296,2.44,19.483,2.33
2024-01-07 12:00:00,2024-01-07 13:00:00,10001,Alphington,20.097,0.163,20.168,4.222,15.795,11.67,2.72,22.959,-0.208,49.618,1.724,30.347,1.622
2024-01-07 13:00:00,2024-01-07 14:00:00,10001,Alphington,15.406,0.165,20.419,4.183,15.741,,7.302,27.42,-0.18,57.341,1.088,35.238,1.001
2024-01-07 14:00:00,2024-01-07 15:00:00,10001,Alphington,8.763,0.169,20.8,3.751,14.596,6.24,6.956,27.666,-0.216,58.026,0.978,39.366,0.888
2024-01-07 15:00:00,2024-01-07 16:00:00,10001,Alphington,6.705,0.167,20.753,3.357,14.293,2.849,3.904,29.932,-0.275,65.701,0.668,55.477,0.594
2024-01-07 16:00:00,2024-01-07 17:00:00,10001,Alphington,4.47,0.164,20.913,3.67,14.736,4.171,4.957,30.168,-0.233,59.305,0.954,38.288,0.856
2024-01-07 17:00:00,2024-01-07 18:00:00,10001,Alphington,5.359,0.178,21.177,3.386,15.371,5.388,-0.042,21.057,-0.161,43.81,1.358,32.632,1.286
2024-01-07 18:00:00,2024-01-07 19:00:00,10001,Alphington,5.659,0.166,20.671,3.359,15.579,6.8,-0.637,27.632,-0.226,57.173,1.139,43.373,1.035
2024-01-07 19:00:00,2024-01-07 20:00:00,10001,Alphington,5.531,0.167,20.453,3.215,14.682,7.239,-0.336,29.161,-0.107,58.412,0.932,39.851,0.841
2024-01-07 20:00:00,2024-01-07 21:00:00,10001,Alphington,5.82,0.19,20.386,3.665,11.701,6.84,-1.687,44.838,-0.052,91.023,0.451,41.998,0.377
2024-01-07 21:00:00,2024-01-07 22:00:00,10001,Alphington,6.931,0.174,20.455,3.043,9.807,7.191,3.715,55.233,-0.193,111.312,0.272,36.223,0.195
2024-01-07 22:00:00,2024-01-07 23:00:00,10001,Alphington,9.053,0.185,20.625,3.616,6.508,7.951,-0.078,89.587,-0.358,163.901,0.226,13.53,0.058
2024-01-07 23:00:00,2024-01-08 00:00:00,10001,Alphington,10.674,0.144,20.551,2.904,8.541,6.805,2.826,40.874,-0.148,83.704,0.249,65.279,0.199
2024-01-08 00:00:00,2024-01-08 01:00:00,10001,Alphington,,,20.53,,,3.437,7.55,60.812,,114.18,0.244,106.833,0.137
2024-01-08 01:00:00,2024-01-08 02:00:00,10001,Alphington,12.402,0.145,20.555,2.53,6.949,4.792,-0.161,84.882,-0.014,163.156,0.355,201.773,0.083
2024-01-08 02:00:00,2024-01-08 03:00:00,10001,Alphington,13.458,0.153,20.651,3.203,7.291,8.845,3.661,69.699,-0.102,128.649,0.638,5.595,0.316
2024-01-08 03:00:00,2024-01-08 04:00:00,10001,Alphington,15.783,0.167,20.752,5.035,5.837,6.848,1.704,31.108,-0.092,228.722,0.826,235.543,0.754
2024-01-08 04:00:00,2024-01-08 05:00:00,10001,Alphington,12.591,0.172,20.636,9.202,6.453,5.73,6.459,26.835,-0.079,229.234,1.062,228.112,0.975
2024-01-08 05:00:00,2024-01-08 06:00:00,10001,Alphington,10.583,0.182,20.563,11.012,5.933,7.775,2.006,34.143,-0.345,237.189,0.781,235.6,0.682
2024-01-08 06:00:00,2024-01-08 07:00:00,10001,Alphington,10.261,0.217,20.725,15.845,2.569,8.331,5.623,28.313,-0.541,285.188,0.591,285.751,0.528
2024-01-08 07:00:00,2024-01-08 08:00:00,10001,Alphington,20.333,0.239,20.856,17.308,2.524,9.714,3.132,28.723,-0.404,244.981,1.352,238.367,1.209
2024-01-08 08:00:00,2024-01-08 09:00:00,10001,Alphington,5.03,0.169,20.623,9.746,19.562,3.888,8.382,25.15,-0.626,223.518,1.821,222.716,1.679
2024-01-08 09:00:00,2024-01-08 10:00:00,10001,Alphington,6.069,0.154,20.051,6.446,18.944,3.828,3.216,23.753,-0.49,219.404,2.648,219.526,2.479
2024-01-08 10:00:00,2024-01-08 11:00:00,10001,Alphington,6.108,0.159,19.787,6.349,15.402,5.443,-0.734,24.512,-0.404,225.217,2.326,224.021,2.149
2024-01-08 11:00:00,2024-01-08 12:00:00,10001,Alphington,5.03,0.142,19.433,5.086,14.198,3.936,3.829,25.244,-0.37,224.983,2.694,224.862,2.48
2024-01-08 12:00:00,2024-01-08 13:00:00,10001,Alphington,12.133,0.13,18.942,4.825,12.999,5.761,0.55,23.081,-0.476,226.702,2.867,226.691,2.68
2024-01-08 13:00:00,2024-01-08 14:00:00,10001,Alphington,38.098,0.128,18.613,3.141,13.217,19.788,-0.297,23.628,-0.412,223.313,2.756,223.679,2.573
2024-01-08 14:00:00,2024-01-08 15:00:00,10001,Alphington,52.603,0.125,18.451,3.365,11.949,29.259,5.075,23.602,-0.347,225.499,2.87,224.819,2.67
2024-01-08 15:00:00,2024-01-08 16:00:00,10001,Alphington,33.406,0.129,18.599,2.772,11.742,14.063,9.003,24.141,-0.375,220.661,2.606,220.272,2.427
2024-01-08 16:00:00,2024-01-08 17:00:00,10001,Alphington,23.946,0.128,18.51,3.369,10.883,12.972,2.071,24.057,-0.325,222.945,2.858,222.418,2.658
2024-01-08 17:00:00,2024-01-08 18:00:00,10001,Alphington,13.08,0.142,19.038,4.197,10.618,10.659,-2.121,26.391,-0.439,218.611,2.001,220.779,1.833
2024-01-08 18:00:00,2024-01-08 19:00:00,10001,Alphington,16.793,0.168,19.459,4.162,11.086,14.446,4.5,26.101,-0.487,201.017,1.504,203.298,1.392
2024-01-08 19:00:00,2024-01-08 20:00:00,10001,Alphington,8.106,0.149,19.419,5.168,8.019,8.054,5.356,35.113,-0.48,174.558,0.914,176.514,0.789
2024-01-08 20:00:00,2024-01-08 21:00:00,10001,Alphington,4.304,0.141,18.82,4.558,8.042,5.501,3.715,28.304,-0.361,172.754,0.879,171.249,0.786
2024-01-08 21:00:00,2024-01-08 22:00:00,10001,Alphington,6.452,0.144,18.606,5.797,6.193,8.524,2.509,22.952,-0.412,187.212,1.092,189.968,1.021
2024-01-08 22:00:00,2024-01-08 23:00:00,10001,Alphington,6.458,0.133,18.489,5.361,7.613,8.385,0.816,24.181,-0.518,188.35,1.35,192.515,1.264
2024-01-08 23:00:00,2024-01-09 00:00:00,10001,Alphington,9.502,0.106,18.252,6.705,7.281,7.062,2.391,26.213,-0.572,177.479,1.271,181.145,1.162
2024-01-09 00:00:00,2024-01-09 01:00:00,10001,Alphington,,,17.788,,,7.525,3.584,33.424,,160.25,1.129,159.819,0.991
2024-01-09 01:00:00,2024-01-09 02:00:00,10001,Alphington,9.247,0.083,17.631,1.401,9.884,7.823,1.271,37.472,-0.444,161.083,0.724,159.514,0.605
2024-01-09 02:00:00,2024-01-09 03:00:00,10001,Alphington,10.901,0.088,16.679,2.19,8.09,5.591,2.809,28.171,-0.32,181.301,0.624,183.15,0.564
2024-01-09 03:00:00,2024-01-09 04:00:00,10001,Alphington,17.333,0.087,16.015,4.228,5.811,10.322,1.235,34.576,-0.161,173.264,0.746,172.558,0.65
2024-01-09 04:00:00,2024-01-09 05:00:00,10001,Alphington,18.586,0.094,15.735,6.012,4.021,12.139,1.983,48.592,0.184,179.121,0.717,186.996,0.573
2024-01-09 05:00:00,2024-01-09 06:00:00,10001,Alphington,21.824,0.13,15.357,8.931,1.696,16.499,2.726,55.609,0.143,247.775,0.648,242.273,0.446
2024-01-09 06:00:00,2024-01-09 07:00:00,10001,Alphington,23.047,0.13,16.606,7.671,3.539,19.747,3.883,61.121,-0.125,206.324,0.655,211.511,0.459
2024-01-09 07:00:00,2024-01-09 08:00:00,10001,Alphington,19.932,0.108,18.713,4.549,7.233,14.854,4.48,75.493,-0.149,146.604,0.73,153.431,0.342
2024-01-09 08:00:00,2024-01-09 09:00:00,10001,Alphington,16.445,0.11,20.081,3.183,10.221,12.686,9.904,83.871,-0.286,156.112,0.807,15.779,0.243
2024-01-09 09:00:00,2024-01-09 10:00:00,10001,Alphington,14.382,0.117,21.501,3.618,12.987,12.394,,,-0.383,,,,
2024-01-09 10:00:00,2024-01-09 11:00:00,10001,Alphington,12.773,0.118,23.455,3.972,16.341,12.746,,,-0.422,,,,
2024-01-09 11:00:00,2024-01-09 12:00:00,10001,Alphington,14.374,0.115,24.725,4.6,21.847,17.862,,,-0.422,,,,
2024-01-09 12:00:00,2024-01-09 13:00:00,10001,Alphington,19.179,0.109,25.298,4.838,27.562,19.32,10.215,40.4,-0.539,236.276,2.286,236.156,2.042
2024-01-09 13:00:00,2024-01-09 14:00:00,10001,Alphington,27.442,0.101,26.044,3.547,29.052,25.631,16.158,28.389,-0.38,238.217,2.878,237.316,2.588
2024-01-09 14:00:00,2024-01-09 15:00:00,10001,Alphington,29.629,0.094,25.698,3.989,27.597,31.609,10.47,25.046,-0.225,216.798,3.281,216.695,3.03
2024-01-09 15:00:00,2024-01-09 16:00:00,10001,Alphington,31.706,0.1,25.849,3.821,28.195,27.253,10.02,25.526,-0.238,222.351,2.951,222.425,2.723
2024-01-09 16:00:00,2024-01-09 17:00:00,10001,Alphington,35.686,0.107,25.542,3.045,27.952,27.439,13.076,25.074,-0.041,219.902,2.788,219.413,2.58
2024-01-09 17:00:00,2024-01-09 18:00:00,10001,Alphington,42.842,0.113,25.684,3.761,28.721,29.871,11.198,27.348,-0.078,218.916,2.455,218.905,2.234
2024-01-09 18:00:00,2024-01-09 19:00:00,10001,Alphington,39.787,0.119,24.033,3.612,23.714,30.872,15.897,24.42,0.149,238.91,2.121,238.967,1.966
2024-01-09 19:00:00,2024-01-09 20:00:00,10001,Alphington,39.922,0.133,22.814,5.441,19.307,30.539,11.306,25.185,-0.107,245.227,1.643,244.621,1.52
2024-01-09 20:00:00,2024-01-09 21:00:00,10001,Alphington,39.468,0.146,21.622,10.276,11.764,29.606,15.542,22.684,-0.101,241.83,1.725,239.844,1.623
2024-01-09 21:00:00,2024-01-09 22:00:00,10001,Alphington,34.066,0.115,20.736,6.838,12.846,25.833,10.062,25.098,-0.259,226.116,1.95,225.204,1.804
2024-01-09 22:00:00,2024-01-09 23:00:00,10001,Alphington,34.954,0.11,20.086,6.837,10.478,27.358,9.81,31.866,-0.277,224.818,1.213,226.236,1.086
2024-01-09 23:00:00,2024-01-10 00:00:00,10001,Alphington,37.56,0.117,19.02,8.638,5.83,23.636,9.887,50.164,-0.258,234.813,0.527,316.98,0.361
2024-01-10 00:00:00,2024-01-10 01:00:00,10001,Alphington,,,18.037,,,18.4,10.689,38.324,,154.313,0.581,349.102,0.464
2024-01-10 01:00:00,2024-01-10 02:00:00,10001,Alphington,34.296,0.153,17.571,12.332,1.609,17.552,7.107,34.67,-0.267,263.04,0.488,317.996,0.419
2024-01-10 02:00:00,2024-01-10 03:00:00,10001,Alphington,43.667,0.148,16.984,12.444,1.67,19.925,6.024,49.71,-0.322,152.531,0.417,359.052,0.304
2024-01-10 03:00:00,2024-01-10 04:00:00,10001,Alphington,41.246,0.139,16.651,11.514,0.91,19.504,11.517,75.411,-0.352,125.767,0.18,33.832,0.103
2024-01-10 04:00:00,2024-01-10 05:00:00,10001,Alphington,36.089,0.146,16.514,9.301,0.279,19.348,10.403,56.594,-0.473,88.626,0.295,53.808,0.195
2024-01-10 05:00:00,2024-01-10 06:00:00,10001,Alphington,34.31,0.158,16.56,6.606,0.659,21.422,9.622,67.425,-0.45,101.282,0.264,65.554,0.152
2024-01-10 06:00:00,2024-01-10 07:00:00,10001,Alphington,39.847,0.181,18.719,8.539,2.223,29.568,6.143,28.327,-0.428,67.07,0.617,55.091,0.555
2024-01-10 07:00:00,2024-01-10 08:00:00,10001,Alphington,39.495,0.172,21.129,7.255,5.986,23.95,4.711,,-0.482,,,,
2024-01-10 08:00:00,2024-01-10 09:00:00,10001,Alphington,38.329,0.182,23.773,8.247,10.742,32.367,10.368,,-0.487,,,,
2024-01-10 09:00:00,2024-01-10 10:00:00,10001,Alphington,28.937,0.193,27.553,10.386,23.206,25.496,16.266,78.714,-0.485,201.461,1.272,275.519,0.593
2024-01-10 10:00:00,2024-01-10 11:00:00,10001,Alphington,43.972,,24.46,,,36.882,14.131,23.655,,215.177,4.403,215.508,4.112
2024-01-10 11:00:00,2024-01-10 12:00:00,10001,Alphington,36.805,0.079,24.49,3.446,29.864,34.088,13.172,27.474,-0.643,213.275,3.627,213.772,3.309
2024-01-10 12:00:00,2024-01-10 13:00:00,10001,Alphington,37.681,0.084,24.607,3.082,26.591,24.069,15.636,26.504,-0.694,211.427,3.38,211.153,3.105
2024-01-10 13:00:00,2024-01-10 14:00:00,10001,Alphington,32.525,0.084,25.155,2.521,25.615,22.132,10.82,31.369,-0.515,205.014,2.984,205.295,2.653
2024-01-10 14:00:00,2024-01-10 15:00:00,10001,Alphington,25.894,0.082,24.81,2.17,24.101,16.774,7.771,24.952,-0.462,196.097,2.852,197.4,2.647
2024-01-10 15:00:00,2024-01-10 16:00:00,10001,Alphington,18.783,0.084,24.976,2.036,23.442,14.175,9.127,37.154,-0.343,186.312,2.129,192.694,1.801
2024-01-10 16:00:00,2024-01-10 17:00:00,10001,Alphington,16.578,0.093,24.955,2.227,21.895,13.049,4.986,27.275,-0.268,200.875,2.279,203.916,2.09
2024-01-10 17:00:00,2024-01-10 18:00:00,10001,Alphington,17.79,0.091,24.499,2.593,22.414,15.788,6.378,25.59,-0.245,204.214,2.471,206.052,2.284
2024-01-10 18:00:00,2024-01-10 19:00:00,10001,Alphington,20.426,0.077,21.853,2.374,18.27,18.507,9.81,23.774,-0.13,203.046,2.443,204.203,2.268
2024-01-10 19:00:00,2024-01-10 20:00:00,10001,Alphington,20.643,0.079,20.052,2.453,15.725,19.296,1.007,23.398,-0.02,205.004,1.989,206.251,1.853
2024-01-10 20:00:00,2024-01-10 21:00:00,10001,Alphington,19.771,0.08,19.001,3.197,13.295,16.827,5.978,22.527,-0.083,192.305,1.992,195.223,1.875
2024-01-10 21:00:00,2024-01-10 22:00:00,10001,Alphington,19.142,0.093,18.269,4.172,12.458,14.335,2.084,30.354,-0.117,164.433,0.935,163.805,0.834
2024-01-10 22:00:00,2024-01-10 23:00:00,10001,Alphington,14.643,0.076,18.075,3.131,13.275,10.656,2.426,32.661,-0.201,158.264,1.294,155.355,1.142
2024-01-10 23:00:00,2024-01-11 00:00:00,10001,Alphington,12.573,0.079,17.521,2.075,13.938,12.434,3.462,37.682,0.006,145.251,0.882,144.108,0.758
2024-01-11 00:00:00,2024-01-11 01:00:00,10001,Alphington,,,17.342,,,11.078,4.623,34.097,,147.666,0.795,143.915,0.706
2024-01-11 01:00:00,2024-01-11 02:00:00,10001,Alphington,12.412,0.079,17.352,3.28,11.336,11.627,4.874,44.329,0.09,129.549,0.692,128.454,0.567
2024-01-11 02:00:00,2024-01-11 03:00:00,10001,Alphington,13.192,0.075,17.509,3.724,11.535,12.154,6.517,37.359,0.225,142.431,0.806,143.165,0.688
2024-01-11 03:00:00,2024-01-11 04:00:00,10001,Alphington,14.427,0.073,17.584,3.646,11.844,14.415,-0.15,53.322,0.161,124.627,0.515,126.687,0.355
2024-01-11 04:00:00,2024-01-11 05:00:00,10001,Alphington,14.829,0.074,17.538,3.822,11.065,14.392,3.551,51.284,0.072,127.046,0.53,125.104,0.386
2024-01-11 05:00:00,2024-01-11 06:00:00,10001,Alphington,13.408,0.081,17.662,4.632,9.483,14.026,2.796,50.149,0.079,150.891,0.472,153.293,0.362
2024-01-11 06:00:00,2024-01-11 07:00:00,10001,Alphington,13.066,0.094,18.167,6.354,8.241,12.379,3.681,49.638,0.194,125.276,0.607,125.388,0.48
2024-01-11 07:00:00,2024-01-11 08:00:00,10001,Alphington,12.872,0.093,19.134,6.589,9.265,9.419,6.084,50.317,0.051,136.089,0.906,137.238,0.685
2024-01-11 08:00:00,2024-01-11 09:00:00,10001,Alphington,11.372,0.08,20.093,3.882,12.504,9.9,5.07,46.757,0.017,164.618,1.318,168.383,1.024
2024-01-11 09:00:00,2024-01-11 10:00:00,10001,Alphington,10.323,0.079,21.663,4.097,14.108,9.999,5.673,51.088,0.112,144.82,1.591,155.318,1.162
2024-01-11 10:00:00,2024-01-11 11:00:00,10001,Alphington,10.088,0.08,23.382,4.086,17.211,12.58,1.889,56.339,0.043,153.38,1.502,161.132,1.023
2024-01-11 11:00:00,2024-01-11 12:00:00,10001,Alphington,11.365,0.069,25.203,3.874,22.475,13.577,6.034,44.484,0.076,166.629,1.807,173.509,1.463
2024-01-11 12:00:00,2024-01-11 13:00:00,10001,Alphington,10.289,0.063,26.378,3.632,26.92,19.843,7.488,54.876,0.132,170.059,2.067,183.263,1.512
2024-01-11 13:00:00,2024-01-11 14:00:00,10001,Alphington,12.69,0.079,24.995,4.055,23.317,27.487,10.85,24.534,0.059,217.11,3.533,216.889,3.273
2024-01-11 14:00:00,2024-01-11 15:00:00,10001,Alphington,14.535,0.078,24.952,3.757,21.103,23.815,4.821,23.513,0.111,211.421,3.663,211.761,3.409
2024-01-11 15:00:00,2024-01-11 16:00:00,10001,Alphington,15.237,0.086,25.381,3.494,18.971,21.561,6.771,23.856,0.253,222.426,3.26,222.752,3.032
2024-01-11 16:00:00,2024-01-11 17:00:00,10001,Alphington,13.242,0.087,25.607,2.772,19.736,16.109,6.662,23.578,0.201,206.778,3.187,208.566,2.975
2024-01-11 17:00:00,2024-01-11 18:00:00,10001,Alphington,14.543,0.086,24.725,3.249,16.712,17.734,6.523,25.463,0.087,202.818,2.7,204.843,2.491
2024-01-11 18:00:00,2024-01-11 19:00:00,10001,Alphington,13.857,0.085,23.482,2.626,16.605,14.707,2.96,28.102,0.219,178.591,2.244,183.38,2.036
2024-01-11 19:00:00,2024-01-11 20:00:00,10001,Alphington,16.464,0.091,21.646,3.998,13.472,16.481,0.523,26.908,0.29,177.089,1.519,182.309,1.378
2024-01-11 20:00:00,2024-01-11 21:00:00,10001,Alphington,15.607,0.106,20.03,5.142,10.068,16.56,5.669,22.388,0.247,180.417,1.179,184.69,1.101
2024-01-11 21:00:00,2024-01-11 22:00:00,10001,Alphington,15.024,0.102,19.16,5.968,8.707,13.864,5.25,21.645,0.363,199.758,1.349,200.783,1.27
2024-01-11 22:00:00,2024-01-11 23:00:00,10001,Alphington,15.077,0.095,18.366,4.752,9.097,15.249,6.131,29.154,0.14,210.737,1.008,208.72,0.915
2024-01-11 23:00:00,2024-01-12 00:00:00,10001,Alphington,15.411,0.111,17.716,6.56,6.446,13.973,4.117,22.091,0.297,240.851,0.761,238.4,0.722
2024-01-12 00:00:00,2024-01-12 01:00:00,10001,Alphington,,,17.158,,,13.802,3.215,65.146,,215.907,0.558,231.932,0.379
2024-01-12 01:00:00,2024-01-12 02:00:00,10001,Alphington,14.418,0.11,16.773,7.404,2.898,14.887,2.16,43.206,0.296,231.067,0.386,324.578,0.293
2024-01-12 02:00:00,2024-01-12 03:00:00,10001,Alphington,20.509,0.102,18.156,9.413,2.388,15.549,3.662,37.807,0.237,266.737,0.681,273.36,0.577
2024-01-12 03:00:00,2024-01-12 04:00:00,10001,Alphington,28.408,0.091,18.173,8.739,3.139,20.527,5.668,26.208,0.343,294.467,1.017,301.67,0.94
2024-01-12 04:00:00,2024-01-12 05:00:00,10001,Alphington,33.033,0.104,18.262,8.583,3.37,20.072,5.543,56.361,0.335,193.427,0.859,329.74,0.547
2024-01-12 05:00:00,2024-01-12 06:00:00,10001,Alphington,35.982,0.094,18.312,9.318,3.17,17.756,5.739,61.699,0.417,219.463,0.648,308.824,0.398
2024-01-12 06:00:00,2024-01-12 07:00:00,10001,Alphington,44.911,0.101,18.742,7.182,6.277,18.976,3.809,63.771,0.309,192.976,0.612,339.815,0.371
2024-01-12 07:00:00,2024-01-12 08:00:00,10001,Alphington,45.367,0.117,20.126,6.704,8.54,20.916,7.66,46.781,0.42,123.213,0.958,19.56,0.755
2024-01-12 08:00:00,2024-01-12 09:00:00,10001,Alphington,45.513,0.142,22.242,7.35,10.127,25.213,11.727,65.31,0.465,121.871,0.872,36.085,0.525
2024-01-12 09:00:00,2024-01-12 10:00:00,10001,Alphington,43.805,0.137,24.928,6.987,16.704,30.369,15.771,69.462,0.332,137.325,1.016,24.524,0.656
2024-01-12 10:00:00,2024-01-12 11:00:00,10001,Alphington,40.558,0.146,28.047,7.499,22.435,35.867,8.388,51.282,0.168,109.0,1.022,90.428,0.716
2024-01-12 11:00:00,2024-01-12 12:00:00,10001,Alphington,29.887,0.132,32.916,3.819,36.214,34.856,16.926,35.943,0.1,112.58,2.843,14.939,2.491
2024-01-12 12:00:00,2024-01-12 13:00:00,10001,Alphington,34.665,0.133,34.74,3.746,40.848,30.464,15.653,43.431,-0.058,144.116,2.406,7.599,1.921
2024-01-12 13:00:00,2024-01-12 14:00:00,10001,Alphington,37.146,0.146,34.897,5.824,45.089,22.596,11.483,60.429,-0.19,231.953,2.573,289.203,1.498
2024-01-12 14:00:00,2024-01-12 15:00:00,10001,Alphington,41.031,0.178,32.72,8.536,60.973,30.746,17.39,23.771,-0.091,208.409,2.907,208.888,2.7
2024-01-12 15:00:00,2024-01-12 16:00:00,10001,Alphington,32.363,0.148,34.125,5.094,59.62,19.329,12.088,26.644,0.007,196.714,2.715,199.754,2.491
2024-01-12 16:00:00,2024-01-12 17:00:00,10001,Alphington,21.962,0.12,34.474,3.78,47.948,4.318,18.62,29.303,-0.015,193.26,2.508,196.884,2.267
2024-01-12 17:00:00,2024-01-12 18:00:00,10001,Alphington,19.542,0.117,33.835,3.948,43.275,19.487,10.29,35.682,0.157,189.394,2.203,195.284,1.877
2024-01-12 18:00:00,2024-01-12 19:00:00,10001,Alphington,43.459,0.171,28.486,7.047,42.254,55.432,11.459,27.581,0.115,224.914,1.686,225.915,1.529
2024-01-12 19:00:00,2024-01-12 20:00:00,10001,Alphington,30.303,0.13,28.238,5.348,37.208,12.209,6.295,32.151,0.087,164.554,1.617,164.756,1.418
2024-01-12 20:00:00,2024-01-12 21:00:00,10001,Alphington,22.183,0.12,26.488,5.768,28.664,17.439,10.362,30.316,0.454,180.051,0.87,180.148,0.762
2024-01-12 21:00:00,2024-01-12 22:00:00,10001,Alphington,34.786,0.148,24.186,8.037,24.742,47.279,9.41,24.065,0.379,223.823,1.277,221.867,1.194
2024-01-12 22:00:00,2024-01-12 23:00:00,10001,Alphington,36.445,0.163,22.896,8.649,23.153,20.5,9.005,25.797,0.435,232.028,1.246,227.645,1.149
2024-01-12 23:00:00,2024-01-13 00:00:00,10001,Alphington,45.68,0.154,22.222,5.268,26.068,22.763,8.661,26.563,-0.186,222.24,1.337,222.264,1.226
2024-01-13 00:00:00,2024-01-13 01:00:00,10001,Alphington,,,21.115,,,21.612,12.971,63.405,,225.123,0.487,242.004,0.307
2024-01-13 01:00:00,2024-01-13 02:00:00,10001,Alphington,36.914,0.163,20.641,6.402,18.778,14.42,12.299,19.627,-0.438,231.486,1.047,229.11,0.996
2024-01-13 02:00:00,2024-01-13 03:00:00,10001,Alphington,31.412,0.139,20.475,5.451,22.833,6.015,13.083,26.898,-0.349,214.569,1.086,215.241,0.987
2024-01-13 03:00:00,2024-01-13 04:00:00,10001,Alphington,36.47,0.126,19.922,2.767,27.057,23.074,8.658,22.41,-0.267,195.439,2.002,196.614,1.885
2024-01-13 04:00:00,2024-01-13 05:00:00,10001,Alphington,46.792,0.129,19.657,2.876,26.395,18.908,12.887,27.238,-0.182,186.837,2.028,192.329,1.87
2024-01-13 05:00:00,2024-01-13 06:00:00,10001,Alphington,52.635,0.136,19.253,3.446,23.036,19.082,14.889,39.696,-0.191,153.238,0.871,149.709,0.74
2024-01-13 06:00:00,2024-01-13 07:00:00,10001,Alphington,59.656,0.141,20.033,3.11,23.908,21.028,11.19,38.855,-0.296,154.172,0.966,152.545,0.815
2024-01-13 07:00:00,2024-01-13 08:00:00,10001,Alphington,64.476,0.141,20.793,3.032,24.928,22.058,16.014,37.714,-0.164,165.071,1.249,167.675,1.039
2024-01-13 08:00:00,2024-01-13 09:00:00,10001,Alphington,63.603,0.143,21.176,3.234,22.578,23.633,18.397,30.212,-0.301,173.434,1.6,178.151,1.413
2024-01-13 09:00:00,2024-01-13 10:00:00,10001,Alphington,48.361,0.135,22.131,2.462,21.26,18.261,12.54,28.512,-0.331,178.137,1.902,181.265,1.706
2024-01-13 10:00:00,2024-01-13 11:00:00,10001,Alphington,34.943,0.131,22.277,2.139,19.722,17.774,14.263,28.76,-0.179,177.367,2.066,183.37,1.865
2024-01-13 11:00:00,2024-01-13 12:00:00,10001,Alphington,23.429,0.132,22.797,2.099,16.376,16.061,8.967,24.884,-0.188,195.922,2.906,198.961,2.703
2024-01-13 12:00:00,2024-01-13 13:00:00,10001,Alphington,15.347,0.124,21.968,2.007,15.634,17.001,4.481,24.697,-0.247,192.731,2.665,197.065,2.476
2024-01-13 13:00:00,2024-01-13 14:00:00,10001,Alphington,18.748,0.133,20.384,2.225,12.509,21.752,3.976,23.857,-0.384,183.23,2.095,187.472,1.955
2024-01-13 14:00:00,2024-01-13 15:00:00,10001,Alphington,21.452,0.156,19.298,2.708,11.684,13.054,1.59,26.387,-0.329,179.877,1.882,184.989,1.729
2024-01-13 15:00:00,2024-01-13 16:00:00,10001,Alphington,22.746,0.147,18.778,2.212,12.884,7.922,6.298,23.786,-0.27,184.121,2.431,188.081,2.27
2024-01-13 16:00:00,2024-01-13 17:00:00,10001,Alphington,26.778,0.134,19.39,1.801,13.285,15.311,6.408,27.119,-0.196,181.696,2.181,186.428,1.995
2024-01-13 17:00:00,2024-01-13 18:00:00,10001,Alphington,19.037,0.116,19.691,1.328,15.84,14.566,6.924,22.937,-0.098,190.612,2.844,193.759,2.675
2024-01-13 18:00:00,2024-01-13 19:00:00,10001,Alphington,25.037,0.128,18.6,1.882,14.524,26.452,8.961,27.211,0.038,182.276,2.419,185.461,2.199
2024-01-13 19:00:00,2024-01-13 20:00:00,10001,Alphington,24.008,0.126,17.799,2.501,13.899,26.325,9.013,31.839,-0.059,165.354,1.7,167.901,1.486
2024-01-13 20:00:00,2024-01-13 21:00:00,10001,Alphington,21.132,0.124,17.297,2.23,13.114,26.883,9.803,24.12,0.094,181.864,1.949,185.534,1.815
2024-01-13 21:00:00,2024-01-13 22:00:00,10001,Alphington,19.508,0.123,16.934,2.422,12.336,25.52,5.863,25.096,0.024,182.094,1.631,186.154,1.506
2024-01-13 22:00:00,2024-01-13 23:00:00,10001,Alphington,20.754,0.118,16.664,2.704,11.572,28.197,5.595,21.523,-0.206,192.043,1.368,194.493,1.293
2024-01-13 23:00:00,2024-01-14 00:00:00,10001,Alphington,23.19,0.092,16.275,3.558,10.292,26.674,6.394,21.547,-0.046,190.568,1.035,192.794,0.981
2024-01-14 00:00:00,2024-01-14 01:00:00,10001,Alphington,,,16.65,,,29.22,7.651,23.238,,184.224,1.482,188.974,1.387
2024-01-14 01:00:00,2024-01-14 02:00:00,10001,Alphington,19.309,0.064,16.898,0.944,13.485,22.576,7.813,25.421,0.255,181.182,1.313,185.611,1.215
2024-01-14 02:00:00,2024-01-14 03:00:00,10001,Alphington,19.568,0.065,16.396,1.372,13.48,24.772,8.414,18.676,0.195,190.322,1.609,193.37,1.546
2024-01-14 03:00:00,2024-01-14 04:00:00,10001,Alphington,21.521,0.065,16.329,1.456,12.859,26.471,6.004,18.026,0.283,196.814,1.394,197.7,1.341
2024-01-14 04:00:00,2024-01-14 05:00:00,10001,Alphington,21.419,0.063,16.511,1.25,12.91,26.438,8.441,19.398,0.181,193.929,1.523,195.559,1.457
2024-01-14 05:00:00,2024-01-14 06:00:00,10001,Alphington,21.556,0.068,16.199,1.714,11.887,25.787,6.608,18.347,0.317,194.401,1.599,195.521,1.537
2024-01-14 06:00:00,2024-01-14 07:00:00,10001,Alphington,18.449,0.072,16.673,1.861,12.065,23.608,6.537,22.169,0.289,189.87,1.519,193.433,1.434
2024-01-14 07:00:00,2024-01-14 08:00:00,10001,Alphington,18.201,0.066,17.907,1.407,13.037,22.7,5.446,36.743,0.31,176.293,1.48,182.769,1.283
2024-01-14 08:00:00,2024-01-14 09:00:00,10001,Alphington,17.597,0.067,18.97,1.204,14.074,22.728,5.727,33.177,0.452,181.708,1.801,186.389,1.587
2024-01-14 09:00:00,2024-01-14 10:00:00,10001,Alphington,18.647,0.077,20.482,1.487,15.619,22.223,10.399,41.286,0.287,165.252,2.094,168.796,1.708
2024-01-14 10:00:00,2024-01-14 11:00:00,10001,Alphington,19.602,0.078,22.253,1.664,18.479,26.904,2.693,34.843,0.419,181.239,2.317,186.448,1.998
2024-01-14 11:00:00,2024-01-14 12:00:00,10001,Alphington,18.376,0.069,23.004,1.66,19.17,26.516,9.431,32.203,0.688,212.59,2.912,215.36,2.571
2024-01-14 12:00:00,2024-01-14 13:00:00,10001,Alphington,18.983,0.073,23.431,1.5,19.648,27.007,12.328,27.801,0.719,218.861,3.254,218.844,2.97
2024-01-14 13:00:00,2024-01-14 14:00:00,10001,Alphington,20.709,0.076,23.458,1.528,21.44,26.906,8.601,26.197,0.689,222.266,3.771,222.676,3.462
2024-01-14 14:00:00,2024-01-14 15:00:00,10001,Alphington,20.732,0.077,24.543,1.6,22.228,27.636,7.223,24.675,0.931,214.474,4.162,214.161,3.847
2024-01-14 15:00:00,2024-01-14 16:00:00,10001,Alphington,23.255,0.081,24.875,1.521,23.547,30.231,8.992,27.852,1.052,200.085,3.854,202.992,3.489
2024-01-14 16:00:00,2024-01-14 17:00:00,10001,Alphington,25.234,0.088,23.293,1.706,20.55,29.609,10.364,20.658,1.109,192.284,3.443,194.297,3.273
2024-01-14 17:00:00,2024-01-14 18:00:00,10001,Alphington,25.605,0.1,22.804,2.138,16.427,26.905,12.489,23.822,0.756,210.773,2.789,211.253,2.598
2024-01-14 18:00:00,2024-01-14 19:00:00,10001,Alphington,26.272,0.112,22.557,2.309,14.565,28.172,5.035,23.266,0.684,225.01,2.269,224.104,2.113
2024-01-14 19:00:00,2024-01-14 20:00:00,10001,Alphington,15.768,0.108,22.438,2.433,16.123,7.903,11.828,35.541,0.861,149.623,1.926,147.17,1.686
2024-01-14 20:00:00,2024-01-14 21:00:00,10001,Alphington,8.216,0.092,21.053,1.533,14.921,6.171,4.89,36.428,0.811,148.494,2.04,148.277,1.781
2024-01-14 21:00:00,2024-01-14 22:00:00,10001,Alphington,9.957,0.094,20.231,1.585,14.316,9.295,2.2,44.617,0.9,145.308,1.524,143.674,1.257
2024-01-14 22:00:00,2024-01-14 23:00:00,10001,Alphington,10.235,0.096,19.377,1.593,13.452,9.87,6.517,32.464,0.941,154.075,1.253,152.279,1.108
2024-01-14 23:00:00,2024-01-15 00:00:00,10001,Alphington,12.864,0.092,18.773,1.467,12.926,10.109,5.355,43.995,-0.148,141.644,0.805,145.817,0.648
2024-01-15 00:00:00,2024-01-15 01:00:00,10001,Alphington,,,18.131,,,10.111,2.717,39.548,,129.72,0.63,132.604,0.533
2024-01-15 01:00:00,2024-01-15 02:00:00,10001,Alphington,14.103,0.092,17.363,1.497,9.367,9.695,2.652,75.763,-0.287,214.472,0.231,297.278,0.092
2024-01-15 02:00:00,2024-01-15 03:00:00,10001,Alphington,17.142,0.102,17.77,2.516,7.445,10.87,3.59,58.582,-0.218,237.034,0.265,261.238,0.163
2024-01-15 03:00:00,2024-01-15 04:00:00,10001,Alphington,13.468,0.093,18.373,3.671,7.143,10.676,3.517,96.341,-0.304,167.727,0.382,243.993,0.026
2024-01-15 04:00:00,2024-01-15 05:00:00,10001,Alphington,13.207,0.112,17.505,4.886,4.28,10.507,5.994,41.832,-0.273,274.596,0.372,290.937,0.307
2024-01-15 05:00:00,2024-01-15 06:00:00,10001,Alphington,14.153,0.146,16.685,9.735,0.666,13.901,1.998,39.958,-0.347,229.558,0.412,317.026,0.344
2024-01-15 06:00:00,2024-01-15 07:00:00,10001,Alphington,16.387,0.185,19.166,10.352,2.601,15.802,0.251,32.307,-0.292,286.215,1.046,296.141,0.947
2024-01-15 07:00:00,2024-01-15 08:00:00,10001,Alphington,16.762,0.166,20.325,10.54,4.321,16.731,4.502,34.504,-0.177,277.913,1.208,290.94,1.064
2024-01-15 08:00:00,2024-01-15 09:00:00,10001,Alphington,15.235,0.151,22.211,7.541,8.251,14.2,7.477,76.549,-0.444,222.106,1.018,239.932,0.454
2024-01-15 09:00:00,2024-01-15 10:00:00,10001,Alphington,13.947,0.137,23.14,7.584,9.301,18.084,11.162,73.856,-0.561,135.776,0.66,51.421,0.302
2024-01-15 10:00:00,2024-01-15 11:00:00,10001,Alphington,14.07,0.13,25.471,6.863,13.687,17.748,3.135,83.505,-0.403,195.412,1.235,215.835,0.439
2024-01-15 11:00:00,2024-01-15 12:00:00,10001,Alphington,11.961,0.104,26.753,6.069,18.41,12.358,11.325,68.985,-0.565,143.809,0.826,129.558,0.463
2024-01-15 12:00:00,2024-01-15 13:00:00,10001,Alphington,10.737,0.092,29.212,3.186,27.793,13.491,4.907,81.297,-0.714,162.467,1.15,158.466,0.529
2024-01-15 13:00:00,2024-01-15 14:00:00,10001,Alphington,9.732,0.092,29.956,2.441,33.981,7.943,8.679,65.752,-0.736,160.494,1.184,159.592,0.743
2024-01-15 14:00:00,2024-01-15 15:00:00,10001,Alphington,12.833,0.114,31.062,5.13,41.248,20.249,6.301,38.445,-0.789,175.966,2.088,181.375,1.727
2024-01-15 15:00:00,2024-01-15 16:00:00,10001,Alphington,11.388,0.104,31.207,4.14,39.314,17.392,8.552,47.012,-0.831,166.027,1.925,168.272,1.481
2024-01-15 16:00:00,2024-01-15 17:00:00,10001,Alphington,10.07,0.096,31.333,2.866,28.345,13.922,5.991,42.019,-0.821,141.643,1.888,142.719,1.541
2024-01-15 17:00:00,2024-01-15 18:00:00,10001,Alphington,11.576,0.104,30.612,2.251,20.727,17.185,3.517,44.073,-0.911,139.491,1.758,140.395,1.459
2024-01-15 18:00:00,2024-01-15 19:00:00,10001,Alphington,13.916,0.092,28.369,2.116,16.346,18.444,2.352,40.832,-0.883,139.527,1.796,140.474,1.526
2024-01-15 19:00:00,2024-01-15 20:00:00,10001,Alphington,15.512,0.102,26.187,2.348,13.477,18.222,1.454,37.189,-0.762,138.444,1.493,138.877,1.301
2024-01-15 20:00:00,2024-01-15 21:00:00,10001,Alphington,16.737,0.104,24.438,3.007,11.398,18.177,1.632,36.953,-0.443,127.526,0.703,129.981,0.597
2024-01-15 21:00:00,2024-01-15 22:00:00,10001,Alphington,17.433,0.12,23.148,4.979,8.19,20.239,2.582,58.127,-0.306,135.647,0.415,135.061,0.287
2024-01-15 22:00:00,2024-01-15 23:00:00,10001,Alphington,17.228,0.13,22.131,6.696,5.242,17.329,2.075,74.542,-0.338,137.868,0.352,18.863,0.17
2024-01-15 23:00:00,2024-01-16 00:00:00,10001,Alphington,14.797,0.115,22.797,2.407,9.817,10.85,5.652,29.827,-0.285,61.711,0.848,39.28,0.77
2024-01-16 00:00:00,2024-01-16 01:00:00,10001,Alphington,,,21.766,,,23.137,6.056,54.671,,102.71,0.444,41.148,0.338
2024-01-16 01:00:00,2024-01-16 02:00:00,10001,Alphington,11.73,0.124,21.391,4.66,5.057,13.481,5.211,43.788,-0.312,190.736,0.624,341.259,0.467
2024-01-16 02:00:00,2024-01-16 03:00:00,10001,Alphington,6.8,0.106,22.498,3.736,12.218,,2.045,51.736,-0.249,184.939,1.325,356.136,0.992
2024-01-16 03:00:00,2024-01-16 04:00:00,10001,Alphington,5.884,0.096,22.186,2.509,13.706,5.932,3.641,43.378,-0.041,124.719,1.426,11.303,1.13
2024-01-16 04:00:00,2024-01-16 05:00:00,10001,Alphington,6.597,0.105,21.15,2.915,12.287,6.585,2.099,33.879,-0.092,114.449,1.137,16.21,1.007
2024-01-16 05:00:00,2024-01-16 06:00:00,10001,Alphington,8.716,0.125,20.556,7.934,8.129,9.943,1.42,30.527,-0.063,111.557,1.113,12.906,1.028
2024-01-16 06:00:00,2024-01-16 07:00:00,10001,Alphington,7.976,0.157,20.518,11.89,4.246,14.366,1.296,56.8,-0.181,131.106,0.622,16.918,0.467
2024-01-16 07:00:00,2024-01-16 08:00:00,10001,Alphington,5.523,,24.503,,,3.864,4.604,22.226,,50.319,2.965,25.613,2.807
2024-01-16 08:00:00,2024-01-16 09:00:00,10001,Alphington,7.012,,25.834,,,17.11,6.437,29.358,,88.045,2.754,19.237,2.52
2024-01-16 09:00:00,2024-01-16 10:00:00,10001,Alphington,7.142,,27.234,,,17.265,8.452,30.412,,96.617,2.752,17.834,2.509
2024-01-16 10:00:00,2024-01-16 11:00:00,10001,Alphington,6.89,,29.054,,,14.644,-0.41,33.497,,97.637,2.859,18.191,2.56
2024-01-16 11:00:00,2024-01-16 12:00:00,10001,Alphington,6.801,,30.87,,,12.884,8.907,32.655,,101.989,2.77,17.954,2.497
2024-01-16 12:00:00,2024-01-16 13:00:00,10001,Alphington,7.611,,32.374,,,15.949,8.902,32.47,,93.634,2.785,20.999,2.518
2024-01-16 13:00:00,2024-01-16 14:00:00,10001,Alphington,8.025,,33.014,,,18.812,7.94,35.232,,95.274,2.838,22.674,2.531
2024-01-16 14:00:00,2024-01-16 15:00:00,10001,Alphington,8.261,,33.462,,,18.373,3.967,37.907,,94.739,2.803,20.629,2.406
2024-01-16 15:00:00,2024-01-16 16:00:00,10001,Alphington,8.946,0.119,33.485,2.894,31.233,17.734,2.864,28.296,-0.464,78.404,2.971,21.851,2.726
2024-01-16 16:00:00,2024-01-16 17:00:00,10001,Alphington,9.832,0.113,33.324,2.895,32.351,17.546,1.955,32.782,-0.301,88.128,3.192,21.566,2.859
2024-01-16 17:00:00,2024-01-16 18:00:00,10001,Alphington,10.356,0.118,32.342,2.616,33.809,19.958,8.082,27.787,-0.271,78.675,3.179,22.253,2.935
2024-01-16 18:00:00,2024-01-16 19:00:00,10001,Alphington,10.394,0.116,30.571,2.541,34.911,18.296,-0.425,34.872,-0.386,133.577,2.437,9.092,2.135
2024-01-16 19:00:00,2024-01-16 20:00:00,10001,Alphington,9.728,0.117,29.359,2.684,33.99,19.05,1.831,30.222,-0.179,105.131,2.337,14.417,2.123
2024-01-16 20:00:00,2024-01-16 21:00:00,10001,Alphington,9.262,0.122,28.214,3.713,31.935,19.247,2.762,20.45,-0.179,72.985,2.572,17.279,2.458
2024-01-16 21:00:00,2024-01-16 22:00:00,10001,Alphington,8.55,0.12,27.37,3.395,32.652,18.872,4.29,24.2,0.043,89.838,2.462,15.753,2.311
2024-01-16 22:00:00,2024-01-16 23:00:00,10001,Alphington,7.742,0.119,26.404,2.802,32.074,13.91,2.167,22.338,0.073,76.276,2.296,18.436,2.17
2024-01-16 23:00:00,2024-01-17 00:00:00,10001,Alphington,6.614,0.105,25.841,2.595,32.824,7.702,4.36,20.008,0.435,52.381,3.335,23.622,3.183
2024-01-17 00:00:00,2024-01-17 01:00:00,10001,Alphington,,,25.18,,,7.811,1.735,16.529,,52.661,2.216,19.066,2.137
2024-01-17 01:00:00,2024-01-17 02:00:00,10001,Alphington,3.909,0.094,24.609,1.402,32.342,8.513,2.727,22.437,0.34,68.215,3.141,18.198,2.979
2024-01-17 02:00:00,2024-01-17 03:00:00,10001,Alphington,3.313,0.104,23.97,1.596,31.161,7.79,-1.956,23.639,0.292,80.692,2.301,17.076,2.16
2024-01-17 03:00:00,2024-01-17 04:00:00,10001,Alphington,2.909,0.109,23.596,1.5,29.916,4.952,3.256,17.932,0.493,53.905,2.824,20.021,2.719
2024-01-17 04:00:00,2024-01-17 05:00:00,10001,Alphington,2.697,0.114,23.581,1.91,29.05,6.557,1.379,22.783,0.488,81.007,2.882,16.631,2.734
2024-01-17 05:00:00,2024-01-17 06:00:00,10001,Alphington,2.775,0.122,23.3,3.308,25.853,5.245,2.28,16.086,0.304,46.46,3.088,20.924,2.989
2024-01-17 06:00:00,2024-01-17 07:00:00,10001,Alphington,4.455,0.151,23.164,7.217,20.073,16.838,3.054,50.905,0.317,144.21,1.85,353.559,1.238
2024-01-17 07:00:00,2024-01-17 08:00:00,10001,Alphington,7.085,0.176,20.656,10.638,13.442,26.594,3.893,35.341,0.16,272.183,1.514,288.165,1.292
2024-01-17 08:00:00,2024-01-17 09:00:00,10001,Alphington,12.338,0.218,19.5,20.271,4.216,12.125,2.741,57.994,0.204,226.454,1.038,259.733,0.727
2024-01-17 09:00:00,2024-01-17 10:00:00,10001,Alphington,6.379,0.189,18.556,16.815,5.205,,4.798,24.227,0.107,242.013,1.806,241.93,1.666
2024-01-17 10:00:00,2024-01-17 11:00:00,10001,Alphington,4.592,0.16,17.968,8.662,10.123,0.783,0.555,25.775,0.036,221.302,2.054,220.67,1.896
2024-01-17 11:00:00,2024-01-17 12:00:00,10001,Alphington,12.903,0.155,17.694,6.898,11.841,5.013,6.499,24.168,-0.041,234.909,2.221,234.71,2.049
2024-01-17 12:00:00,2024-01-17 13:00:00,10001,Alphington,13.326,0.158,18.497,5.252,13.849,7.608,4.174,34.287,-0.166,208.977,1.514,212.998,1.322
2024-01-17 13:00:00,2024-01-17 14:00:00,10001,Alphington,17.012,0.141,20.204,3.761,18.81,6.498,1.807,36.66,0.066,179.347,1.541,182.669,1.291
2024-01-17 14:00:00,2024-01-17 15:00:00,10001,Alphington,22.333,0.136,21.288,2.698,22.022,16.238,1.216,28.105,0.193,182.159,2.085,185.302,1.893
2024-01-17 15:00:00,2024-01-17 16:00:00,10001,Alphington,21.582,0.144,21.971,2.037,19.515,19.216,7.799,36.327,0.137,190.05,2.165,195.626,1.836
2024-01-17 16:00:00,2024-01-17 17:00:00,10001,Alphington,17.868,,21.922,1.894,20.498,14.508,10.965,36.875,0.208,194.191,1.872,199.44,1.585
2024-01-17 17:00:00,2024-01-17 18:00:00,10001,Alphington,14.446,0.133,22.143,2.42,21.195,13.58,4.033,30.304,0.194,214.282,2.225,216.749,2.0
2024-01-17 18:00:00,2024-01-17 19:00:00,10001,Alphington,16.473,0.13,19.889,3.84,19.03,20.917,8.123,31.417,0.298,216.777,1.584,215.85,1.432
2024-01-17 19:00:00,2024-01-17 20:00:00,10001,Alphington,14.691,0.124,19.645,5.499,17.002,8.998,2.548,24.42,0.242,241.633,2.117,241.822,1.97
2024-01-17 20:00:00,2024-01-17 21:00:00,10001,Alphington,10.204,0.137,19.023,5.174,15.038,12.907,1.117,25.555,0.116,261.274,1.952,259.402,1.795
2024-01-17 21:00:00,2024-01-17 22:00:00,10001,Alphington,8.95,0.142,18.004,6.254,12.487,13.941,4.006,25.624,-0.076,261.5,1.822,262.267,1.675
2024-01-17 22:00:00,2024-01-17 23:00:00,10001,Alphington,6.501,0.108,17.183,5.044,12.91,10.073,3.452,22.595,-0.044,254.503,2.677,253.935,2.503
2024-01-17 23:00:00,2024-01-18 00:00:00,10001,Alphington,6.707,0.076,16.029,3.741,13.531,8.645,-0.631,25.228,-0.152,259.928,1.635,260.244,1.515
2024-01-18 00:00:00,2024-01-18 01:00:00,10001,Alphington,,,15.231,,,8.804,2.984,29.867,,267.946,1.203,269.381,1.084
2024-01-18 01:00:00,2024-01-18 02:00:00,10001,Alphington,7.084,0.066,14.892,1.83,13.722,8.909,3.089,25.51,-0.064,282.619,1.582,285.347,1.461
2024-01-18 02:00:00,2024-01-18 03:00:00,10001,Alphington,7.572,0.067,14.281,2.164,12.619,10.073,2.67,30.82,0.026,282.517,1.086,296.448,0.987
2024-01-18 03:00:00,2024-01-18 04:00:00,10001,Alphington,8.176,0.07,14.551,2.686,11.659,10.513,0.282,35.738,-0.186,271.806,0.933,309.236,0.811
2024-01-18 04:00:00,2024-01-18 05:00:00,10001,Alphington,11.497,0.073,14.22,3.189,11.683,14.226,5.894,33.101,-0.23,278.095,1.335,294.324,1.208
2024-01-18 05:00:00,2024-01-18 06:00:00,10001,Alphington,12.999,0.109,13.651,7.429,7.3,14.454,5.22,42.937,-0.204,238.964,0.729,326.155,0.584
2024-01-18 06:00:00,2024-01-18 07:00:00,10001,Alphington,15.539,0.129,14.718,9.716,6.294,17.009,2.73,50.103,-0.192,247.262,1.342,308.539,1.074
2024-01-18 07:00:00,2024-01-18 08:00:00,10001,Alphington,10.157,0.092,16.543,3.483,12.811,12.766,3.509,29.613,-0.233,273.533,3.021,275.536,2.706
2024-01-18 08:00:00,2024-01-18 09:00:00,10001,Alphington,7.202,0.085,17.915,2.428,14.541,11.989,4.911,27.782,-0.328,271.665,3.685,272.687,3.326
2024-01-18 09:00:00,2024-01-18 10:00:00,10001,Alphington,5.558,0.086,18.803,2.538,16.875,12.169,3.496,23.693,-0.214,262.138,3.732,262.437,3.455
2024-01-18 10:00:00,2024-01-18 11:00:00,10001,Alphington,4.689,0.082,19.237,1.94,18.314,9.971,3.038,26.977,-0.054,268.693,4.221,269.711,3.81
2024-01-18 11:00:00,2024-01-18 12:00:00,10001,Alphington,3.862,0.092,20.651,2.047,18.675,13.461,0.93,26.465,-0.155,266.358,4.299,266.939,3.923
2024-01-18 12:00:00,2024-01-18 13:00:00,10001,Alphington,4.034,0.089,20.919,2.249,20.056,10.729,2.245,27.055,-0.127,270.411,4.679,273.12,4.229
2024-01-18 13:00:00,2024-01-18 14:00:00,10001,Alphington,5.949,0.114,20.64,3.097,19.352,14.516,2.704,26.521,-0.074,259.171,3.843,259.541,3.483
2024-01-18 14:00:00,2024-01-18 15:00:00,10001,Alphington,8.803,0.096,22.317,3.211,20.114,15.668,-0.455,25.793,-0.14,253.066,4.458,254.224,4.077
2024-01-18 15:00:00,2024-01-18 16:00:00,10001,Alphington,12.005,0.093,22.06,3.464,20.328,20.689,3.7,25.133,-0.032,247.851,4.132,247.767,3.805
2024-01-18 16:00:00,2024-01-18 17:00:00,10001,Alphington,21.11,0.092,22.285,2.985,20.958,29.69,4.251,23.946,0.085,250.556,4.103,250.454,3.807
2024-01-18 17:00:00,2024-01-18 18:00:00,10001,Alphington,25.245,0.084,20.9,2.726,20.344,39.353,15.861,25.333,-0.033,250.444,4.142,250.336,3.802
2024-01-18 18:00:00,2024-01-18 19:00:00,10001,Alphington,23.601,0.081,18.864,2.545,17.101,34.584,9.886,24.409,-0.259,254.101,4.258,253.713,3.95
2024-01-18 19:00:00,2024-01-18 20:00:00,10001,Alphington,16.431,0.078,17.971,2.208,14.462,24.611,7.163,24.319,-0.194,260.499,3.467,261.1,3.198
2024-01-18 20:00:00,2024-01-18 21:00:00,10001,Alphington,11.954,0.077,17.291,2.376,13.226,18.413,6.758,24.864,-0.189,257.789,3.343,258.348,3.062
2024-01-18 21:00:00,2024-01-18 22:00:00,10001,Alphington,12.396,0.072,16.834,2.452,13.117,17.635,4.138,24.612,-0.199,261.516,2.851,261.746,2.619
2024-01-18 22:00:00,2024-01-18 23:00:00,10001,Alphington,14.052,0.074,16.633,3.378,12.232,17.847,4.579,25.74,-0.125,259.088,2.905,259.389,2.656
2024-01-18 23:00:00,2024-01-19 00:00:00,10001,Alphington,14.168,0.075,16.403,3.443,13.533,18.541,1.789,24.705,0.009,256.735,2.705,256.18,2.491
2024-01-19 00:00:00,2024-01-19 01:00:00,10001,Alphington,,,16.168,,,18.979,5.441,24.782,,264.34,2.506,264.865,2.314
2024-01-19 01:00:00,2024-01-19 02:00:00,10001,Alphington,14.024,0.075,16.022,2.37,13.821,17.391,4.925,24.335,0.271,253.424,2.446,252.646,2.262
2024-01-19 02:00:00,2024-01-19 03:00:00,10001,Alphington,15.543,0.075,15.884,2.805,13.47,20.003,5.529,26.47,0.215,263.555,2.14,264.188,1.946
2024-01-19 03:00:00,2024-01-19 04:00:00,10001,Alphington,14.218,0.076,15.601,2.288,14.243,20.722,8.438,25.772,0.104,260.086,2.378,260.896,2.181
2024-01-19 04:00:00,2024-01-19 05:00:00,10001,Alphington,10.54,0.082,14.843,2.549,13.987,15.897,7.046,25.851,0.142,266.789,2.526,267.85,2.304
2024-01-19 05:00:00,2024-01-19 06:00:00,10001,Alphington,8.23,0.095,14.886,5.029,11.372,16.829,3.7,25.905,0.273,257.565,2.346,257.818,2.144
2024-01-19 06:00:00,2024-01-19 07:00:00,10001,Alphington,7.43,0.115,15.288,8.875,8.047,10.596,-0.208,25.896,0.117,265.494,2.115,267.489,1.948
2024-01-19 07:00:00,2024-01-19 08:00:00,10001,Alphington,9.088,0.124,15.884,10.588,7.036,14.211,6.189,27.314,0.153,265.628,1.967,266.874,1.785
2024-01-19 08:00:00,2024-01-19 09:00:00,10001,Alphington,8.172,0.113,17.208,8.502,9.765,10.966,1.631,28.461,0.247,253.258,1.759,253.439,1.573
2024-01-19 09:00:00,2024-01-19 10:00:00,10001,Alphington,7.309,0.102,18.245,7.376,12.049,10.013,4.623,32.207,0.354,254.541,1.577,257.798,1.385
2024-01-19 10:00:00,2024-01-19 11:00:00,10001,Alphington,8.767,0.096,18.631,7.433,12.331,12.628,6.178,28.3,0.197,251.191,2.044,249.492,1.844
2024-01-19 11:00:00,2024-01-19 12:00:00,10001,Alphington,8.852,0.098,18.689,7.835,12.681,12.813,8.1,28.029,0.223,244.114,1.99,244.143,1.783
2024-01-19 12:00:00,2024-01-19 13:00:00,10001,Alphington,9.922,0.09,18.932,6.194,15.005,16.195,4.196,29.924,0.101,219.672,2.111,218.924,1.884
2024-01-19 13:00:00,2024-01-19 14:00:00,10001,Alphington,7.726,0.094,19.689,3.259,18.044,13.051,4.93,41.265,0.105,176.268,1.492,185.782,1.245
2024-01-19 14:00:00,2024-01-19 15:00:00,10001,Alphington,7.701,0.094,20.826,3.132,21.688,9.234,1.191,45.489,0.152,192.85,1.522,200.371,1.224
2024-01-19 15:00:00,2024-01-19 16:00:00,10001,Alphington,7.57,0.098,21.355,3.155,22.546,7.276,10.462,46.641,0.14,197.552,1.328,194.934,1.027
2024-01-19 16:00:00,2024-01-19 17:00:00,10001,Alphington,8.026,0.1,22.091,3.093,23.543,10.793,2.416,70.015,0.094,176.658,1.062,184.391,0.564
2024-01-19 17:00:00,2024-01-19 18:00:00,10001,Alphington,11.545,0.118,20.643,3.615,19.529,17.012,9.525,53.259,0.176,191.043,1.353,208.771,1.092
2024-01-19 18:00:00,2024-01-19 19:00:00,10001,Alphington,13.745,0.116,19.948,4.028,18.024,16.969,0.273,28.798,0.199,209.547,1.531,212.25,1.391
2024-01-19 19:00:00,2024-01-19 20:00:00,10001,Alphington,14.792,0.131,18.938,4.745,17.004,16.951,3.551,30.702,0.167,209.518,1.147,210.365,1.027
2024-01-19 20:00:00,2024-01-19 21:00:00,10001,Alphington,14.413,0.139,18.223,5.863,14.335,16.141,5.415,41.708,0.408,209.026,0.578,208.171,0.466
2024-01-19 21:00:00,2024-01-19 22:00:00,10001,Alphington,14.81,0.197,16.923,9.227,8.133,14.921,6.585,54.361,0.119,158.194,0.298,159.028,0.216
2024-01-19 22:00:00,2024-01-19 23:00:00,10001,Alphington,16.913,0.176,15.661,9.027,5.767,11.744,7.316,82.816,0.046,144.872,0.331,64.972,0.081
2024-01-19 23:00:00,2024-01-20 00:00:00,10001,Alphington,16.977,0.154,14.601,7.281,4.922,10.598,5.254,94.193,-0.174,163.817,0.315,312.235,0.034
2024-01-20 00:00:00,2024-01-20 01:00:00,10001,Alphington,,,14.151,,,8.946,5.396,95.274,,154.356,0.238,91.58,0.029
2024-01-20 01:00:00,2024-01-20 02:00:00,10001,Alphington,30.474,0.16,13.845,8.394,1.153,13.206,5.811,88.518,-0.217,207.092,0.288,300.162,0.11
2024-01-20 02:00:00,2024-01-20 03:00:00,10001,Alphington,19.251,0.146,13.728,5.942,2.188,9.96,10.141,49.181,-0.289,103.156,0.297,79.72,0.231
2024-01-20 03:00:00,2024-01-20 04:00:00,10001,Alphington,14.478,0.136,13.356,6.139,1.482,11.081,7.377,56.982,-0.138,105.829,0.301,64.639,0.211
2024-01-20 04:00:00,2024-01-20 05:00:00,10001,Alphington,13.93,0.15,13.43,5.515,0.532,11.922,1.232,34.804,-0.122,93.104,0.311,85.226,0.264
2024-01-20 05:00:00,2024-01-20 06:00:00,10001,Alphington,13.275,0.136,13.582,5.089,1.167,11.846,1.262,31.183,-0.189,71.721,0.439,62.318,0.386
2024-01-20 06:00:00,2024-01-20 07:00:00,10001,Alphington,13.51,0.132,14.219,4.49,2.239,13.013,4.667,27.224,-0.154,67.534,0.542,58.861,0.49
2024-01-20 07:00:00,2024-01-20 08:00:00,10001,Alphington,12.363,0.128,15.162,3.115,2.852,10.557,3.544,30.359,-0.228,70.689,0.711,60.202,0.634
2024-01-20 08:00:00,2024-01-20 09:00:00,10001,Alphington,11.841,0.138,16.712,2.752,3.966,12.305,0.41,31.342,-0.202,74.92,0.623,62.918,0.559
2024-01-20 09:00:00,2024-01-20 10:00:00,10001,Alphington,12.405,0.169,19.07,4.172,4.849,17.462,2.21,33.81,-0.177,72.853,0.675,61.728,0.588
2024-01-20 10:00:00,2024-01-20 11:00:00,10001,Alphington,10.438,0.161,22.584,4.427,15.201,11.935,5.156,42.103,-0.098,86.307,1.843,23.119,1.631
2024-01-20 11:00:00,2024-01-20 12:00:00,10001,Alphington,7.457,0.106,25.888,2.864,28.55,10.238,7.99,27.969,0.047,86.172,2.867,18.302,2.661
2024-01-20 12:00:00,2024-01-20 13:00:00,10001,Alphington,7.4,0.099,26.937,2.31,31.264,13.182,10.368,31.239,0.077,107.741,2.656,14.362,2.418
2024-01-20 13:00:00,2024-01-20 14:00:00,10001,Alphington,7.724,0.1,26.572,2.503,32.02,15.483,7.3,22.73,0.081,63.87,2.683,21.294,2.528
2024-01-20 14:00:00,2024-01-20 15:00:00,10001,Alphington,7.527,0.112,27.479,2.631,31.828,10.451,5.502,40.08,0.128,140.443,1.989,9.09,1.689
2024-01-20 15:00:00,2024-01-20 16:00:00,10001,Alphington,7.612,0.103,29.291,2.271,34.025,13.551,2.767,22.829,0.104,66.199,3.155,21.635,2.981
2024-01-20 16:00:00,2024-01-20 17:00:00,10001,Alphington,7.925,0.101,29.34,1.884,35.698,14.449,10.761,25.329,0.139,60.556,2.917,25.189,2.724
2024-01-20 17:00:00,2024-01-20 18:00:00,10001,Alphington,7.643,0.097,29.159,2.051,35.738,11.522,8.155,22.755,0.225,64.802,3.23,19.123,3.065
2024-01-20 18:00:00,2024-01-20 19:00:00,10001,Alphington,8.667,0.11,27.362,2.752,34.239,11.857,9.332,27.011,0.081,52.723,2.098,32.249,1.937
2024-01-20 19:00:00,2024-01-20 20:00:00,10001,Alphington,8.782,0.119,25.775,4.187,30.68,11.949,-0.385,26.82,0.302,55.394,1.19,41.574,1.092
2024-01-20 20:00:00,2024-01-20 21:00:00,10001,Alphington,7.794,0.123,24.321,3.834,30.664,13.967,3.739,31.583,0.337,62.745,0.92,41.955,0.83
2024-01-20 21:00:00,2024-01-20 22:00:00,10001,Alphington,7.727,0.137,22.82,5.316,27.942,14.645,-0.426,27.26,0.253,63.198,0.515,43.893,0.472
2024-01-20 22:00:00,2024-01-20 23:00:00,10001,Alphington,7.586,0.133,20.751,5.097,25.814,18.425,1.365,82.554,0.296,141.69,0.697,299.298,0.157
2024-01-20 23:00:00,2024-01-21 00:00:00,10001,Alphington,8.135,0.174,20.063,9.309,19.327,16.978,-0.489,66.568,-0.102,209.383,0.802,223.248,0.522
2024-01-21 00:00:00,2024-01-21 01:00:00,10001,Alphington,,,19.435,,,13.743,6.636,35.668,,249.609,0.883,252.714,0.779
2024-01-21 01:00:00,2024-01-21 02:00:00,10001,Alphington,10.54,0.119,20.357,7.238,22.168,21.606,5.063,30.269,-0.162,241.68,1.16,236.747,1.021
2024-01-21 02:00:00,2024-01-21 03:00:00,10001,Alphington,12.955,0.106,18.89,9.51,18.432,19.597,6.67,31.375,0.282,262.132,0.94,260.03,0.821
2024-01-21 03:00:00,2024-01-21 04:00:00,10001,Alphington,13.809,0.098,17.723,5.867,22.197,21.991,6.583,31.488,0.082,225.727,0.94,226.699,0.842
2024-01-21 04:00:00,2024-01-21 05:00:00,10001,Alphington,19.655,0.092,16.735,4.777,19.578,23.477,7.488,25.393,-0.169,256.331,1.75,255.48,1.605
2024-01-21 05:00:00,2024-01-21 06:00:00,10001,Alphington,25.538,0.094,16.245,6.142,14.601,23.454,3.331,29.76,-0.247,259.089,1.482,256.47,1.32
2024-01-21 06:00:00,2024-01-21 07:00:00,10001,Alphington,24.711,0.102,16.585,5.417,14.789,20.123,8.933,27.667,-0.456,282.997,1.334,286.53,1.216
2024-01-21 07:00:00,2024-01-21 08:00:00,10001,Alphington,23.773,0.102,17.567,5.479,15.164,20.146,6.932,30.034,-0.378,259.104,1.53,260.36,1.359
2024-01-21 08:00:00,2024-01-21 09:00:00,10001,Alphington,23.955,0.099,18.965,4.413,17.344,21.936,10.047,31.93,-0.174,236.931,2.016,235.585,1.752
2024-01-21 09:00:00,2024-01-21 10:00:00,10001,Alphington,22.648,0.099,19.983,2.902,19.425,17.352,8.591,30.849,-0.086,220.857,2.038,221.051,1.812
2024-01-21 10:00:00,2024-01-21 11:00:00,10001,Alphington,23.121,0.09,20.722,1.977,20.05,32.419,6.146,28.45,-0.186,210.694,2.798,211.156,2.56
2024-01-21 11:00:00,2024-01-21 12:00:00,10001,Alphington,28.617,0.108,18.503,1.98,18.382,28.085,11.871,25.078,-0.429,219.995,2.927,219.677,2.69
2024-01-21 12:00:00,2024-01-21 13:00:00,10001,Alphington,23.786,0.099,19.012,2.309,17.34,18.6,0.757,26.808,-0.318,219.247,3.031,220.951,2.776
2024-01-21 13:00:00,2024-01-21 14:00:00,10001,Alphington,24.224,0.106,18.752,1.902,15.895,20.18,8.164,26.256,-0.232,198.599,2.636,200.931,2.434
2024-01-21 14:00:00,2024-01-21 15:00:00,10001,Alphington,18.074,0.083,21.113,1.323,19.231,15.363,3.398,23.12,-0.178,191.805,3.488,194.553,3.275
2024-01-21 15:00:00,2024-01-21 16:00:00,10001,Alphington,11.244,0.078,21.87,0.947,18.422,9.967,10.756,24.135,-0.123,199.277,3.885,199.491,3.641
2024-01-21 16:00:00,2024-01-21 17:00:00,10001,Alphington,13.004,0.079,20.773,1.011,17.363,27.086,5.144,22.856,-0.044,195.228,3.361,196.446,3.163
2024-01-21 17:00:00,2024-01-21 18:00:00,10001,Alphington,11.072,0.075,20.035,1.105,16.394,15.969,4.018,23.517,-0.024,199.884,3.222,201.066,3.013
2024-01-21 18:00:00,2024-01-21 19:00:00,10001,Alphington,11.85,0.072,19.062,1.119,15.876,15.464,3.87,21.276,-0.174,186.704,3.313,190.658,3.145
